Affliction Phase 3,,,Value Credit: https://kristoferhh.github.io/WarlockSimulatorTBC/
,,Item,,,EPV,If Hit  Capped,Location,Phase,,,Stats
,,Head,,,,,,,,,,sp,int,hit,crit,haste,socket
,1,Cowl of the Illidari High Lord,Cowl of the Illidari High Lord,Epic,189.03,158.58,Black Temple,Illidan Stormrage,3,https://tbc.wowhead.com/item=32525,,64,31,21,47,,Meta,Blue
,2,Hood of the Malefic,Hood of the Malefic,Epic,175.02,151.82,Hyjal Summit,Archimonde,3,https://tbc.wowhead.com/item=31051,,63,36,16,32,,Meta,Yellow
,3,Destruction Holo-gogs,Destruction Holo-gogs,Epic,145.11,,Engineering,Crafted,2,https://tbc.wowhead.com/item=32494,,64,24,,29,,Meta,Blue
,4,Hood of the Corruptor,Hood of the Corruptor,Epic,141.30,,Serpentshrine Cavern,Lady Vashj,2,https://tbc.wowhead.com/item=30212,,55,33,,31,,Meta,Blue
,5,Cowl of the Grand Engineer,Cowl of the Grand Engineer,Epic,138.34,115.14,Tempest Keep,Void Reaver,2,https://tbc.wowhead.com/item=29986,,53,27,16,35,,Yellow,Yellow,Blue
,6,Vengeful Gladiator's Felweave Cowl,Vengeful Gladiator's Felweave Cowl,Epic,125.19,,Season 3,PvP,3,https://tbc.wowhead.com/item=33683,,47,15,,22,,Meta,Red
,7,Voidheart Crown,Voidheart Crown,Epic,122.25,,Karazhan,Prince Malchezaar,1,https://tbc.wowhead.com/item=28963,,40,36,,19,,Meta,Red
,8,Spellstrike Hood,Spellstrike Hood,Epic,120.68,97.48,Tailoring,Crafted,1,https://tbc.wowhead.com/item=24266,,46,12,16,24,,Blue,Yellow,Red
,9,Merciless Gladiator's Felweave Cowl,Merciless Gladiator's Felweave Cowl,Epic,116.83,,Season 2,PvP,2,https://tbc.wowhead.com/item=31980,,42,11,,18,,Meta,Red
,10,Gladiator's Felweave Cowl,Gladiator's Felweave Cowl,Epic,113.25,,Season 1,PvP,1,https://tbc.wowhead.com/item=30187,,37,15,,18,,Meta,Red
,11,Mana-Binders Cowl,Mana-Binders Cowl,Epic,112.25,,Badge of Justice,G'eras,1,https://tbc.wowhead.com/item=32089,,34,29,,15,,Yellow,Meta
,12,Vengeful Gladiator's Dreadweave Hood,Vengeful Gladiator's Dreadweave Hood,Epic,109.73,,Season 3,PvP,3,https://tbc.wowhead.com/item=33677,,42,25,,,,Meta,Red
,13,Incanter's Cowl,Incanter's Cowl,Rare,109.17,,Mechanar,Pathaleon the Calculator,1,https://tbc.wowhead.com/item=28278,,29,27,,19,,Yellow,Meta
,14,Hood of Oblivion,Hood of Oblivion,Rare,107.24,,Archatraz,Harbinger Skyriss,1,https://tbc.wowhead.com/item=28415,,40,32,,,,Blue,Meta
,15,Merciless Gladiator's Dreadweave Hood,Merciless Gladiator's Dreadweave Hood,Epic,102.68,,Season 2,PvP,2,https://tbc.wowhead.com/item=31974,,36,20,,,,Meta,Red
,,Neck,,,,,,,,,,sp,int,hit,crit,haste,socket
,1,Translucent Spellthread Necklace,Translucent Spellthread Necklace,Epic,79.03,57.28,Black Temple,Devourer of Souls,3,https://tbc.wowhead.com/item=32349,,46,,15,24
,2,Eye of the Night (GROUP BUFF),Eye of the Night (GROUP BUFF),Rare,70.71,47.51,Jewelcrafting,Crafted,1,https://tbc.wowhead.com/item=24116,,34,,16,26
,3,Vindicator's Pendant of Reprieve,Vindicator's Pendant of Reprieve,Epic,59.34,,Season 3,PvP,3,https://tbc.wowhead.com/item=35317,,17,16,,,23,Yellow
,4,The Sun King's Talisman,The Sun King's Talisman,Epic,57.60,,Tempest Keep,Kael'thas and the Verdant Sphere,2,https://tbc.wowhead.com/item=30015,,41,16,,24
,5,Vindicator's Pendant of Conquest,Vindicator's Pendant of Conquest,Epic,53.68,,Season 3,PvP,3,https://tbc.wowhead.com/item=33920,,25,15,,21,,Yellow
,6,Chain of the Twilight Owl (GROUP BUFF),Chain of the Twilight Owl (GROUP BUFF),Rare,52.26,,Jewelcrafting,Crafted,1,https://tbc.wowhead.com/item=24121,,21,19,,44.08
,7,Brooch of Unquenchable Fury,Brooch of Unquenchable Fury,Epic,51.98,30.23,Karazhan,Moroes,1,https://tbc.wowhead.com/item=28530,,26,21,15
,8,Ritssyn's Lost Pendant (Shadow),Ritssyn's Lost Pendant (Shadow),Epic,47.27,,Karazhan,Trash,1,https://tbc.wowhead.com/item=30666,,51
,9,Veteran's Pendant of Conquest,Veteran's Pendant of Conquest,Epic,47.21,,Season 2,PvP,2,https://tbc.wowhead.com/item=33067,,21,12,,18,,Yellow
,10,Vindicator's Pendant of Dominance,Vindicator's Pendant of Dominance,Epic,46.58,,Season 3,PvP,3,https://tbc.wowhead.com/item=33921,,30,20,,,,Yellow
,11,Brooch of Heightened Potential,Brooch of Heightened Potential,Rare,46.24,33.19,Shadow Labyrinth,Blackheart the Inciter,1,https://tbc.wowhead.com/item=28134,,22,14,9,14
,12,Adornment of Stolen Souls,Adornment of Stolen Souls,Epic,46.09,,Karazhan,Prince Malchezaar,1,https://tbc.wowhead.com/item=28762,,28,20,,23
,13,Hydra-fang Necklace,Hydra-fang Necklace,Rare,45.46,22.26,Underbog,Ghaz'an,1,https://tbc.wowhead.com/item=27758,,19,16,16
,14,Veteran's Pendant of Dominance,Veteran's Pendant of Dominance,Epic,41.71,,Season 2,PvP,2,https://tbc.wowhead.com/item=33065,,26,16,,,,Yellow
,15,Pendant of Dominance,Pendant of Dominance,Epic,40.59,,,PvP,1,https://tbc.wowhead.com/item=28245,,26,12,,,,Yellow
,,Shoulders,,,,,,,,,,sp,int,hit,crit,haste,socket
,1,Mantle of the Malefic,Mantle of the Malefic,Epic,111.64,81.19,Black Temple,Mother Shahraz,3,https://tbc.wowhead.com/item=31054,,46,22,21,13,,Blue,Yellow
,2,Blood-cursed Shoulderpads,Blood-cursed Shoulderpads,Epic,98.08,71.98,Black Temple,Gurtogg Bloodboil,3,https://tbc.wowhead.com/item=32338,,55,19,18,25
,3,Mantle of the Corruptor,Mantle of the Corruptor,Epic,96.70,70.60,Tempest Keep,Void Reaver,2,https://tbc.wowhead.com/item=30215,,41,24,18,,,Yellow,Yellow
,4,Hatefury Mantle,Hatefury Mantle,Epic,94.66,,Hyjal Summit,Anetheron,3,https://tbc.wowhead.com/item=30884,,55,18,,24,,Blue,Yellow
,5,Mantle of Nimble Thought,Mantle of Nimble Thought,Epic,91.46,,Tailoring,Crafted,3,https://tbc.wowhead.com/item=32587,,44,26,,,38
,6,Vengeful Gladiator's Dreadweave Mantle,Vengeful Gladiator's Dreadweave Mantle,Epic,88.28,65.08,Season 3,PvP,3,https://tbc.wowhead.com/item=33679,,40,13,16,,,Blue,Yellow
,7,Voidheart Mantle,Voidheart Mantle,Epic,84.72,64.42,Gruul's Lair,High King Maulgar,1,https://tbc.wowhead.com/item=28967,,37,22,14,,,Blue,Yellow
,8,Mantle of the Elven Kings,Mantle of the Elven Kings,Epic,83.15,57.05,Tempest Keep,Trash,2,https://tbc.wowhead.com/item=30024,,39,18,18,25
,9,Merciless Gladiator's Dreadweave Mantle,Merciless Gladiator's Dreadweave Mantle,Epic,79.34,60.49,Season 2,PvP,2,https://tbc.wowhead.com/item=31976,,36,10,13,,,Blue,Yellow
,10,Illidari Shoulderpads,Illidari Shoulderpads,Epic,78.46,,Serpentshrine Cavern,Morogrim Tidewalker,2,https://tbc.wowhead.com/item=30079,,39,23,,16,,Yellow,Yellow
,11,Vengeful Gladiator's Felweave Amice,Vengeful Gladiator's Felweave Amice,Epic,75.76,,Season 3,PvP,3,https://tbc.wowhead.com/item=33682,,40,13,,17,,Blue,Yellow
,12,Gladiator's Dreadweave Mantle,Gladiator's Dreadweave Mantle,Epic,75.28,57.88,Season 1,PvP,1,https://tbc.wowhead.com/item=24554,,32,14,12,,,Blue,Yellow
,13,Frozen Shadoweave Shoulders (Shadow/Frost),Frozen Shadoweave Shoulders (Shadow/Frost),Epic,74.29,,Tailoring,Crafted,1,https://tbc.wowhead.com/item=21869,,50,15,,,,Yellow,Blue
,14,Merciless Gladiator's Felweave Amice,Merciless Gladiator's Felweave Amice,Epic,69.28,,Season 2,PvP,2,https://tbc.wowhead.com/item=31979,,36,10,,14,,Blue,Yellow
,15,Gladiator's Felweave Amice,Gladiator's Felweave Amice,Epic,65.41,,Season 1,PvP,1,https://tbc.wowhead.com/item=30186,,32,14,,12,,Blue,Yellow
,,Back,,,,,,,,,,sp,int,hit,crit,haste,socket
,1,Nethervoid Cloak (Shadow),Nethervoid Cloak (Shadow),Epic,80.33,54.23,Hyjal Summit,Trash,3,https://tbc.wowhead.com/item=32590,,53,18,18
,2,Shroud of the Highborne,Shroud of the Highborne,Epic,64.29,,Black Temple,Illidan Stormrage,3,https://tbc.wowhead.com/item=32524,,23,23,,,32
,3,Ruby Drape of the Mysticant,Ruby Drape of the Mysticant,Epic,59.96,33.86,Karazhan,Prince Malchezaar,1,https://tbc.wowhead.com/item=28766,,30,21,18
,4,Cloak of the Illidari Council,Cloak of the Illidari Council,Epic,59.18,,Black Temple,High Nethermancer Zerevor,3,https://tbc.wowhead.com/item=32331,,42,16,,25
,5,Ancient Spellcloak of the Highborne,Ancient Spellcloak of the Highborne,Epic,49.18,,Hellfire Peninsula,Doom Lord Kazzak,1,https://tbc.wowhead.com/item=30735,,36,15,,19
,6,Cloak of the Necropolis,Cloak of the Necropolis,Epic,47.57,35.97,Naxxramas,Sapphiron,1,https://tbc.wowhead.com/item=23050,,26,11,8,14
,7,Royal Cloak of the Sunstriders,Royal Cloak of the Sunstriders,Epic,47.09,,Tempest Keep,Kael'thas Sunstrider,2,https://tbc.wowhead.com/item=29992,,44,22
,8,Brute Cloak of the Ogre-Magi,Brute Cloak of the Ogre-Magi,Epic,46.09,,Gruul's Lair,High King Maulgar,1,https://tbc.wowhead.com/item=28797,,28,20,,23
,9,Illidari Cloak of Wrath,Illidari Cloak of Wrath,Rare,43.15,,,World Drop,1,https://tbc.wowhead.com/item=31201,,47
,10,Sethekk Oracle Cloak,Sethekk Oracle Cloak,Rare,43.00,25.60,Sethekk Halls,Talon King Ikiss,1,https://tbc.wowhead.com/item=27981,,22,18,12
,11,Cloak of the Devoured,Cloak of the Devoured,Epic,42.16,30.56,Classic,,0,https://tbc.wowhead.com/item=22731,,30,10,8
,12,Cloak of Entropy,Cloak of Entropy,Rare,40.54,26.04,,World Drop,1,https://tbc.wowhead.com/item=31140,,25,11,10
,13,Ambusher's Cloak of Wrath,Ambusher's Cloak of Wrath,Uncommon,38.56,,,World Drop,1,https://tbc.wowhead.com/item=25041,,42
,14,Shadow-Cloak of Dalaran,Shadow-Cloak of Dalaran,Epic,38.47,,Karazhan,Moroes,1,https://tbc.wowhead.com/item=28570,,36,18
,15,Shawl of Shifting Probabilities,Shawl of Shifting Probabilities,Epic,37.91,,Badge of Justice,G'eras,1,https://tbc.wowhead.com/item=29369,,21,16,,22
,,Chest,,,,,,,,,,sp,int,hit,crit,haste,socket
,1,Vestments of the Sea-Witch,Vestments of the Sea-Witch,Epic,155.85,116.70,Serpentshrine Cavern,Lady Vashj,2,https://tbc.wowhead.com/item=30107,,57,28,27,31,,Yellow,Yellow,Blue
,2,Robe of the Malefic,Robe of the Malefic,Epic,144.37,103.77,Black Temple,Illidan Stormrage,3,https://tbc.wowhead.com/item=31052,,63,29,28,,,Yellow,Yellow,Blue
,3,Robes of Rhonin,Robes of Rhonin,Epic,140.28,101.13,Hyjal Summit,Archimonde,3,https://tbc.wowhead.com/item=30913,,81,38,27,24
,4,Robe of the Corruptor,Robe of the Corruptor,Epic,132.30,98.95,Tempest Keep,Kael'thas Sunstrider,2,https://tbc.wowhead.com/item=30214,,55,33,23,,,Yellow,Yellow,Yellow
,5,Robe of Hateful Echoes,Robe of Hateful Echoes,Epic,110.61,,Serpentshrine Cavern,Hydross the Unstable,2,https://tbc.wowhead.com/item=30056,,50,36,,25,,Red,Yellow,Yellow
,6,Voidheart Robe,Voidheart Robe,Epic,105.75,86.90,Magtheridon's Lair,Magtheridon,1,https://tbc.wowhead.com/item=28964,,42,33,13,,,Yellow,Yellow,Red
,7,Auchenai Anchorite's Robe,Auchenai Anchorite's Robe,Rare,104.07,70.72,Terokkar Forest,Everything Will Be Alright,1,https://tbc.wowhead.com/item=29341,,28,24,23,,,Yellow,Yellow,Red
,8,Vengeful Gladiator's Felweave Raiment,Vengeful Gladiator's Felweave Raiment,Epic,100.14,,Season 3,PvP,3,https://tbc.wowhead.com/item=33685,,39,15,,33,,Red,Yellow,Yellow
,9,Frozen Shadoweave Robe (Shadow/Frost),Frozen Shadoweave Robe (Shadow/Frost),Epic,96.06,,Tailoring,Crafted,1,https://tbc.wowhead.com/item=21871,,72,20,,,,Yellow,Blue
,10,Robe of the Crimson Order,Robe of the Crimson Order,Rare,95.86,52.36,,,1,https://tbc.wowhead.com/item=31297,,50,23,30
,11,Robe of the Shadow Council,Robe of the Shadow Council,Epic,95.39,,Black Temple,Teron Gorefiend,3,https://tbc.wowhead.com/item=32327,,73,36,,28
,12,Merciless Gladiator's Felweave Raiment,Merciless Gladiator's Felweave Raiment,Epic,93.67,,Season 2,PvP,2,https://tbc.wowhead.com/item=31982,,35,12,,30,,Red,Yellow,Yellow
,13,Vengeful Gladiator's Dreadweave Robe,Vengeful Gladiator's Dreadweave Robe,Epic,91.50,,Season 3,PvP,3,https://tbc.wowhead.com/item=33680,,50,21,,,,Red,Yellow,Yellow
,14,Gladiator's Felweave Raiment,Gladiator's Felweave Raiment,Epic,90.04,,Season 1,PvP,1,https://tbc.wowhead.com/item=30200,,32,16,,27,,Red,Yellow,Yellow
,15,Warp Infused Drape,Warp Infused Drape,Rare,89.85,72.45,Botanica,Warp Splinter,1,https://tbc.wowhead.com/item=28342,,30,28,12,,,Red,Blue,Yellow
,,Wrist,,,,,,,,,,sp,int,hit,crit,haste,socket
,1,Focused Mana Bindings,Focused Mana Bindings,Epic,72.24,44.69,Black Temple,Shade of Akama,3,https://tbc.wowhead.com/item=32270,,42,20,19
,2,Bracers of Nimble Thought,Bracers of Nimble Thought,Epic,69.07,,Tailoring,Crafted,3,https://tbc.wowhead.com/item=32586,,34,20,,,28
,3,Cuffs of Devastation,Cuffs of Devastation,Epic,58.79,,Hyjal Summit,Rage Winterchill,3,https://tbc.wowhead.com/item=30870,,34,20,,14,,Yellow
,4,Ravager's Cuffs of Wrath,Ravager's Cuffs of Wrath,Epic,54.16,,Karazhan,Rokad the Ravager,1,https://tbc.wowhead.com/item=30684/ravagers-cuffs,,59
,5,Vindicator's Silk Cuffs,Vindicator's Silk Cuffs,Epic,53.68,,Season 3,PvP,3,https://tbc.wowhead.com/item=33913,,27,22,,15,,Yellow
,6,Mindstorm Wristbands,Mindstorm Wristbands,Epic,51.37,,Tempest Keep,Al'ar,2,https://tbc.wowhead.com/item=29918,,36,13,,23
,7,Veteran's Silk Cuffs,Veteran's Silk Cuffs,Epic,47.27,,Season 2,PvP,2,https://tbc.wowhead.com/item=32820,,22,18,,14,,Yellow
,8,Crystalweave Bracers,Crystalweave Bracers,Epic,45.89,,Tailoring,Crafted,2,https://tbc.wowhead.com/item=32655,,23,16,,12,,Red
,9,Vindicator's Dreadweave Cuffs,Vindicator's Dreadweave Cuffs,Epic,45.65,,Season 3,PvP,3,https://tbc.wowhead.com/item=33883,,29,20,,,,Yellow
,10,General's Silk Cuffs,General's Silk Cuffs,Epic,43.84,,Season 1,PvP,1,https://tbc.wowhead.com/item=28411,,20,17,,12,,Yellow
,11,Marshal's Silk Cuffs,Marshal's Silk Cuffs,Epic,43.84,,,PvP,1,https://tbc.wowhead.com/item=29002,,20,17,,12,,Yellow
,12,Bracers of Havok,Bracers of Havok,Rare,43.67,,Tailoring,Crafted,1,https://tbc.wowhead.com/item=24250,,30,12,,,,Yellow
,13,Illidari Bindings of Wrath,Illidari Bindings of Wrath,Rare,43.15,,Shadowmoon Valley,Ambassador Jerrikar,1,https://tbc.wowhead.com/item=31225/illidari-bindings,,47
,14,Crimson Bracers of Gloom,Crimson Bracers of Gloom,Rare,43.00,25.60,Hellfire Ramparts,Omor the Unscarred,1,https://tbc.wowhead.com/item=27462,,22,18,12
,15,Ravager's Cuffs of the Invoker,Ravager's Cuffs of the Invoker,Epic,42.93,,Karazhan,Rokad the Ravager,1,https://tbc.wowhead.com/item=30684/ravagers-cuffs,,25,22,,22
,,Hands,,,,,,,,,,sp,int,hit,crit,haste,socket
,1,Anger-Spark Gloves,Anger-Spark Gloves,Epic,97.73,68.73,Shadowmoon Valley,Doomwalker,1,https://tbc.wowhead.com/item=30725,,30,,20,25,,Red,Red
,2,Gloves of the Malefic,Gloves of the Malefic,Epic,91.52,75.57,Hyjal Summit,Azgalor,3,https://tbc.wowhead.com/item=31050,,46,27,11,19,,Yellow
,3,Handwraps of Flowing Thought,Handwraps of Flowing Thought,Epic,82.84,62.54,Karazhan,Attumen the Huntsman,1,https://tbc.wowhead.com/item=28507,,35,22,14,,,Yellow,Blue
,4,Soul-Eater's Handwraps,Soul-Eater's Handwraps,Epic,77.32,,Magtheridon's Lair,Magtheridon,1,https://tbc.wowhead.com/item=28780,,36,24,,21,,Yellow,Blue
,5,Manaspark Gloves,Manaspark Gloves,Rare,66.15,44.40,The Underbog,Hungarfen,1,https://tbc.wowhead.com/item=24450,,16,14,15,,,Red,Yellow
,6,Gauntlets of the Sun King,Gauntlets of the Sun King,Epic,64.79,,Tempest Keep,Kael'thas Sunstrider,2,https://tbc.wowhead.com/item=29987,,42,29,,28
,7,Gloves of the Corruptor,Gloves of the Corruptor,Epic,61.93,,Serpentshrine Cavern,Leotheras the Blind,2,https://tbc.wowhead.com/item=30211,,42,24,,25
,8,Gloves of the Deadwatcher,Gloves of the Deadwatcher,Rare,59.92,33.82,Auchenai Crypts,Shirrak the Dead Watcher,1,https://tbc.wowhead.com/item=27493,,29,24,18
,9,Gloves of Oblivion,Gloves of Oblivion,Rare,59.40,30.40,Shattered Halls,Warchief Kargath Bladefist,1,https://tbc.wowhead.com/item=27537,,26,21,20
,10,Mana-Etched Gloves,Mana-Etched Gloves,Rare,59.16,,Hellfire Ramparts,Omor the Unscarred,1,https://tbc.wowhead.com/item=27465,,20,17,,16,,Red,Yellow
,11,Vengeful Gladiator's Felweave Handguards,Vengeful Gladiator's Felweave Handguards,Epic,56.52,,Season 3,PvP,3,https://tbc.wowhead.com/item=33684,,40,18,,22
,12,Gloves of Pandemonium,Gloves of Pandemonium,Rare,55.46,40.96,,World Drop,1,https://tbc.wowhead.com/item=31149,,25,15,10,22
,13,Voidheart Gloves,Voidheart Gloves,Epic,54.44,,Karazhan,The Curator,1,https://tbc.wowhead.com/item=28968,,35,28,,22
,14,Tempest's Touch,Tempest's Touch,Rare,52.63,,,Return to Andormu,1,https://tbc.wowhead.com/item=29317,,27,20,,,,Blue,Blue
,15,Dark Storm Gauntlets,Dark Storm Gauntlets,Epic,50.14,38.54,Classic,,0,https://tbc.wowhead.com/item=21585,,37,15,8
,,Waist,,,,,,,,,,sp,int,hit,crit,haste,socket
,1,Belt of Blasting,Belt of Blasting,Epic,121.83,88.48,Tailoring,Crafted,2,https://tbc.wowhead.com/item=30038,,50,,23,30,,Blue,Yellow
,2,Cord of Screaming Terrors,Cord of Screaming Terrors,Epic,111.08,76.28,Serpentshrine Cavern,The Lurker Below,2,https://tbc.wowhead.com/item=30064,,50,15,24,,,Yellow,Yellow
,3,Anetheron's Noose,Anetheron's Noose,Epic,96.19,,Hyjal Summit,Anetheron,3,https://tbc.wowhead.com/item=30888,,55,23,,24,,Yellow,Blue
,4,Waistwrap of Infinity,Waistwrap of Infinity,Epic,94.44,,Black Temple,Supremus,3,https://tbc.wowhead.com/item=32256,,56,22,,,32
,5,Girdle of Ruination,Girdle of Ruination,Epic,77.85,,Tailoring,Crafted,1,https://tbc.wowhead.com/item=24256,,39,13,,20,,Red,Yellow
,6,Lurker's Cord of the Wrath,Lurker's Cord of the Wrath,Epic,72.52,,Karazhan,Hyakiss the Lurker,1,https://tbc.wowhead.com/item=30675/lurkers-cord,,79
,7,Belt of Divine Inspiration,Belt of Divine Inspiration,Epic,71.07,,Gruul's Lair,High King Maulgar,1,https://tbc.wowhead.com/item=28799,,43,26,,,,Yellow,Blue
,8,Glyph-Lined Sash,Glyph-Lined Sash,Rare,65.56,,Mana-Tombs,Nexus-Prince Shaffar,1,https://tbc.wowhead.com/item=27843,,30,23,,9,,Yellow,Yellow
,9,Belt of Depravity,Belt of Depravity,Epic,64.04,39.39,Arcatraz,Harbinger Skyriss,1,https://tbc.wowhead.com/item=29241,,34,27,17
,10,Vindicator's Silk Belt,Vindicator's Silk Belt,Epic,58.93,,Season 3,PvP,3,https://tbc.wowhead.com/item=33912,,35,30,,28
,11,Lurker's Cord of Invoker,Lurker's Cord of Invoker,Epic,57.54,,Karazhan,Hyakiss the Lurker,1,https://tbc.wowhead.com/item=30675/lurkers-cord,,34,29,,29
,12,Malefic Girdle,Malefic Girdle,Epic,54.95,,Karazhan,Terestian Illhoof,1,https://tbc.wowhead.com/item=28654,,37,26,,21
,13,Veteran's Silk Belt,Veteran's Silk Belt,Epic,54.63,,Season 2,PvP,2,https://tbc.wowhead.com/item=32807,,32,27,,27
,14,Sash of Serpentra,Sash of Serpentra,Rare,54.09,29.44,Steamvault,Warlord Kalithresh,1,https://tbc.wowhead.com/item=27795,,25,21,17
,15,Mindfire Waistband,Mindfire Waistband,Rare,54.07,,Blood Furnace,Keli'dan the Breaker,1,https://tbc.wowhead.com/item=24395,,21,14,,11,,Yellow,Blue
,,Ring,,,,,,,,,,sp,int,hit,crit,haste,socket
,1,Ring of Captured Storms,Ring of Captured Storms,Epic,84.29,56.74,Black Temple,High Warlord Naj'entus,3,https://tbc.wowhead.com/item=32247,,42,,19,29
,2,Ring of Ancient Knowledge,Ring of Ancient Knowledge,Epic,77.12,,Black Temple,Trash,3,https://tbc.wowhead.com/item=32527,,39,20,,,31
,3,Band of the Eternal Sage,Band of the Eternal Sage,Epic,67.59,,Tanaris,Sage's Covenant,3,https://tbc.wowhead.com/item=29305,,49,25,,24
,4,Blessed Band of Karabor,Blessed Band of Karabor,Epic,64.54,,Black Temple,Trash,3,https://tbc.wowhead.com/item=32528,,25,20,,,30
,5,Band of Crimson Fury,Band of Crimson Fury,Epic,55.50,32.30,Magtheridon's Lair,The Fall of Magtheridon,1,https://tbc.wowhead.com/item=28793,,28,22,16
,6,Band of Eternity (revered),Band of Eternity (revered),Epic,53.82,,Tanaris,Sage's Oath,3,https://tbc.wowhead.com/item=29304,,34,25,,24
,7,Ashyen's Gift,Ashyen's Gift,Epic,52.13,21.68,Cenarion Expedition,Exalted,1,https://tbc.wowhead.com/item=29172,,23,,21
,8,Band of Eternity (honored),Band of Eternity (honored),Epic,50.11,,Tanaris,Sage's Vow,3,https://tbc.wowhead.com/item=29303,,32,23,,22
,9,Ring of Endless Coils,Ring of Endless Coils,Epic,48.35,,Serpentshrine Cavern,Lady Vashj,2,https://tbc.wowhead.com/item=30109,,37,,,22
,10,Sparking Arcanite Ring,Sparking Arcanite Ring,Rare,47.66,33.16,Old Hillsbrad Foothills,Epoch Hunter,1,https://tbc.wowhead.com/item=28227,,22,14,10,14
,11,Ring of the Fallen God,Ring of the Fallen God,Epic,47.35,35.75,Classic,,0,https://tbc.wowhead.com/item=21709,,37,6,8
,12,Band of Eternity (friendly),Band of Eternity (friendly),Epic,46.43,,Tanaris,Sage's Pledge,2,https://tbc.wowhead.com/item=29302,,29,22,,21
,13,Ring of Recurrence,Ring of Recurrence,Epic,45.79,,Karazhan,Chess Event,1,https://tbc.wowhead.com/item=28753,,32,15,,19
,14,Band of the Inevitable,Band of the Inevitable,Epic,44.65,33.05,Naxxramas,Noth the Plaguebringer,1,https://tbc.wowhead.com/item=23031,,36,,8
,15,Violet Signet of the Archmage,Violet Signet of the Archmage,Epic,44.20,,Deadwind Pass,Eminence Among the Violet Eye,1,https://tbc.wowhead.com/item=29287,,29,23,,17
,,Legs,,,,,,,,,,sp,int,hit,crit,haste,socket
,1,Leggings of Channeled Elements,Leggings of Channeled Elements,Epic,146.46,120.36,Hyjal Summit,Kaz'rogal,3,https://tbc.wowhead.com/item=30916,,59,28,18,34,,Yellow,Yellow,Blue
,2,Leggings of Devastation,Leggings of Devastation,Epic,141.87,104.17,Black Temple,Mother Shahraz,3,https://tbc.wowhead.com/item=32367,,60,42,26,,,Yellow,Yellow,Blue
,3,Leggings of the Malefic,Leggings of the Malefic,Epic,133.83,106.28,Black Temple,Illidari Council,3,https://tbc.wowhead.com/item=31053,,62,44,19,37,,Yellow
,4,Leggings of the Seventh Circle,Leggings of the Seventh Circle,Epic,132.13,106.03,Hellfire Peninsula,Doom Lord Kazzak,1,https://tbc.wowhead.com/item=30734,,50,22,18,25,,Red,Yellow,Yellow
,5,Spellstrike Pants,Spellstrike Pants,Epic,129.44,97.54,Tailoring,Crafted,1,https://tbc.wowhead.com/item=24262,,46,8,22,26,,Blue,Yellow,Red
,6,Leggings of the Corruptor,Leggings of the Corruptor,Epic,128.02,93.22,Serpentshrine Cavern,Fathom-Lord Karathress,2,https://tbc.wowhead.com/item=30213,,55,32,24,32,,Yellow
,7,Voidheart Leggings,Voidheart Leggings,Epic,96.78,72.13,Gruul's Lair,Gruul the Dragonkiller,1,https://tbc.wowhead.com/item=28966,,49,38,17,25
,8,Trousers of the Astromancer,Trousers of the Astromancer,Epic,95.11,,Tempest Keep,High Astromancer Solarian,2,https://tbc.wowhead.com/item=29972,,54,36,,,,Blue,Yellow,Blue
,9,Breeches of the Occultist,Breeches of the Occultist,Epic,90.89,,Black Morass,Aeonus,1,https://tbc.wowhead.com/item=30531,,36,22,,23,,Blue,Yellow,Yellow
,10,Aran's Sorcerous Slacks,Aran's Sorcerous Slacks,Rare,79.23,,Old Hillsbrad Foothills,Lieutenant Drake,1,https://tbc.wowhead.com/item=28212,,23,28,,21,,Red,Yellow,Blue
,11,Kirin Tor Master's Trousers,Kirin Tor Master's Trousers,Epic,78.24,,Shadow Labyrinth,Murmur,1,https://tbc.wowhead.com/item=30532,,36,29,,,,Red,Yellow,Blue
,12,Vengeful Gladiator's Felweave Trousers,Vengeful Gladiator's Felweave Trousers,Epic,77.36,,Season 3,PvP,3,https://tbc.wowhead.com/item=33686,,53,24,,33
,13,Khadgar's Kilt of Abjuration,Khadgar's Kilt of Abjuration,Rare,74.40,,Black Morass,Temporus,1,https://tbc.wowhead.com/item=28185,,36,22,,,,Yellow,Blue,Blue
,14,Battlecast Pants,Battlecast Pants,Epic,74.39,,Tailoring,Crafted,1,https://tbc.wowhead.com/item=24263,,46,27,,,,Red,Blue
,15,Devil-Stitched Leggings,Devil-Stitched Leggings,Rare,71.63,,Botanica,Laj,1,https://tbc.wowhead.com/item=28338,,29,28,,,,Red,Yellow,Blue
,,Feet,,,,,,,,,,sp,int,hit,crit,haste,socket
,1,Slippers of the Seacaller,Slippers of the Seacaller,Epic,87.88,,Black Temple,High Warlord Naj'entus,3,https://tbc.wowhead.com/item=32239,,44,18,,29,,Yellow,Blue
,2,Boots of the Shifting Nightmare (Shadow),Boots of the Shifting Nightmare (Shadow),Epic,87.22,61.12,Serpentshrine Cavern,Hydross the Unstable,2,https://tbc.wowhead.com/item=30050,,59,22,18
,3,Blue Suede Shoes,Blue Suede Shoes,Epic,87.20,61.10,Hyjal Summit,Kaz'rogal,3,https://tbc.wowhead.com/item=30894,,56,32,18
,4,Boots of Blasting,Boots of Blasting,Epic,85.08,58.98,Tailoring,Crafted,2,https://tbc.wowhead.com/item=30037,,39,25,18,25
,5,Frozen Shadoweave Boots (Shadow/Frost),Frozen Shadoweave Boots (Shadow/Frost),Epic,78.91,,Tailoring,Crafted,1,https://tbc.wowhead.com/item=21870,,57,9,,,,Yellow,Blue
,6,Glider's Foot-Wraps of Wrath,Glider's Foot-Wraps of Wrath,Epic,72.52,,Karazhan,Shadikith the Glider,1,https://tbc.wowhead.com/item=30680/gliders-foot-wraps,,79
,7,Boots of Foretelling,Boots of Foretelling,Epic,68.27,,Karazhan,Maiden of Virtue,1,https://tbc.wowhead.com/item=28517,,26,23,,19,,Red,Yellow
,8,Velvet Boots of the Guardian,Velvet Boots of the Guardian,Epic,66.33,,Serpentshrine Cavern,The Lurker Below,2,https://tbc.wowhead.com/item=30067,,49,21,,24
,9,Ruby Slippers,Ruby Slippers,Epic,64.11,40.91,Karazhan,The Crone,1,https://tbc.wowhead.com/item=28585,,35,29,16
,10,Sigil-Laced Boots,Sigil-Laced Boots,Rare,60.05,,Arcatraz,Harbinger Skyriss,1,https://tbc.wowhead.com/item=28406,,20,18,,17,,Red,Yellow
,11,Vindicator's Silk Footguards,Vindicator's Silk Footguards,Epic,58.93,,Season 3,PvP,3,https://tbc.wowhead.com/item=33914,,35,30,,28
,12,Glider's Foot-Wraps of the Invoker,Glider's Foot-Wraps of the Invoker,Epic,57.54,,Karazhan,Shadikith the Glider,1,https://tbc.wowhead.com/item=30680/gliders-foot-wraps,,34,29,,29
,13,Shalassi Oracle's Sandals,Shalassi Oracle's Sandals,Rare,57.35,,,Rescue Deirom!,1,https://tbc.wowhead.com/item=25970,,18,21,,15,,Red,Yellow
,14,Shattrath Jumpers,Shattrath Jumpers,Rare,55.65,,,Into the Heart of the Labyrinth,1,https://tbc.wowhead.com/item=28179,,29,17,,,,Blue,Yellow
,15,Extravagant Boots of Malice,Extravagant Boots of Malice,Rare,55.10,34.80,Mana-Tombs,Tavarok,1,https://tbc.wowhead.com/item=27821,,30,24,14
,,Trinket,,,,,,,,,,sp,int,hit,crit,haste,socket
,1,The Skull of Gul'dan,The Skull of Gul'dan,Epic,119.60,83.35,Black Temple,Illidan Stormrage,3,https://tbc.wowhead.com/item=32483,,55,,25,,29
,2,Quagmirran's Eye,Quagmirran's Eye,Rare,79.29,,Slave Pens,Quagmirran,1,https://tbc.wowhead.com/item=27683,,37,,,,40
,3,Sextant of Unstable Currents,Sextant of Unstable Currents,Epic,79.24,,Serpentshrine Cavern,Fathom-Lord Karathress,2,https://tbc.wowhead.com/item=30626,,59,,,40
,4,Mark of the Champion (undead/demon),Mark of the Champion (undead/demon),Epic,78.03,,Naxxramas,The Fall of Kel'Thuzad,1,https://tbc.wowhead.com/item=23207,,85
,5,Darkmoon Card: Crusade,Darkmoon Card: Crusade,Epic,73.44,,Darkmoon Faire,,2,https://tbc.wowhead.com/item=31856,,80
,6,Scryer's Bloodgem,Scryer's Bloodgem,Rare,69.35,22.95,The Scryers,Revered,1,https://tbc.wowhead.com/item=29132,,25,,32
,7,Eye of Magtheridon,Eye of Magtheridon,Epic,65.18,,Magtheridon's Lair,Magtheridon,1,https://tbc.wowhead.com/item=28789,,71
,8,Neltharion's Tear,Neltharion's Tear,Epic,63.59,40.39,Classic,,0,https://tbc.wowhead.com/item=19379,,44,,16
,9,Icon of the Silver Crescent,Icon of the Silver Crescent,Epic,63.34,,Badge of Justice,G'eras,1,https://tbc.wowhead.com/item=29370,,69
,10,Dark Iron Smoking Pipe,Dark Iron Smoking Pipe,Epic,63.19,,,,3,https://tbc.wowhead.com/item=38290,,68.83333333
,11,Arcanist's Stone,Arcanist's Stone,Rare,62.87,26.62,Old Hillsbrad Foothills,Epoch Hunter,1,https://tbc.wowhead.com/item=28223,,29,,25
,12,The Restrained Essence of Sapphiron,The Restrained Essence of Sapphiron,Epic,56.92,,Naxxramas,Sapphiron,0,https://tbc.wowhead.com/item=23046,,62
,13,Starkiller's Bauble,Starkiller's Bauble,Uncommon,56.82,19.12,,The Horrors of Pollution,0,https://tbc.wowhead.com/item=30340,,20.83,,26
,14,Shiffar's Nexus-Horn,Shiffar's Nexus-Horn,Rare,56.45,,Arcatraz,Harbinger Skyriss,1,https://tbc.wowhead.com/item=28418,,41,,,30
,15,Terokkar Tablet of Vim,Terokkar Tablet of Vim,Uncommon,44.75,12.85,Terokkar Forest,Torgos!,1,https://tbc.wowhead.com/item=25936,,14,,22
,,One Hand,,,,,,,,,,sp,int,hit,crit,haste,socket
,1,Tempest of Chaos,Tempest of Chaos,Epic,284.21,259.56,Hyjal Summit,Archimonde,3,https://tbc.wowhead.com/item=30910,,259,22,17,24
,2,Vengeful Gladiator's Spellblade,Vengeful Gladiator's Spellblade,Epic,257.59,232.94,Season 3,PvP,3,https://tbc.wowhead.com/item=33763,,247,20,17
,3,The Maelstrom's Fury,The Maelstrom's Fury,Epic,236.97,,Black Temple,High Warlord Naj'entus,3,https://tbc.wowhead.com/item=32237,,236,21,,22
,4,Merciless Gladiator's Spellblade,Merciless Gladiator's Spellblade,Epic,233.87,212.12,Season 2,PvP,2,https://tbc.wowhead.com/item=32053,,225,18,15
,5,Talon of the Tempest,Talon of the Tempest,Epic,231.38,218.33,Shadowmoon Valley,Doomwalker,1,https://tbc.wowhead.com/item=30723,,194,10,9,19,,Yellow,Yellow
,6,Fang of the Leviathan,Fang of the Leviathan,Epic,222.20,,Serpentshrine Cavern,Leotheras the Blind,2,https://tbc.wowhead.com/item=30095,,221,20,,21
,7,Bloodmaw Magus-Blade,Bloodmaw Magus-Blade,Epic,206.55,,Gruul's Lair,Gruul the Dragonkiller,1,https://tbc.wowhead.com/item=28802,,203,15,,25
,8,Nathrezim Mindblade,Nathrezim Mindblade,Epic,206.18,,Karazhan,Prince Malchezaar,1,https://tbc.wowhead.com/item=28770,,203,18,,23
,9,Gladiator's Spellblade,Gladiator's Spellblade,Epic,188.27,,Season 1,PvP,1,https://tbc.wowhead.com/item=28297,,199,18
,10,Illidari-Bane Mageblade (Demon),Illidari-Bane Mageblade (Demon),Rare,185.69,,Shadowmoon Valley,Quenching the Blade,1,https://tbc.wowhead.com/item=30787,,185,11,,20
,11,Blade of Wizardry,Blade of Wizardry,Epic,180.41,,,World Drop,1,https://tbc.wowhead.com/item=31336,,159,,,,30.4
,12,Eternium Runed Blade,Eternium Runed Blade,Epic,172.73,,Blacksmithing,Crafted,1,https://tbc.wowhead.com/item=23554,,168,19,,21
,13,Stormcaller,Stormcaller,Epic,162.73,,Quartermaster Urgronn,,1,https://tbc.wowhead.com/item=29155,,159,12,,21
,14,Blade of the Archmage,Blade of the Archmage,Epic,162.47,,Logistics Officer,,1,https://tbc.wowhead.com/item=29153,,159,11,,21
,15,Greatsword of Horrid Dreams,Greatsword of Horrid Dreams,Rare,143.86,123.56,Shadow Labyrinth,Murmur,1,https://tbc.wowhead.com/item=27905,,130,14,14
,,Off Hand,,,,,,,,,,sp,int,hit,crit,haste,socket
,1,Chronicle of Dark Secrets,Chronicle of Dark Secrets,Epic,81.30,56.65,Hyjal Summit,Rage Winterchill,3,https://tbc.wowhead.com/item=30872,,42,12,17,23
,2,Blind-Seers Icon,Blind-Seers Icon,Epic,78.33,43.53,Black Temple,Shade of Akama,3,https://tbc.wowhead.com/item=32361,,42,16,24
,3,Jewel of Infinite Possibilities,Jewel of Infinite Possibilities,Epic,56.98,26.53,Karazhan,Netherspite,1,https://tbc.wowhead.com/item=28734,,23,18,21
,4,Fathomstone,Fathomstone,Epic,51.15,,Serpentshrine Cavern,Hydross the Unstable,2,https://tbc.wowhead.com/item=30049,,36,12,,23
,5,Lamp of Peaceful Radiance,Lamp of Peaceful Radiance,Rare,49.01,31.61,Arcatraz,Harbinger Skyriss,1,https://tbc.wowhead.com/item=28412,,21,14,12,13
,6,Orb of the Soul-Eater (Shadow),Orb of the Soul-Eater (Shadow),Epic,47.16,,Badge of Justice,G'eras,1,https://tbc.wowhead.com/item=29272,,51
,7,Khadgar's Knapsack,Khadgar's Knapsack,Epic,44.98,,Badge of Justice,Weapons Vendor,1,https://tbc.wowhead.com/item=29273,,49
,8,Star-Heart Lamp,Star-Heart Lamp,Rare,42.98,25.58,Black Morass,Temporus,1,https://tbc.wowhead.com/item=28187,,22,18,12
,9,Talisman of Nightbane,Talisman of Nightbane,Epic,42.06,,Karazhan,Nightbane,1,https://tbc.wowhead.com/item=28603,,28,19,,17
,10,Draenei Crystal Rod of Wrath,Draenei Crystal Rod of Wrath,Uncommon,41.31,,,World Drop,1,https://tbc.wowhead.com/item=25099,,45
,11,Karrog's Shard,Karrog's Shard,Rare,39.65,,,,1,https://tbc.wowhead.com/item=32533,,35,,,12
,12,Karaborian Talisman,Karaborian Talisman,Epic,39.03,,Magtheridon's Lair,Magtheridon,1,https://tbc.wowhead.com/item=28781,,35,23
,13,Merciless Gladiator's Endgame,Merciless Gladiator's Endgame,Epic,36.15,,Season 2,PvP,2,https://tbc.wowhead.com/item=31978,,33,19
,14,Manual of the Nethermancer,Manual of the Nethermancer,Rare,35.63,,Mechanar,Nethermancer Sepethrea,1,https://tbc.wowhead.com/item=28260,,21,15,,19
,15,Crystal Orb of Enlightenment,Crystal Orb of Enlightenment,Epic,35.13,,Jho'nass,,1,https://tbc.wowhead.com/item=32651,,33,16
,,Two Hand,,,,,,,,,,sp,int,hit,crit,haste,socket
,1,"Zhar'doom, Greatstaff of the Devourer","Zhar'doom, Greatstaff of the Devourer",Epic,337.19,,Black Temple,Illidan Stormrage,3,https://tbc.wowhead.com/item=32374,,259,47,,36,55
,2,Vengeful Gladiator's Battle Staff,Vengeful Gladiator's Battle Staff,Epic,310.29,269.69,Season 3,PvP,3,https://tbc.wowhead.com/item=34540,,247,46,28,46
,3,Merciless Gladiator's War Staff,Merciless Gladiator's War Staff,Epic,280.53,245.73,Season 2,PvP,2,https://tbc.wowhead.com/item=32055,,225,42,24,42
,4,Vengeful Gladiator's War Staff,Vengeful Gladiator's War Staff,Epic,269.69,269.69,Season 3,PvP,3,https://tbc.wowhead.com/item=33766,,247,46,0,46
,5,The Nexus Key,The Nexus Key,Epic,264.68,,Tempest Keep,Kael'thas Sunstrider,2,https://tbc.wowhead.com/item=29988,,236,52,,51
,6,Gladiator's War Staff,Gladiator's War Staff,Epic,246.45,216.00,Season 1,PvP,1,https://tbc.wowhead.com/item=24557,,199,35,21,36
,7,Staff of Infinite Mysteries,Staff of Infinite Mysteries,Epic,218.67,185.32,Karazhan,The Curator,1,https://tbc.wowhead.com/item=28633,,185,51,23
,8,"Atiesh, Greatstaff of the Guardian","Atiesh, Greatstaff of the Guardian",Legendary,194.27,,Classic,,0,https://tbc.wowhead.com/item=22630,,183,29,,28
,9,Frostscythe of Lord Ahune,Frostscythe of Lord Ahune,Epic,192.85,,Slave Pens,Ahune,3,https://tbc.wowhead.com/item=35514,,176,35,,33
,10,Terokk's Shadowstaff,Terokk's Shadowstaff,Epic,189.99,,Sethekk Halls,Talon King Ikiss,1,https://tbc.wowhead.com/item=29355,,168,42,,37
,11,High Warlord's War Staff,High Warlord's War Staff,Rare,168.08,139.08,,PvP,1,https://tbc.wowhead.com/item=28935,,121,30,20,30
,12,Grand Marshal's War Staff,Grand Marshal's War Staff,Rare,168.08,139.08,,PvP,1,https://tbc.wowhead.com/item=28959,,121,30,20,30
,13,Auchenai Staff,Auchenai Staff,Rare,167.86,140.31,Quartermaster Endarin,,1,https://tbc.wowhead.com/item=29130,,121,46,19,26
,14,Warpstaff of Arcanum,Warpstaff of Arcanum,Rare,161.96,138.76,Botanica,Warp Splinter,1,https://tbc.wowhead.com/item=28341,,121,38,16,26
,15,Grand Scepter of the Nexus-Kings,Grand Scepter of the Nexus-Kings,Rare,151.57,124.02,Mana-Tombs,Nexus-Prince Shaffar,1,https://tbc.wowhead.com/item=27842,,121,43,19
,,Ranged,,,,,,,,,,sp,int,hit,crit,haste,socket
,1,Wand of the Forgotten Star,Wand of the Forgotten Star,Epic,45.84,29.89,Tempest Keep,High Astromancer Solarian,2,https://tbc.wowhead.com/item=29982,,23,,11,14
,2,Wand of Prismatic Focus,Wand of Prismatic Focus,Epic,42.20,23.35,Black Temple,Gurtogg Bloodboil,3,https://tbc.wowhead.com/item=32343,,25,,13
,3,Tirisfal Wand of Ascendancy,Tirisfal Wand of Ascendancy,Epic,32.44,16.49,Karazhan,Shade of Aran,1,https://tbc.wowhead.com/item=28673,,15,9,11
,4,Eredar Wand of Obliteration,Eredar Wand of Obliteration,Epic,26.75,,Magtheridon's Lair,Magtheridon,1,https://tbc.wowhead.com/item=28783,,16,11,,14
,5,Nether Core's Control Rod,Nether Core's Control Rod,Rare,26.52,14.92,Arcatraz,Dalliah the Doomsayer,1,https://tbc.wowhead.com/item=28386,,13,10,8
,6,Barrel-Blade Longrifle,Barrel-Blade Longrifle,Epic,25.52,,Shadowmoon Valley,Doomwalker,1,https://tbc.wowhead.com/item=30724,,,,,,,Red,Red
,7,The Black Stalk,The Black Stalk,Epic,25.45,,Underbog,The Black Stalker,1,https://tbc.wowhead.com/item=29350,,20,,,11
,8,Wand of Fates,Wand of Fates,Epic,24.72,13.12,Naxxramas,Patchwerk,1,https://tbc.wowhead.com/item=22820,,12,7,8
,9,Doomfinger,Doomfinger,Epic,23.47,,Naxxramas,Kel'Thuzad,1,https://tbc.wowhead.com/item=22821,,16,,,14
,10,Illidari Rod of Discipline,Illidari Rod of Discipline,Uncommon,23.12,,,Subdue the Subduer,0,https://tbc.wowhead.com/item=32872,,13,,,,,Blue
,11,Flawless Wand of Wrath,Flawless Wand of Wrath,Uncommon,22.95,,,World Drop,1,https://tbc.wowhead.com/item=25295,,25
,12,Voidfire Wand,Voidfire Wand,Rare,22.95,12.80,Mana-Tombs,Pandemonius,1,https://tbc.wowhead.com/item=25939,,11,9,7
,13,Vengeful Gladiator's Touch of Defeat,Vengeful Gladiator's Touch of Defeat,Epic,20.80,,Season 3,PvP,3,https://tbc.wowhead.com/item=33764,,18,14
,14,Nesingwary Safari Stick,Nesingwary Safari Stick,Rare,20.38,,,The Ultimate Bloodsport,1,https://tbc.wowhead.com/item=25640,,14,,,12
,15,Nethekurse's Rod of Torment,Nethekurse's Rod of Torment,Rare,19.18,,Hellfire Peninsula,Turning the Tide,1,https://tbc.wowhead.com/item=25806,,11,10,,10
