Arcane Phase 3,,,TIER 5 SET BONUS IS NOT BEING CALCULATED.,Value Credit: https://cheesehyvel.github.io/magesim-tbc2/
,,Item,Item,,EPV,If Hit  Capped,Location,Phase,,,Stats
,,Head,,,,,,,,,,SP,int,spi,hit,crit,haste,socket
,1,Cowl of the Tempest,Cowl of the Tempest,Epic,116.76,113.59,Hyjal Summit,Archimonde,3,https://tbc.wowhead.com/item=31056,,62,40,28,13,29,,Meta,Yellow
,2,Cowl of the Illidari High Lord,Cowl of the Illidari High Lord,Epic,114.15,109.03,Black Temple,Illidan Stormrage,3,https://tbc.wowhead.com/item=32525,,64,31,,21,47,,Meta,Blue
,3,Cowl of Tirisfal,Cowl of Tirisfal,Epic,104.35,,Serpentshrine Cavern,Lady Vashj,2,https://tbc.wowhead.com/item=30206,,55,36,24,,24,,Meta,Yellow
,4,Destruction Holo-gogs,Destruction Holo-gogs,Epic,97.93,,Engineering,Crafted,2,https://tbc.wowhead.com/item=32494,,64,24,,,29,,Meta,Blue
,5,Collar of the Aldor,Collar of the Aldor,Epic,95.32,,Karazhan,Prince Malchezaar,1,https://tbc.wowhead.com/item=29076,,41,35,17,,27,,Meta,Blue
,6,Vengeful Gladiator's Silk Cowl,Vengeful Gladiator's Silk Cowl,Epic,85.95,,Season 3,PvP,3,https://tbc.wowhead.com/item=33758,,47,23,,,24,,Meta,Red
,7,Merciless Gladiator's Silk Cowl,Merciless Gladiator's Silk Cowl,Epic,83.45,,Season 2,PvP,2,https://tbc.wowhead.com/item=32048,,42,26,,,20,,Meta,Red
,8,Cowl of the Grand Engineer,Cowl of the Grand Engineer,Epic,83.17,79.27,Tempest Keep,Void Reaver,2,https://tbc.wowhead.com/item=29986,,53,27,,16,35,,Yellow,Yellow,Blue
,9,Incanter's Cowl,Incanter's Cowl,Rare,80.74,,Mechanar,Pathaleon the Calculator,1,https://tbc.wowhead.com/item=28278,,29,27,17,,19,,Yellow,Meta
,10,Mana-Binders Cowl,Mana-Binders Cowl,Epic,78.91,,Badge of Justice,G'eras,1,https://tbc.wowhead.com/item=32089,,34,29,,,15,,Yellow,Meta
,11,Hood of Oblivion,Hood of Oblivion,Rare,78.36,,Archatraz,Harbinger Skyriss,1,https://tbc.wowhead.com/item=28415,,40,32,,,,,Blue,Meta
,12,Gladiator's Silk Cowl,Gladiator's Silk Cowl,Epic,73.24,,Season 1,PvP,1,https://tbc.wowhead.com/item=25855,,37,15,,,18,,Meta,Red
,13,Hydromancer's Headwrap,Hydromancer's Headwrap,Rare,71.43,,,The Warlord's Hideout,1,https://tbc.wowhead.com/item=28183,,33,27,,,,,Blue,Meta
,14,Mana-Etched Crown,Mana-Etched Crown,Rare,67.74,,Black Morass,Aeonus,1,https://tbc.wowhead.com/item=28193,,34,20,,,,,Red,Meta
,15,Powerheal 4000 Lens,Powerheal 4000 Lens,Epic,66.80,,Engineering,Crafted,2,https://tbc.wowhead.com/item=32495,,,38,28,,,,Meta,Blue
,,Neck,,,,,,,,,,SP,int,spi,hit,crit,haste,socket
,1,Vindicator's Pendant of Reprieve,Vindicator's Pendant of Reprieve,Epic,49.36,,Season 3,PvP,3,https://tbc.wowhead.com/item=35317,,17,16,,,,23,Yellow
,2,The Sun King's Talisman,The Sun King's Talisman,Epic,41.68,,Tempest Keep,Kael'thas and the Verdant Sphere,2,https://tbc.wowhead.com/item=30015,,41,16,,,24
,3,Chain of the Twilight Owl (GROUP BUFF),Chain of the Twilight Owl (GROUP BUFF),Rare,40.01,,Jewelcrafting,Crafted,1,https://tbc.wowhead.com/item=24121,,21,19,,,44.08
,4,Translucent Spellthread Necklace,Translucent Spellthread Necklace,Epic,38.43,34.77,Black Temple,Devourer of Souls,3,https://tbc.wowhead.com/item=32349,,46,,,15,24
,5,Vindicator's Pendant of Conquest,Vindicator's Pendant of Conquest,Epic,37.70,,Season 3,PvP,3,https://tbc.wowhead.com/item=33920,,25,15,,,21,,Yellow
,6,Adornment of Stolen Souls,Adornment of Stolen Souls,Epic,36.48,,Karazhan,Prince Malchezaar,1,https://tbc.wowhead.com/item=28762,,28,20,,,23
,7,Vindicator's Pendant of Dominance,Vindicator's Pendant of Dominance,Epic,35.51,,Season 3,PvP,3,https://tbc.wowhead.com/item=33921,,30,20,,,,,Yellow
,8,Eye of the Night (GROUP BUFF),Eye of the Night (GROUP BUFF),Rare,32.75,28.84,Jewelcrafting,Crafted,1,https://tbc.wowhead.com/item=24116,,34,,,16,26
,9,Veteran's Pendant of Conquest,Veteran's Pendant of Conquest,Epic,32.51,,Season 2,PvP,2,https://tbc.wowhead.com/item=33067,,21,12,,,18,,Yellow
,10,Brooch of Unquenchable Fury,Brooch of Unquenchable Fury,Epic,30.87,27.21,Karazhan,Moroes,1,https://tbc.wowhead.com/item=28530,,26,21,,15
,11,Veteran's Pendant of Dominance,Veteran's Pendant of Dominance,Epic,30.86,,Season 2,PvP,2,https://tbc.wowhead.com/item=33065,,26,16,,,,,Yellow
,12,Pendant of the Lost Ages,Pendant of the Lost Ages,Epic,30.35,,Serpentshrine Cavern,Morogrim Tidewalker,2,https://tbc.wowhead.com/item=30008,,36,17
,13,Torc of the Sethekk Prophet,Torc of the Sethekk Prophet,Rare,29.49,,Terokkar Forest,Brother Against Brother,1,https://tbc.wowhead.com/item=29333,,19,18,,,21
,14,Natasha's Ember Necklace,Natasha's Ember Necklace,Rare,29.05,,,The Hound-Master,1,https://tbc.wowhead.com/item=31692,,29,15,,,10
,15,Manasurge Pendant,Manasurge Pendant,Epic,28.93,,Badge of Justice,G'eras,1,https://tbc.wowhead.com/item=29368,,28,22
,,Shoulders,,,,,,,,,,SP,int,spi,hit,crit,haste,socket
,1,Mantle of Nimble Thought,Mantle of Nimble Thought,Epic,79.10,,Tailoring,Crafted,3,https://tbc.wowhead.com/item=32587,,44,26,,,,38
,2,Mantle of the Tempest,Mantle of the Tempest,Epic,68.67,,Black Temple,Mother Shahraz,3,https://tbc.wowhead.com/item=31059,,46,27,21,,21,,Yellow,Blue
,3,Hatefury Mantle,Hatefury Mantle,Epic,64.06,,Hyjal Summit,Anetheron,3,https://tbc.wowhead.com/item=30884,,55,18,,,24,,Blue,Yellow
,4,Mantle of Tirisfal,Mantle of Tirisfal,Epic,62.74,,Tempest Keep,Void Reaver,2,https://tbc.wowhead.com/item=30210,,40,24,24,,17,,Yellow,Blue
,5,Blood-cursed Shoulderpads,Blood-cursed Shoulderpads,Epic,56.07,51.67,Black Temple,Gurtogg Bloodboil,3,https://tbc.wowhead.com/item=32338,,55,19,,18,25
,6,Illidari Shoulderpads,Illidari Shoulderpads,Epic,55.13,,Serpentshrine Cavern,Morogrim Tidewalker,2,https://tbc.wowhead.com/item=30079,,39,23,,,16,,Yellow,Yellow
,7,Pauldrons of the Aldor,Pauldrons of the Aldor,Epic,53.93,,Gruul's Lair,High King Maulgar,1,https://tbc.wowhead.com/item=29079,,27,26,16,,15,,Yellow,Red
,8,Mantle of the Elven Kings,Mantle of the Elven Kings,Epic,50.85,46.46,Tempest Keep,Trash,2,https://tbc.wowhead.com/item=30024,,39,18,17,18,25
,9,Vengeful Gladiator's Silk Amice,Vengeful Gladiator's Silk Amice,Epic,50.00,,Season 3,PvP,3,https://tbc.wowhead.com/item=33757,,40,13,,,17,,Blue,Yellow
,10,Merciless Gladiator's Silk Amice,Merciless Gladiator's Silk Amice,Epic,47.84,,Season 2,PvP,2,https://tbc.wowhead.com/item=32047,,36,15,,,14,,Blue,Yellow
,11,Swiftheal Mantle,Swiftheal Mantle,Epic,44.37,,Tailoring,Crafted,3,https://tbc.wowhead.com/item=32585,,,16,28,,,27
,12,Gladiator's Silk Amice,Gladiator's Silk Amice,Epic,44.02,,Season 1,PvP,1,https://tbc.wowhead.com/item=25854,,32,13,,,13,,Blue,Yellow
,13,Mana-Etched Spaulders,Mana-Etched Spaulders,Rare,40.91,,Slave Pens,Quagmirran,1,https://tbc.wowhead.com/item=27796,,20,17,,,16,,Yellow,Red
,14,Grand Marshal's Silk Amice,Grand Marshal's Silk Amice,Rare,40.04,,,PvP,1,https://tbc.wowhead.com/item=28714,,25,16,,,8,,Blue,Yellow
,15,High Warlord's Silk Amice,High Warlord's Silk Amice,Rare,40.04,,,PvP,1,https://tbc.wowhead.com/item=28866,,25,16,,,8,,Blue,Yellow
,,Back,,,,,,,,,,SP,int,spi,hit,crit,haste,socket
,1,Shroud of the Highborne,Shroud of the Highborne,Epic,59.45,,Black Temple,Illidan Stormrage,3,https://tbc.wowhead.com/item=32524,,23,23,,,,32
,2,Cloak of the Illidari Council,Cloak of the Illidari Council,Epic,42.62,,Black Temple,High Nethermancer Zerevor,3,https://tbc.wowhead.com/item=32331,,42,16,,,25
,3,Royal Cloak of the Sunstriders,Royal Cloak of the Sunstriders,Epic,37.84,,Tempest Keep,Kael'thas Sunstrider,2,https://tbc.wowhead.com/item=29992,,44,22
,4,Brute Cloak of the Ogre-Magi,Brute Cloak of the Ogre-Magi,Epic,36.48,,Gruul's Lair,High King Maulgar,1,https://tbc.wowhead.com/item=28797,,28,20,,,23
,5,Ancient Spellcloak of the Highborne,Ancient Spellcloak of the Highborne,Epic,36.38,,Hellfire Peninsula,Doom Lord Kazzak,1,https://tbc.wowhead.com/item=30735,,36,15,,,19
,6,Ruby Drape of the Mysticant,Ruby Drape of the Mysticant,Epic,33.83,29.44,Karazhan,Prince Malchezaar,1,https://tbc.wowhead.com/item=28766,,30,21,,18
,7,Shadow-Cloak of Dalaran,Shadow-Cloak of Dalaran,Epic,30.96,,Karazhan,Moroes,1,https://tbc.wowhead.com/item=28570,,36,18
,8,Ogre Slayer's Cover,Ogre Slayer's Cover,Rare,30.93,,Nagrand,Cho'war the Pillager,1,https://tbc.wowhead.com/item=25777,,20,18,11,,16
,9,Shawl of Shifting Probabilities,Shawl of Shifting Probabilities,Epic,29.78,,Badge of Justice,G'eras,1,https://tbc.wowhead.com/item=29369,,21,16,,,22
,10,Cloak of the Frigid Winds,Cloak of the Frigid Winds,Epic,29.78,,Slave Pens,Ahune,3,https://tbc.wowhead.com/item=35497,,21,16,,,22
,11,Cloak of the Necropolis,Cloak of the Necropolis,Epic,28.43,26.48,Naxxramas,Sapphiron,1,https://tbc.wowhead.com/item=23050,,26,11,,8,14
,12,Terokk's Wisdom,Terokk's Wisdom,Epic,28.08,,Terokkar Forest,Terokk,1,https://tbc.wowhead.com/item=32541,,33,16
,13,Cloak of Woven Energy,Cloak of Woven Energy,Rare,27.08,,Netherstorm,Hitting the Motherlode,1,https://tbc.wowhead.com/item=29813,,29,13,3,,6
,14,Baba's Cloak of Arcanistry,Baba's Cloak of Arcanistry,Rare,26.68,,Mechanar,Pathaleon the Calculator,1,https://tbc.wowhead.com/item=28269,,22,15,,,14
,15,Illidari Cloak of Wrath,Illidari Cloak of Wrath,Rare,26.18,,,World Drop,1,https://tbc.wowhead.com/item=31201,,47
,,Chest,,,,,,,,,,SP,int,spi,hit,crit,haste,socket
,1,Robes of the Tempest,Robes of the Tempest,Epic,98.00,94.83,Black Temple,Illidan Stormrage,3,https://tbc.wowhead.com/item=31057,,62,39,31,13,23,,Yellow,Yellow,Blue
,2,Vestments of the Sea-Witch,Vestments of the Sea-Witch,Epic,87.17,80.58,Serpentshrine Cavern,Lady Vashj,2,https://tbc.wowhead.com/item=30107,,57,28,,27,31,,Yellow,Yellow,Blue
,3,Robes of Tirisfal,Robes of Tirisfal,Epic,84.20,,Tempest Keep,Kael'thas Sunstrider,2,https://tbc.wowhead.com/item=30196,,55,35,20,,19,,Yellow,Yellow,Blue
,4,Robes of Rhonin,Robes of Rhonin,Epic,83.88,77.29,Hyjal Summit,Archimonde,3,https://tbc.wowhead.com/item=30913,,81,38,,27,24
,5,Robe of the Shadow Council,Robe of the Shadow Council,Epic,79.72,,Black Temple,Teron Gorefiend,3,https://tbc.wowhead.com/item=32327,,73,36,26,,28
,6,Robe of Hateful Echoes,Robe of Hateful Echoes,Epic,79.24,,Serpentshrine Cavern,Hydross the Unstable,2,https://tbc.wowhead.com/item=30056,,50,36,,,25,,Red,Yellow,Yellow
,7,Spellfire Robe (Fire/Arcane),Spellfire Robe (Fire/Arcane),Epic,74.44,,Tailoring,Crafted,1,https://tbc.wowhead.com/item=21848,,72,17,,,28,,Yellow,Blue
,8,Vestments of the Aldor,Vestments of the Aldor,Epic,70.28,,Magtheridon's Lair,Magtheridon,1,https://tbc.wowhead.com/item=29077,,49,32,14,,,,Yellow,Blue,Blue
,9,Anchorite's Robes,Anchorite's Robes,Rare,63.79,,Quartermaster Endarin,,1,https://tbc.wowhead.com/item=29129,,29,38,18,,,,Yellow,Blue,Yellow
,10,Merciless Gladiator's Silk Raiment,Merciless Gladiator's Silk Raiment,Epic,63.70,,Season 2,PvP,2,https://tbc.wowhead.com/item=32050,,35,21,,,30,,Red,Yellow,Yellow
,11,Vengeful Gladiator's Silk Raiment,Vengeful Gladiator's Silk Raiment,Epic,63.44,,Season 3,PvP,3,https://tbc.wowhead.com/item=33760,,39,15,,,33,,Red,Yellow,Yellow
,12,Will of Edward the Odd,Will of Edward the Odd,Epic,59.13,,,World Drop,1,https://tbc.wowhead.com/item=31340,,53,30,,,30
,13,Gladiator's Silk Raiment,Gladiator's Silk Raiment,Epic,58.31,,Season 1,PvP,1,https://tbc.wowhead.com/item=25856,,32,18,,,25,,Red,Yellow,Yellow
,14,Incanter's Robe,Incanter's Robe,Rare,58.15,,Botanica,Warp Splinter,1,https://tbc.wowhead.com/item=28229,,29,22,22,,8,,Yellow,Yellow,Red
,15,Mana-Etched Vestments,Mana-Etched Vestments,Rare,57.83,,Old Hillsbrad Foothills,Epoch Hunter,1,https://tbc.wowhead.com/item=28191,,29,25,,,17,,Red,Blue,Yellow
,,Wrist,,,,,,,,,,SP,int,spi,hit,crit,haste,socket
,1,Bracers of Nimble Thought,Bracers of Nimble Thought,Epic,59.67,,Tailoring,Crafted,3,https://tbc.wowhead.com/item=32586,,34,20,,,,28
,2,Cuffs of Devastation,Cuffs of Devastation,Epic,47.88,,Hyjal Summit,Rage Winterchill,3,https://tbc.wowhead.com/item=30870,,34,20,19,,14,,Yellow
,3,Vindicator's Silk Cuffs,Vindicator's Silk Cuffs,Epic,40.77,,Season 3,PvP,3,https://tbc.wowhead.com/item=33913,,27,22,,,15,,Yellow
,4,Focused Mana Bindings,Focused Mana Bindings,Epic,40.15,35.51,Black Temple,Shade of Akama,3,https://tbc.wowhead.com/item=32270,,42,20,,19
,5,Mindstorm Wristbands,Mindstorm Wristbands,Epic,36.69,,Tempest Keep,Al'ar,2,https://tbc.wowhead.com/item=29918,,36,13,,,23
,6,Ravager's Cuffs of the Invoker,Ravager's Cuffs of the Invoker,Epic,35.64,,Karazhan,Rokad the Ravager,1,https://tbc.wowhead.com/item=30684/ravagers-cuffs,,25,22,,,22
,7,Veteran's Silk Cuffs,Veteran's Silk Cuffs,Epic,35.18,,Season 2,PvP,2,https://tbc.wowhead.com/item=32820,,22,18,,,14,,Yellow
,8,Vindicator's Dreadweave Cuffs,Vindicator's Dreadweave Cuffs,Epic,34.96,,Season 3,PvP,3,https://tbc.wowhead.com/item=33883,,29,20,,,,,Yellow
,9,Crystalweave Bracers,Crystalweave Bracers,Epic,33.76,,Tailoring,Crafted,2,https://tbc.wowhead.com/item=32655,,23,16,,,12,,Red
,10,Ravager's Cuffs of Wrath,Ravager's Cuffs of Wrath,Epic,32.86,,Karazhan,Rokad the Ravager,1,https://tbc.wowhead.com/item=30684/ravagers-cuffs,,59
,11,General's Silk Cuffs,General's Silk Cuffs,Epic,32.70,,Season 1,PvP,1,https://tbc.wowhead.com/item=28411,,20,17,,,12,,Yellow
,12,Marshal's Silk Cuffs,Marshal's Silk Cuffs,Epic,32.70,,,PvP,1,https://tbc.wowhead.com/item=29002,,20,17,,,12,,Yellow
,13,Bands of Nefarious Deeds,Bands of Nefarious Deeds,Epic,31.16,,Karazhan,Maiden of Virtue,1,https://tbc.wowhead.com/item=28515,,32,22
,14,Harbinger Bands,Harbinger Bands,Epic,30.75,,Karazhan,Attumen the Huntsman,1,https://tbc.wowhead.com/item=28477,,26,21,14
,15,Bands of Rarefied Magic,Bands of Rarefied Magic,Epic,30.70,,Shattered Halls,Warchief Kargath Bladefist,1,https://tbc.wowhead.com/item=29255,,25,21,16
,,Hands,,,,,,,,,,SP,int,spi,hit,crit,haste,socket
,1,Gloves of the Tempest,Gloves of the Tempest,Epic,65.49,60.61,Hyjal Summit,Azgalor,3,https://tbc.wowhead.com/item=31055,,46,26,21,20,19,,Yellow
,2,Gauntlets of the Sun King,Gauntlets of the Sun King,Epic,56.70,,Tempest Keep,Kael'thas Sunstrider,2,https://tbc.wowhead.com/item=29987,,42,29,20,,28
,3,Spellfire Gloves (Fire/Arcane),Spellfire Gloves (Fire/Arcane),Epic,56.04,,Tailoring,Crafted,1,https://tbc.wowhead.com/item=21847,,50,10,,,23,,Yellow,Blue
,4,Soul-Eater's Handwraps,Soul-Eater's Handwraps,Epic,55.97,,Magtheridon's Lair,Magtheridon,1,https://tbc.wowhead.com/item=28780,,36,24,,,21,,Yellow,Blue
,5,Gloves of Tirisfal,Gloves of Tirisfal,Epic,54.04,,Serpentshrine Cavern,Leotheras the Blind,2,https://tbc.wowhead.com/item=30205,,41,27,18,,27
,6,Handwraps of Flowing Thought,Handwraps of Flowing Thought,Epic,49.61,46.20,Karazhan,Attumen the Huntsman,1,https://tbc.wowhead.com/item=28507,,35,22,,14,,,Yellow,Blue
,7,Gloves of the Aldor,Gloves of the Aldor,Epic,49.02,44.87,Karazhan,The Curator,1,https://tbc.wowhead.com/item=29080,,35,22,19,17,19
,8,Anger-Spark Gloves,Anger-Spark Gloves,Epic,44.48,39.60,Shadowmoon Valley,Doomwalker,1,https://tbc.wowhead.com/item=30725,,30,,,20,25,,Red,Red
,9,Tempest's Touch,Tempest's Touch,Rare,42.05,,,Return to Andormu,1,https://tbc.wowhead.com/item=29317,,27,20,6,,,,Blue,Blue
,10,Vengeful Gladiator's Silk Handguards,Vengeful Gladiator's Silk Handguards,Epic,41.57,,Season 3,PvP,3,https://tbc.wowhead.com/item=33759,,40,18,,,22
,11,Mana-Etched Gloves,Mana-Etched Gloves,Rare,40.91,,Hellfire Ramparts,Omor the Unscarred,1,https://tbc.wowhead.com/item=27465,,20,17,,,16,,Red,Yellow
,12,Merciless Gladiator's Silk Handguards,Merciless Gladiator's Silk Handguards,Epic,39.41,,Season 2,PvP,2,https://tbc.wowhead.com/item=32049,,36,20,,,19
,13,Incanter's Gloves,Incanter's Gloves,Rare,39.07,,Steamvault,Hydromancer Thespia,1,https://tbc.wowhead.com/item=27508,,29,24,12,,14
,14,Manaspark Gloves,Manaspark Gloves,Rare,36.95,33.29,The Underbog,Hungarfen,1,https://tbc.wowhead.com/item=24450,,16,14,10,15,,,Red,Yellow
,15,Gloves of the High Magus,Gloves of the High Magus,Rare,36.30,,,News of Victory,1,https://tbc.wowhead.com/item=30924,,26,18,10,,22
,,Waist,,,,,,,,,,SP,int,spi,hit,crit,haste,socket
,1,Waistwrap of Infinity,Waistwrap of Infinity,Epic,77.23,,Black Temple,Supremus,3,https://tbc.wowhead.com/item=32256,,56,22,,,,32
,2,Anetheron's Noose,Anetheron's Noose,Epic,67.09,,Hyjal Summit,Anetheron,3,https://tbc.wowhead.com/item=30888,,55,23,,,24,,Yellow,Blue
,3,Spellfire Belt (Fire/Arcane),Spellfire Belt (Fire/Arcane),Epic,58.98,,Tailoring,Crafted,1,https://tbc.wowhead.com/item=21846,,50,18,,,18,,Yellow,Blue
,4,Belt of Blasting,Belt of Blasting,Epic,58.26,52.65,Tailoring,Crafted,2,https://tbc.wowhead.com/item=30038,,50,,,23,30,,Blue,Yellow
,5,Cord of Screaming Terrors,Cord of Screaming Terrors,Epic,56.16,50.31,Serpentshrine Cavern,The Lurker Below,2,https://tbc.wowhead.com/item=30064,,50,15,,24,,,Yellow,Yellow
,6,Angelista's Sash,Angelista's Sash,Epic,55.99,,Hyjal Summit,Kaz'rogal,3,https://tbc.wowhead.com/item=30895,,,30,,,,37
,7,Belt of Divine Inspiration,Belt of Divine Inspiration,Epic,53.08,,Gruul's Lair,High King Maulgar,1,https://tbc.wowhead.com/item=28799,,43,26,,,,,Yellow,Blue
,8,Girdle of Ruination,Girdle of Ruination,Epic,50.59,,Tailoring,Crafted,1,https://tbc.wowhead.com/item=24256,,39,13,,,20,,Red,Yellow
,9,Vindicator's Silk Belt,Vindicator's Silk Belt,Epic,48.34,,Season 3,PvP,3,https://tbc.wowhead.com/item=33912,,35,30,,,28
,10,Lurker's Cord of Invoker,Lurker's Cord of Invoker,Epic,47.56,,Karazhan,Hyakiss the Lurker,1,https://tbc.wowhead.com/item=30675/lurkers-cord,,34,29,,,29
,11,Glyph-Lined Sash,Glyph-Lined Sash,Rare,47.45,,Mana-Tombs,Nexus-Prince Shaffar,1,https://tbc.wowhead.com/item=27843,,30,23,,,9,,Yellow,Yellow
,12,Veteran's Silk Belt,Veteran's Silk Belt,Epic,44.47,,Season 2,PvP,2,https://tbc.wowhead.com/item=32807,,32,27,,,27
,13,Malefic Girdle,Malefic Girdle,Epic,44.37,,Karazhan,Terestian Illhoof,1,https://tbc.wowhead.com/item=28654,,37,26,,,21
,14,Lurker's Cord of the Wrath,Lurker's Cord of the Wrath,Epic,44.00,,Karazhan,Hyakiss the Lurker,1,https://tbc.wowhead.com/item=30675/lurkers-cord,,79
,15,Nethershard Girdle,Nethershard Girdle,Epic,43.24,,Karazhan,Moroes,1,https://tbc.wowhead.com/item=28565,,35,30,22
,,Ring,,,,,,,,,,SP,int,spi,hit,crit,haste,socket
,1,Ring of Ancient Knowledge,Ring of Ancient Knowledge,Epic,65.53,,Black Temple,Trash,3,https://tbc.wowhead.com/item=32527,,39,20,,,,31
,2,Blessed Band of Karabor,Blessed Band of Karabor,Epic,57.57,,Black Temple,Trash,3,https://tbc.wowhead.com/item=32528,,25,20,,,,30
,3,Band of the Eternal Sage,Band of the Eternal Sage,Epic,51.59,,Tanaris,Sage's Covenant,3,https://tbc.wowhead.com/item=29305,,49,25,,,24
,4,Vindicator's Band of Subjugation,Vindicator's Band of Subjugation,Epic,43.99,,Season 3,PvP,3,https://tbc.wowhead.com/item=35320,,,22,,,,30
,5,Band of Eternity (revered),Band of Eternity (revered),Epic,43.23,,Tanaris,Sage's Oath,3,https://tbc.wowhead.com/item=29304,,34,25,,,24
,6,Band of Eternity (honored),Band of Eternity (honored),Epic,40.14,,Tanaris,Sage's Vow,3,https://tbc.wowhead.com/item=29303,,32,23,,,22
,7,Ring of Captured Storms,Ring of Captured Storms,Epic,39.08,34.44,Black Temple,High Warlord Naj'entus,3,https://tbc.wowhead.com/item=32247,,42,,,19,29
,8,Band of Eternity (friendly),Band of Eternity (friendly),Epic,37.49,,Tanaris,Sage's Pledge,2,https://tbc.wowhead.com/item=29302,,29,22,,,21
,9,Violet Signet of the Archmage,Violet Signet of the Archmage,Epic,36.57,,Deadwind Pass,Eminence Among the Violet Eye,1,https://tbc.wowhead.com/item=29287,,29,23,,,17
,10,Violet Signet,Violet Signet,Epic,35.41,,Deadwind Pass,Distinguished Service,1,https://tbc.wowhead.com/item=29286,,28,22,,,17
,11,Band of Al'ar,Band of Al'ar,Epic,34.55,,Tempest Keep,Al'ar,2,https://tbc.wowhead.com/item=29922,,37,23
,12,Ring of Recurrence,Ring of Recurrence,Epic,34.15,,Karazhan,Chess Event,1,https://tbc.wowhead.com/item=28753,,32,15,,,19
,13,Band of the Eternal Restorer,Band of the Eternal Restorer,Epic,33.86,,Tanaris,Restorer's Covenant,3,https://tbc.wowhead.com/item=29309,,31,25
,14,Violet Signet,Violet Signet,Epic,32.92,,Deadwind Pass,Down the Violet Path,1,https://tbc.wowhead.com/item=29285,,26,21,,,15
,15,Band of Crimson Fury,Band of Crimson Fury,Epic,32.83,28.93,Magtheridon's Lair,The Fall of Magtheridon,1,https://tbc.wowhead.com/item=28793,,28,22,,16
,,Legs,,,,,,,,,,SP,int,spi,hit,crit,haste,socket
,1,Leggings of Channeled Elements,Leggings of Channeled Elements,Epic,94.31,89.92,Hyjal Summit,Kaz'rogal,3,https://tbc.wowhead.com/item=30916,,59,28,28,18,34,,Yellow,Yellow,Blue
,2,Leggings of the Tempest,Leggings of the Tempest,Epic,92.97,88.09,Black Temple,Illidari Council,3,https://tbc.wowhead.com/item=31058,,62,47,29,20,29,,Blue
,3,Leggings of Devastation,Leggings of Devastation,Epic,85.27,78.92,Black Temple,Mother Shahraz,3,https://tbc.wowhead.com/item=32367,,60,42,,26,,,Yellow,Yellow,Blue
,4,Leggings of Tirisfal,Leggings of Tirisfal,Epic,77.98,71.63,Serpentshrine Cavern,Fathom-Lord Karathress,2,https://tbc.wowhead.com/item=30207,,54,36,26,26,17,,Yellow
,5,Trousers of the Astromancer,Trousers of the Astromancer,Epic,77.51,,Tempest Keep,High Astromancer Solarian,2,https://tbc.wowhead.com/item=29972,,54,36,22,,,,Blue,Yellow,Blue
,6,Leggings of the Seventh Circle,Leggings of the Seventh Circle,Epic,75.15,70.76,Hellfire Peninsula,Doom Lord Kazzak,1,https://tbc.wowhead.com/item=30734,,50,22,,18,25,,Red,Yellow,Yellow
,7,Trial-Fire Trousers,Trial-Fire Trousers,Epic,71.59,,Karazhan,The Big Bad Wolf,1,https://tbc.wowhead.com/item=28594,,49,40,,,,,Yellow,Yellow,Yellow
,8,Spellstrike Pants,Spellstrike Pants,Epic,65.80,60.43,Tailoring,Crafted,1,https://tbc.wowhead.com/item=24262,,46,8,,22,26,,Blue,Yellow,Red
,9,Kirin Tor Master's Trousers,Kirin Tor Master's Trousers,Epic,64.00,,Shadow Labyrinth,Murmur,1,https://tbc.wowhead.com/item=30532,,36,29,25,,,,Red,Yellow,Blue
,10,Legwraps of the Aldor,Legwraps of the Aldor,Epic,63.21,57.35,Gruul's Lair,Gruul the Dragonkiller,1,https://tbc.wowhead.com/item=29078,,49,40,23,24
,11,Vengeful Gladiator's Silk Trousers,Vengeful Gladiator's Silk Trousers,Epic,62.70,,Season 3,PvP,3,https://tbc.wowhead.com/item=33761,,53,34,,,33
,12,Breeches of the Occultist,Breeches of the Occultist,Epic,62.20,,Black Morass,Aeonus,1,https://tbc.wowhead.com/item=30531,,36,22,,,23,,Blue,Yellow,Yellow
,13,Merciless Gladiator's Silk Trousers,Merciless Gladiator's Silk Trousers,Epic,60.16,,Season 2,PvP,2,https://tbc.wowhead.com/item=32051,,49,36,,,29
,14,Aran's Sorcerous Slacks,Aran's Sorcerous Slacks,Rare,57.83,,Old Hillsbrad Foothills,Lieutenant Drake,1,https://tbc.wowhead.com/item=28212,,23,28,,,21,,Red,Yellow,Blue
,15,Khadgar's Kilt of Abjuration,Khadgar's Kilt of Abjuration,Rare,57.23,,Black Morass,Temporus,1,https://tbc.wowhead.com/item=28185,,36,22,15,,,,Yellow,Blue,Blue
,,Feet,,,,,,,,,,SP,int,spi,hit,crit,haste,socket
,1,Slippers of the Seacaller,Slippers of the Seacaller,Epic,64.39,,Black Temple,High Warlord Naj'entus,3,https://tbc.wowhead.com/item=32239,,44,18,18,,29,,Yellow,Blue
,2,Blue Suede Shoes,Blue Suede Shoes,Epic,54.98,50.58,Hyjal Summit,Kaz'rogal,3,https://tbc.wowhead.com/item=30894,,56,32,,18
,3,Velvet Boots of the Guardian,Velvet Boots of the Guardian,Epic,52.96,,Serpentshrine Cavern,The Lurker Below,2,https://tbc.wowhead.com/item=30067,,49,21,15,,24
,4,Boots of Blasting,Boots of Blasting,Epic,50.79,46.40,Tailoring,Crafted,2,https://tbc.wowhead.com/item=30037,,39,25,,18,25
,5,Boots of Foretelling,Boots of Foretelling,Epic,49.03,,Karazhan,Maiden of Virtue,1,https://tbc.wowhead.com/item=28517,,26,23,,,19,,Red,Yellow
,6,Vindicator's Silk Footguards,Vindicator's Silk Footguards,Epic,48.34,,Season 3,PvP,3,https://tbc.wowhead.com/item=33914,,35,30,,,28
,7,Glider's Foot-Wraps of the Invoker,Glider's Foot-Wraps of the Invoker,Epic,47.56,,Karazhan,Shadikith the Glider,1,https://tbc.wowhead.com/item=30680/gliders-foot-wraps,,34,29,,,29
,8,Veteran's Silk Footguards,Veteran's Silk Footguards,Epic,44.47,,Season 2,PvP,2,https://tbc.wowhead.com/item=32795,,32,27,,,27
,9,Glider's Foot-Wraps of Wrath,Glider's Foot-Wraps of Wrath,Epic,44.00,,Karazhan,Shadikith the Glider,1,https://tbc.wowhead.com/item=30680/gliders-foot-wraps,,79
,10,Vindicator's Dreadweave Stalkers,Vindicator's Dreadweave Stalkers,Epic,42.23,,Season 3,PvP,3,https://tbc.wowhead.com/item=33884,,41,32
,11,Sigil-Laced Boots,Sigil-Laced Boots,Rare,41.89,,Arcatraz,Harbinger Skyriss,1,https://tbc.wowhead.com/item=28406,,20,18,,,17,,Red,Yellow
,12,Shalassi Oracle's Sandals,Shalassi Oracle's Sandals,Rare,41.84,,,Rescue Deirom!,1,https://tbc.wowhead.com/item=25970,,18,21,,,15,,Red,Yellow
,13,Boots of the Infernal Coven,Boots of the Infernal Coven,Epic,41.12,,Karazhan,Shade of Aran,1,https://tbc.wowhead.com/item=28670,,34,27,23
,14,Ruby Slippers,Ruby Slippers,Epic,40.97,37.07,Karazhan,The Crone,1,https://tbc.wowhead.com/item=28585,,35,29,,16
,15,Boots of Ethereal Manipulation,Boots of Ethereal Manipulation,Epic,40.06,,Botanica,Warp Splinter,1,https://tbc.wowhead.com/item=29258,,33,27,21
,,Trinket,,,,,,,,,,SP,int,spi,hit,crit,haste,socket
,1,The Skull of Gul'dan,The Skull of Gul'dan,Epic,66.37,60.27,Black Temple,Illidan Stormrage,3,https://tbc.wowhead.com/item=32483,,55,,,25,,29
,2,Quagmirran's Eye,Quagmirran's Eye,Rare,61.49,,Slave Pens,Quagmirran,1,https://tbc.wowhead.com/item=27683,,37,,,,,40
,3,Sextant of Unstable Currents,Sextant of Unstable Currents,Epic,48.10,,Serpentshrine Cavern,Fathom-Lord Karathress,2,https://tbc.wowhead.com/item=30626,,59,,,,40
,4,Mark of the Champion (undead/demon),Mark of the Champion (undead/demon),Epic,47.35,,Naxxramas,The Fall of Kel'Thuzad,1,https://tbc.wowhead.com/item=23207,,85
,5,Darkmoon Card: Crusade,Darkmoon Card: Crusade,Epic,44.56,,Darkmoon Faire,,2,https://tbc.wowhead.com/item=31856,,80
,6,Eye of Magtheridon,Eye of Magtheridon,Epic,39.55,,Magtheridon's Lair,Magtheridon,1,https://tbc.wowhead.com/item=28789,,71
,7,Icon of the Silver Crescent,Icon of the Silver Crescent,Epic,38.43,,Badge of Justice,G'eras,1,https://tbc.wowhead.com/item=29370,,69
,8,Dark Iron Smoking Pipe,Dark Iron Smoking Pipe,Epic,38.34,,,,3,https://tbc.wowhead.com/item=38290,,68.83333333
,9,The Restrained Essence of Sapphiron,The Restrained Essence of Sapphiron,Epic,34.53,,Naxxramas,Sapphiron,0,https://tbc.wowhead.com/item=23046,,62
,10,Shiffar's Nexus-Horn,Shiffar's Nexus-Horn,Rare,34.27,,Arcatraz,Harbinger Skyriss,1,https://tbc.wowhead.com/item=28418,,41,,,,30
,11,Scarab of the Infinite Cycle,Scarab of the Infinite Cycle,Rare,30.66,,Black Morass,Aeonus,1,https://tbc.wowhead.com/item=28190,,,,,,,30
,12,Serpent-Coil Braid,Serpent-Coil Braid,Epic,29.95,27.03,Serpentshrine Cavern,Morogrim Tidewalker,2,https://tbc.wowhead.com/item=30720,,28,,,12,30
,13,Neltharion's Tear,Neltharion's Tear,Epic,28.41,24.51,Classic,,0,https://tbc.wowhead.com/item=19379,,44,,,16
,14,Pendant of the Violet Eye,Pendant of the Violet Eye,Epic,27.55,,Karazhan,Shade of Aran,1,https://tbc.wowhead.com/item=28727,,,40
,15,Xi'ri's Gift,Xi'ri's Gift,Rare,26.12,,The Sha'tar,Revered,1,https://tbc.wowhead.com/item=29179,,25,,,,32
,,One Hand,,,,,,,,,,SP,int,spi,hit,crit,haste,socket
,1,Tempest of Chaos,Tempest of Chaos,Epic,170.89,166.74,Hyjal Summit,Archimonde,3,https://tbc.wowhead.com/item=30910,,259,22,,17,24
,2,Vengeful Gladiator's Spellblade,Vengeful Gladiator's Spellblade,Epic,153.85,149.70,Season 3,PvP,3,https://tbc.wowhead.com/item=33763,,247,20,,17
,3,The Maelstrom's Fury,The Maelstrom's Fury,Epic,152.56,,Black Temple,High Warlord Naj'entus,3,https://tbc.wowhead.com/item=32237,,236,21,,,22
,4,Fang of the Leviathan,Fang of the Leviathan,Epic,143.22,,Serpentshrine Cavern,Leotheras the Blind,2,https://tbc.wowhead.com/item=30095,,221,20,,,21
,5,Merciless Gladiator's Spellblade,Merciless Gladiator's Spellblade,Epic,139.89,136.23,Season 2,PvP,2,https://tbc.wowhead.com/item=32053,,225,18,,15
,6,Talon of the Tempest,Talon of the Tempest,Epic,136.92,134.73,Shadowmoon Valley,Doomwalker,1,https://tbc.wowhead.com/item=30723,,194,10,,9,19,,Yellow,Yellow
,7,Nathrezim Mindblade,Nathrezim Mindblade,Epic,132.74,,Karazhan,Prince Malchezaar,1,https://tbc.wowhead.com/item=28770,,203,18,,,23
,8,Bloodmaw Magus-Blade,Bloodmaw Magus-Blade,Epic,131.69,,Gruul's Lair,Gruul the Dragonkiller,1,https://tbc.wowhead.com/item=28802,,203,15,,,25
,9,Gladiator's Spellblade,Gladiator's Spellblade,Epic,121.75,,Season 1,PvP,1,https://tbc.wowhead.com/item=28297,,199,18
,10,Blade of Wizardry,Blade of Wizardry,Epic,119.63,,,World Drop,1,https://tbc.wowhead.com/item=31336,,159,,,,,30.4
,11,Illidari-Bane Mageblade (Demon),Illidari-Bane Mageblade (Demon),Rare,117.33,,Shadowmoon Valley,Quenching the Blade,1,https://tbc.wowhead.com/item=30787,,185,11,,,20
,12,Eternium Runed Blade,Eternium Runed Blade,Epic,113.09,,Blacksmithing,Crafted,1,https://tbc.wowhead.com/item=23554,,168,19,,,21
,13,Stormcaller,Stormcaller,Epic,103.84,,Quartermaster Urgronn,,1,https://tbc.wowhead.com/item=29155,,159,12,,,21
,14,Blade of the Archmage,Blade of the Archmage,Epic,103.23,,Logistics Officer,,1,https://tbc.wowhead.com/item=29153,,159,11,,,21
,15,Greatsword of Horrid Dreams,Greatsword of Horrid Dreams,Rare,84.31,80.89,Shadow Labyrinth,Murmur,1,https://tbc.wowhead.com/item=27905,,130,14,,14
,,Off Hand,,,,,,,,,,SP,int,spi,hit,crit,haste,socket
,1,Chronicle of Dark Secrets,Chronicle of Dark Secrets,Epic,43.58,39.43,Hyjal Summit,Rage Winterchill,3,https://tbc.wowhead.com/item=30872,,42,12,,17,23
,2,Blind-Seers Icon,Blind-Seers Icon,Epic,38.95,33.09,Black Temple,Shade of Akama,3,https://tbc.wowhead.com/item=32361,,42,16,,24
,3,Talisman of Kalecgos (Arcane),Talisman of Kalecgos (Arcane),Epic,36.33,,Badge of Justice,G'eras,1,https://tbc.wowhead.com/item=29271,,50,14
,4,Fathomstone,Fathomstone,Epic,36.09,,Serpentshrine Cavern,Hydross the Unstable,2,https://tbc.wowhead.com/item=30049,,36,12,,,23
,5,Talisman of Nightbane,Talisman of Nightbane,Epic,33.59,,Karazhan,Nightbane,1,https://tbc.wowhead.com/item=28603,,28,19,,,17
,6,Karaborian Talisman,Karaborian Talisman,Epic,33.43,,Magtheridon's Lair,Magtheridon,1,https://tbc.wowhead.com/item=28781,,35,23
,7,Merciless Gladiator's Endgame,Merciless Gladiator's Endgame,Epic,29.90,,Season 2,PvP,2,https://tbc.wowhead.com/item=31978,,33,19
,8,The Saga of Terokk,The Saga of Terokk,Rare,29.53,,,Terokk's Legacy,1,https://tbc.wowhead.com/item=29330,,28,23
,9,Jewel of Infinite Possibilities,Jewel of Infinite Possibilities,Epic,28.84,23.72,Karazhan,Netherspite,1,https://tbc.wowhead.com/item=28734,,23,18,,21
,10,Crystal Orb of Enlightenment,Crystal Orb of Enlightenment,Epic,28.08,,Jho'nass,,1,https://tbc.wowhead.com/item=32651,,33,16
,11,Lamp of Peaceful Radiance,Lamp of Peaceful Radiance,Rare,28.06,25.13,Arcatraz,Harbinger Skyriss,1,https://tbc.wowhead.com/item=28412,,21,14,,12,13
,12,Manual of the Nethermancer,Manual of the Nethermancer,Rare,28.03,,Mechanar,Nethermancer Sepethrea,1,https://tbc.wowhead.com/item=28260,,21,15,,,19
,13,Khadgar's Knapsack,Khadgar's Knapsack,Epic,27.29,,Badge of Justice,Weapons Vendor,1,https://tbc.wowhead.com/item=29273,,49
,14,Star-Heart Lamp,Star-Heart Lamp,Rare,26.09,23.16,Black Morass,Temporus,1,https://tbc.wowhead.com/item=28187,,22,18,,12
,15,Netherwing Sorceror's Charm,Netherwing Sorceror's Charm,Rare,25.70,,,Ally of the Netherwing,1,https://tbc.wowhead.com/item=31494,,18,15,,,15
,,Two Hand,,,,,,,,,,SP,int,spi,hit,crit,haste,socket
,1,"Zhar'doom, Greatstaff of the Devourer","Zhar'doom, Greatstaff of the Devourer",Epic,242.67,,Black Temple,Illidan Stormrage,3,https://tbc.wowhead.com/item=32374,,259,47,,,36,55
,2,Vengeful Gladiator's Battle Staff,Vengeful Gladiator's Battle Staff,Epic,189.81,182.98,Season 3,PvP,3,https://tbc.wowhead.com/item=34540,,247,46,,28,46
,3,Vengeful Gladiator's War Staff,Vengeful Gladiator's War Staff,Epic,182.98,182.98,Season 3,PvP,3,https://tbc.wowhead.com/item=33766,,247,46,,0,46
,4,The Nexus Key,The Nexus Key,Epic,182.40,,Tempest Keep,Kael'thas Sunstrider,2,https://tbc.wowhead.com/item=29988,,236,52,,,51
,5,Merciless Gladiator's War Staff,Merciless Gladiator's War Staff,Epic,172.64,166.78,Season 2,PvP,2,https://tbc.wowhead.com/item=32055,,225,42,,24,42
,6,Gladiator's War Staff,Gladiator's War Staff,Epic,150.89,145.77,Season 1,PvP,1,https://tbc.wowhead.com/item=24557,,199,35,,21,36
,7,Staff of Infinite Mysteries,Staff of Infinite Mysteries,Epic,139.56,133.95,Karazhan,The Curator,1,https://tbc.wowhead.com/item=28633,,185,51,,23
,8,Terokk's Shadowstaff,Terokk's Shadowstaff,Epic,133.13,,Sethekk Halls,Talon King Ikiss,1,https://tbc.wowhead.com/item=29355,,168,42,,,37
,9,"Atiesh, Greatstaff of the Guardian","Atiesh, Greatstaff of the Guardian",Legendary,123.59,119.68,Classic,,0,https://tbc.wowhead.com/item=22589,,150,32,24,16,28
,10,Auchenai Staff,Auchenai Staff,Rare,109.82,105.18,Quartermaster Endarin,,1,https://tbc.wowhead.com/item=29130,,121,46,,19,26
,11,Flaming Quartz Staff,Flaming Quartz Staff,Rare,105.18,,Apex Crystal,Crafted,1,https://tbc.wowhead.com/item=32662,,121,46,,,26
,12,Warpstaff of Arcanum,Warpstaff of Arcanum,Rare,104.24,100.33,Botanica,Warp Splinter,1,https://tbc.wowhead.com/item=28341,,121,38,,16,26
,13,Bloodfire Greatstaff,Bloodfire Greatstaff,Rare,103.52,,Black Morass,Aeonus,1,https://tbc.wowhead.com/item=28188,,121,42,,,28
,14,The Bringer of Death,The Bringer of Death,Rare,102.19,,,,1,https://tbc.wowhead.com/item=31308,,121,31,,,42
,15,High Warlord's War Staff,High Warlord's War Staff,Rare,101.89,97.01,,PvP,1,https://tbc.wowhead.com/item=28935,,121,30,,20,30
,,Ranged,,,,,,,,,,SP,int,spi,hit,crit,haste,socket
,1,Eredar Wand of Obliteration,Eredar Wand of Obliteration,Epic,20.91,,Magtheridon's Lair,Magtheridon,1,https://tbc.wowhead.com/item=28783,,16,11,,,14
,2,Wand of the Forgotten Star,Wand of the Forgotten Star,Epic,20.83,18.15,Tempest Keep,High Astromancer Solarian,2,https://tbc.wowhead.com/item=29982,,23,,,11,14
,3,Vengeful Gladiator's Touch of Defeat,Vengeful Gladiator's Touch of Defeat,Epic,18.51,,Season 3,PvP,3,https://tbc.wowhead.com/item=33764,,18,14
,4,Wand of Prismatic Focus,Wand of Prismatic Focus,Epic,17.10,13.93,Black Temple,Gurtogg Bloodboil,3,https://tbc.wowhead.com/item=32343,,25,,,13
,5,Merciless Gladiator's Touch of Defeat,Merciless Gladiator's Touch of Defeat,Epic,16.79,,Season 2,PvP,2,https://tbc.wowhead.com/item=32962,,16,13
,6,Tirisfal Wand of Ascendancy,Tirisfal Wand of Ascendancy,Epic,16.49,13.81,Karazhan,Shade of Aran,1,https://tbc.wowhead.com/item=28673,,15,9,,11
,7,Wand of the Seer,Wand of the Seer,Rare,16.14,,Terokkar Forest,Turning Point,1,https://tbc.wowhead.com/item=30859,,18,8,5
,8,Nethekurse's Rod of Torment,Nethekurse's Rod of Torment,Rare,16.00,,Hellfire Peninsula,Turning the Tide,1,https://tbc.wowhead.com/item=25806,,11,10,,,10
,9,Rod of Dire Shadows,Rod of Dire Shadows,Rare,16.00,,Hellfire Peninsula,The Will of the Warchief,1,https://tbc.wowhead.com/item=25808,,11,10,,,10
,10,The Black Stalk,The Black Stalk,Epic,15.33,,Underbog,The Black Stalker,1,https://tbc.wowhead.com/item=29350,,20,,,,11
,11,Nether Core's Control Rod,Nether Core's Control Rod,Rare,15.25,13.30,Arcatraz,Dalliah the Doomsayer,1,https://tbc.wowhead.com/item=28386,,13,10,,8
,12,Nexus Torch,Nexus Torch,Rare,14.71,,Shattered Halls,Warchief Kargath Bladefist,1,https://tbc.wowhead.com/item=27540,,8,10,,,11
,13,Gladiator's Touch of Defeat,Gladiator's Touch of Defeat,Epic,14.46,,Season 1,PvP,1,https://tbc.wowhead.com/item=28320,,14,11
,14,Doomfinger,Doomfinger,Epic,14.25,,Naxxramas,Kel'Thuzad,1,https://tbc.wowhead.com/item=22821,,16,,,,14
,15,Illidari Rod of Discipline,Illidari Rod of Discipline,Uncommon,13.93,,,Subdue the Subduer,0,https://tbc.wowhead.com/item=32872,,13,,,,,,Blue
