Arms Phase 3,,,Value Credit: 2.4.3 - Gear Ranking - TBC https://docs.google.com/spreadsheets/d/11E1k1Di_enrJHOvH992EKBqCoAU7IQPpba6tQJkkQ9M/edit#gid=2013064318
,,Item,,,EPV,If Hit  Capped,Location,Phase,,,Stats
,,Head,,,,,,,,,,ap,str,agi,hit,crit,haste,arp,exp,socket
,1,Cursed Vision of Sargeras,Cursed Vision of Sargeras,Epic,174.73,152.66,Black Temple,Illidan Stormrage,3,https://tbc.wowhead.com/item=32235,,108,,39,21,38,,,,Meta,Yellow
,2,Helm of the Illidari Shatterer,Helm of the Illidari Shatterer,Epic,162.76,127.03,Black Temple,High Nethermancer Zerevor,3,https://tbc.wowhead.com/item=32373,,,51,,34,42,,,,Meta,Yellow
,3,Onslaught Battle-Helm,Onslaught Battle-Helm,Epic,150.76,,Hyjal Summit,Archimonde,3,https://tbc.wowhead.com/item=30972,,,54,41,,,,105,,Meta,Red
,4,Vengeful Gladiator's Plate Helm,Vengeful Gladiator's Plate Helm,Epic,144.56,131.95,Season 3,PvP,3,https://tbc.wowhead.com/item=33730,,,39,,12,35,,84,,Meta,Yellow
,5,Destroyer Battle-Helm,Destroyer Battle-Helm,Epic,144.40,122.33,Serpentshrine Cavern,Lady Vashj,2,https://tbc.wowhead.com/item=30120,,,47,,21,36,,,,Meta,Blue
,6,Forest Prowler's Helm,Forest Prowler's Helm,Epic,142.28,,Black Temple,High Nethermancer Zerevor,3,https://tbc.wowhead.com/item=32376,,100,,42,,20,,,,Red,Meta
,7,Furious Gizmatic Goggles,Furious Gizmatic Goggles,Epic,141.80,128.14,Engineering,Crafted,2,https://tbc.wowhead.com/item=32461,,,48,,13,38,,,,Meta,Blue
,8,Warbringer Battle-Helm,Warbringer Battle-Helm,Epic,126.60,111.89,Karazhan,Prince Malchezaar,1,https://tbc.wowhead.com/item=29021,,,45,,14,24,,,,Meta,Yellow
,9,Merciless Gladiator's Plate Helm,Merciless Gladiator's Plate Helm,Epic,123.04,108.33,Season 2,PvP,2,https://tbc.wowhead.com/item=30488,,,35,,14,31,,,,Meta,Yellow
,10,Mask of the Deceiver,Mask of the Deceiver,Epic,111.63,94.82,Badge of Justice,G'eras,1,https://tbc.wowhead.com/item=32087,,64,,32,16,,,,,Yellow,Meta
,11,Wastewalker Helm,Wastewalker Helm,Rare,107.93,89.01,Old Hillsbrad Foothills,Epoch Hunter,1,https://tbc.wowhead.com/item=28224,,56,,,18,22,,,,Blue,Meta
,12,Fel-Steel Warhelm,Fel-Steel Warhelm,Epic,106.88,75.35,Tempest Keep,Void Reaver,2,https://tbc.wowhead.com/item=29983,,,46,,30,44
,13,Helm of the Claw,Helm of the Claw,Rare,106.44,91.73,Zangarmarsh,The Warlord's Hideout,1,https://tbc.wowhead.com/item=28182,,66,,25,14,,,,,Yellow,Meta
,14,Gladiator's Plate Helm,Gladiator's Plate Helm,Epic,105.76,,Season 1,PvP,1,https://tbc.wowhead.com/item=24545,,,30,,,28,,,,Meta,Yellow
,15,Helm of Assassination,Helm of Assassination,Rare,103.00,,Arcatraz,Harbinger Skyriss,1,https://tbc.wowhead.com/item=28414,,66,,,,25,,,,Yellow,Meta
,,Neck,,,,,,,,,,ap,str,agi,hit,crit,haste,arp,exp,socket
,1,Choker of Endless Nightmares,Choker of Endless Nightmares,Epic,71.84,49.77,Black Temple,Supremus,3,https://tbc.wowhead.com/item=32260,,72,,,21,27
,2,Choker of Serrated Blades,Choker of Serrated Blades,Epic,63.49,,Hyjal Summit,Trash,3,https://tbc.wowhead.com/item=32591,,70,,,,,,175
,3,Braided Eternium Chain (GROUP BUFF),Braided Eternium Chain (GROUP BUFF),Rare,58.22,36.15,Jewelcrafting,Crafted,1,https://tbc.wowhead.com/item=24114,,40,,,21,28
,4,Pendant of the Perilous,Pendant of the Perilous,Epic,53.16,,Serpentshrine Cavern,Trash,2,https://tbc.wowhead.com/item=30022,,,32,,,23
,5,Vindicator's Pendant of Triumph,Vindicator's Pendant of Triumph,Epic,52.97,,Season 3,PvP,3,https://tbc.wowhead.com/item=33923,,50,,,,22,,,,Yellow
,6,Choker of Animalistic Fury,Choker of Animalistic Fury,Epic,50.25,,Serpentshrine Cavern,The Lurker Below,2,https://tbc.wowhead.com/item=30059,,64,,,,23
,7,Telonicus's Pendant of Mayhem,Telonicus's Pendant of Mayhem,Epic,50.09,,Tempest Keep,Kael'thas and the Verdant Sphere,2,https://tbc.wowhead.com/item=30017,,70,,27
,8,Veteran's Pendant of Triumph,Veteran's Pendant of Triumph,Epic,45.65,,Season 2,PvP,2,https://tbc.wowhead.com/item=33066,,42,,,,18,,,,Yellow
,9,Choker of Vile Intent,Choker of Vile Intent,Epic,44.87,25.95,Badge of Justice,G'eras,1,https://tbc.wowhead.com/item=29381,,42,,20,18
,10,Amulet of Bitter Hatred,Amulet of Bitter Hatred,Epic,44.87,25.95,Slave Pens,Ahune,3,https://tbc.wowhead.com/item=35507,,42,,20,18
,11,Worgen Claw Necklace,Worgen Claw Necklace,Epic,44.19,26.32,Karazhan,Attumen the Huntsman,1,https://tbc.wowhead.com/item=28509,,42,,20,17
,12,Natasha's Choker,Natasha's Choker,Rare,43.33,32.82,Blade's Edge Mountains,The Hound-Master,1,https://tbc.wowhead.com/item=31695,,50,,,10,15
,13,Adamantine Chain of the Unbroken,Adamantine Chain of the Unbroken,Epic,43.05,,Slave Pens,Quagmirran,1,https://tbc.wowhead.com/item=29349,,34,,,,30
,14,Haramad's Bargain,Haramad's Bargain,Epic,42.93,,The Consortium,Exalted,1,https://tbc.wowhead.com/item=29119,,,26,25
,15,Mithril Chain of Heroism,Mithril Chain of Heroism,Epic,42.89,,Karazhan,Chess Event,1,https://tbc.wowhead.com/item=28745,,,28,22
,,Shoulders,,,,,,,,,,ap,str,agi,hit,crit,haste,arp,exp,socket
,1,Onslaught Shoulderblades,Onslaught Shoulderblades,Epic,101.87,,Black Temple,Mother Shahraz,3,https://tbc.wowhead.com/item=30979,,,39,39,,,,91,,Yellow,Blue
,2,Blood-stained Pauldrons,Blood-stained Pauldrons,Epic,92.08,67.91,Hyjal Summit,Rage Winterchill,3,https://tbc.wowhead.com/item=30866,,,47,,23,32
,3,Ripfiend Shoulderplates,Ripfiend Shoulderplates,Epic,88.08,74.42,Hellfire Peninsula,Doom Lord Kazzak,1,https://tbc.wowhead.com/item=30740,,,39,,13,22,,,,Yellow,Yellow
,4,Mantle of Darkness,Mantle of Darkness,Epic,88.04,64.92,Black Temple,High Warlord Naj'entus,3,https://tbc.wowhead.com/item=32377,,94,,,22,33
,5,Shoulderpads of the Stranger,Shoulderpads of the Stranger,Epic,87.03,,Serpentshrine Cavern,Hydross the Unstable,2,https://tbc.wowhead.com/item=30055,,60,,33,,16,,,10,Red
,6,Destroyer Shoulderblades,Destroyer Shoulderblades,Epic,86.64,67.72,Tempest Keep,Void Reaver,2,https://tbc.wowhead.com/item=30122,,,36,,18,20,,,,Yellow,Blue
,7,Pauldrons of the Wardancer,Pauldrons of the Wardancer,Epic,84.68,,Serpentshrine Cavern,Hydross the Unstable,2,https://tbc.wowhead.com/item=30053,,,38,,,29,,,,Red,Blue
,8,Shoulders of the Hidden Predator,Shoulders of the Hidden Predator,Epic,84.19,,Black Temple,Shade of Akama,3,https://tbc.wowhead.com/item=32264,,76,,38,,26
,9,Vengeful Gladiator's Plate Shoulders,Vengeful Gladiator's Plate Shoulders,Epic,80.60,,Season 3,PvP,3,https://tbc.wowhead.com/item=33732,,,33,,,30,,,,Red,Yellow
,10,Swiftsteel Shoulders,Swiftsteel Shoulders,Epic,78.82,58.85,Blacksmithing,Crafted,3,https://tbc.wowhead.com/item=32570,,,47,,19,,35
,11,Warbringer Shoulderplates,Warbringer Shoulderplates,Epic,75.73,62.07,Gruul's Lair,High King Maulgar,1,https://tbc.wowhead.com/item=29023,,,32,22,13,,,,,Yellow,Blue
,12,Razorfury Mantle,Razorfury Mantle,Epic,74.66,,Hyjal Summit,Kaz'rogal,3,https://tbc.wowhead.com/item=30917,,76,,28,,23
,13,Bladed Shoulderpads of the Merciless,Bladed Shoulderpads of the Merciless,Epic,74.52,60.86,Karazhan,Chess Event,1,https://tbc.wowhead.com/item=28755,,58,,,13,21,,,,Yellow,Yellow
,14,Mantle of the Tireless Tracker,Mantle of the Tireless Tracker,Epic,74.34,,Serpentshrine Cavern,Morogrim Tidewalker,2,https://tbc.wowhead.com/item=30085,,64,,22,,33
,15,Merciless Gladiator's Plate Shoulders,Merciless Gladiator's Plate Shoulders,Epic,73.84,,Season 2,PvP,2,https://tbc.wowhead.com/item=30490,,,29,,,27,,,,Red,Yellow
,,Back,,,,,,,,,,ap,str,agi,hit,crit,haste,arp,exp,socket
,1,Shadowmoon Destroyer's Drape,Shadowmoon Destroyer's Drape,Epic,66.36,48.50,Black Temple,Teron Gorefiend,3,https://tbc.wowhead.com/item=32323,,72,,,17,24
,2,Cloak of Darkness (melee),Cloak of Darkness (melee),Epic,55.08,,Tailoring,Crafted,3,https://tbc.wowhead.com/item=33122,,,23,,,24,,,,Blue
,3,Black-Iron Battlecloak,Black-Iron Battlecloak,Epic,54.87,,Shadowmoon Valley,Doomwalker,1,https://tbc.wowhead.com/item=30729,,60,,,,30
,4,Vengeance Wrap,Vengeance Wrap,Epic,54.79,,Tailoring,Crafted,1,https://tbc.wowhead.com/item=24259,,52,,,,23,,,,Red
,5,Thalassian Wildercloak,Thalassian Wildercloak,Epic,49.86,,Tempest Keep,Kael'thas Sunstrider,2,https://tbc.wowhead.com/item=29994,,68,,28
,6,Razor-Scale Battlecloak,Razor-Scale Battlecloak,Epic,48.57,,Serpentshrine Cavern,Morogrim Tidewalker,2,https://tbc.wowhead.com/item=30098,,,33,23
,7,Cloak of the Pit Stalker,Cloak of the Pit Stalker,Epic,47.53,,Magtheridon's Lair,Magtheridon,1,https://tbc.wowhead.com/item=28777,,56,,,,24
,8,Drape of the Dark Reavers,Drape of the Dark Reavers,Epic,43.26,25.39,Karazhan,Shade of Aran,1,https://tbc.wowhead.com/item=28672,,34,,24,17
,9,Cloak of the Inciter,Cloak of the Inciter,Rare,41.08,24.26,Shadow Labyrinth,Blackheart the Inciter,1,https://tbc.wowhead.com/item=27892,,30,,,16,18
,10,Netherfury Cape,Netherfury Cape,Rare,38.32,,Botanica,Warp Splinter,1,https://tbc.wowhead.com/item=28371,,,19,,,21
,11,Auchenai Death Shroud,Auchenai Death Shroud,Rare,38.08,20.21,Auchenai Crypts,Avatar of the Martyred,1,https://tbc.wowhead.com/item=27878,,36,,15,17
,12,Blood Knight War Cloak,Blood Knight War Cloak,Epic,37.39,,Badge of Justice,G'eras,1,https://tbc.wowhead.com/item=29382,,48,,23
,13,The Frost Lord's War Cloak,The Frost Lord's War Cloak,Epic,37.39,,Slave Pens,Ahune,3,https://tbc.wowhead.com/item=35495,,48,,23
,14,Royal Cloak of Arathi Kings,Royal Cloak of Arathi Kings,Epic,36.88,20.06,Karazhan,Moroes,1,https://tbc.wowhead.com/item=28529,,,26,,16
,15,Terokk's Might,Terokk's Might,Epic,36.28,,Terokkar Forest,Terokk,1,https://tbc.wowhead.com/item=32540,,56,,16
,,Chest,,,,,,,,,,ap,str,agi,hit,crit,haste,arp,exp,socket
,1,Midnight Chestguard,Midnight Chestguard,Epic,140.22,109.74,Hyjal Summit,Archimonde,3,https://tbc.wowhead.com/item=30905,,106,,,29,46,,,,Blue,Red,Yellow
,2,Onslaught Breastplate,Onslaught Breastplate,Epic,139.70,122.89,Black Temple,Illidan Stormrage,3,https://tbc.wowhead.com/item=30975,,,53,34,16,,,126,,Red,Blue,Blue
,3,Vengeful Gladiator's Plate Chestpiece,Vengeful Gladiator's Plate Chestpiece,Epic,128.24,115.63,Season 3,PvP,3,https://tbc.wowhead.com/item=33728,,,39,,12,39,,84,,Red,Red,Yellow
,4,Heartshatter Breastplate,Heartshatter Breastplate,Epic,123.88,92.35,Black Temple,Mother Shahraz,3,https://tbc.wowhead.com/item=32365,,,63,,30,44
,5,Bloodsea Brigand's Vest,Bloodsea Brigand's Vest,Epic,123.29,94.92,Serpentshrine Cavern,Fathom-Lord Karathress,2,https://tbc.wowhead.com/item=30101,,92,,,27,36,,,,Yellow,Yellow,Blue
,6,Destroyer Breastplate,Destroyer Breastplate,Epic,120.56,104.80,Tempest Keep,Kael'thas Sunstrider,2,https://tbc.wowhead.com/item=30118,,,50,,15,33,,,,Yellow,Blue,Red
,7,Nether Shadow Tunic,Nether Shadow Tunic,Epic,117.26,80.47,Black Temple,Supremus,3,https://tbc.wowhead.com/item=32252,,86,,36,35,,,,,Red,Yellow,Blue
,8,Bulwark of Kings,Bulwark of Kings,Epic,114.68,90.51,Blacksmithing,Crafted,1,https://tbc.wowhead.com/item=28484,,,35,,23,37,,,,Blue,Yellow,Yellow
,9,Terrorweave Tunic,Terrorweave Tunic,Epic,110.91,88.84,Shadowmoon Valley,Doomwalker,1,https://tbc.wowhead.com/item=30730,,96,,,21,25,,,,Red,Yellow,Yellow
,10,Krakken-Heart Breastplate,Krakken-Heart Breastplate,Epic,110.51,78.98,Serpentshrine Cavern,Lady Vashj,2,https://tbc.wowhead.com/item=30102,,,61,43,30
,11,Mail of Fevered Pursuit,Mail of Fevered Pursuit,Epic,108.94,,Hyjal Summit,Archimonde,3,https://tbc.wowhead.com/item=30907,,108,,49,,29
,12,Ranger-General's Chestguard,Ranger-General's Chestguard,Epic,107.25,,Serpentshrine Cavern,Hydross the Unstable,2,https://tbc.wowhead.com/item=30054,,88,,36,,14,,,,Blue,Red,Yellow
,13,Merciless Gladiator's Plate Chestpiece,Merciless Gladiator's Plate Chestpiece,Epic,106.72,92.01,Season 2,PvP,2,https://tbc.wowhead.com/item=30486,,,35,,14,35,,,,Red,Red,Yellow
,14,Breastplate of Kings,Breastplate of Kings,Epic,103.12,82.10,Blacksmithing,Crafted,1,https://tbc.wowhead.com/item=28483,,,31,,20,31,,,,Blue,Yellow,Yellow
,15,Warbringer Breastplate,Warbringer Breastplate,Epic,97.92,,Magtheridon's Lair,Magtheridon,1,https://tbc.wowhead.com/item=29019,,,44,,,26,,,,Yellow,Blue,Blue
,,Wrist,,,,,,,,,,ap,str,agi,hit,crit,haste,arp,exp,socket
,1,Deadly Cuffs,Deadly Cuffs,Epic,70.28,57.67,Hyjal Summit,Rage Winterchill,3,https://tbc.wowhead.com/item=30863,,58,,,12,28,,,,Yellow
,2,Bracers of Eradication,Bracers of Eradication,Epic,68.64,50.77,Serpentshrine Cavern,The Lurker Below,2,https://tbc.wowhead.com/item=30057,,,25,,17,24,,,,Blue
,3,Insidious Bands,Insidious Bands,Epic,63.48,50.87,Black Temple,Teron Gorefiend,3,https://tbc.wowhead.com/item=32324,,58,,28,12,,,,,Yellow
,4,Furious Shackles,Furious Shackles,Epic,62.48,,Hyjal Summit,Rage Winterchill,3,https://tbc.wowhead.com/item=30861,,,35,,,19,,,,Yellow
,5,Bladespire Warbands,Bladespire Warbands,Epic,62.08,,Gruul's Lair,High King Maulgar,1,https://tbc.wowhead.com/item=28795,,,20,,,24,,,,Blue,Red
,6,Wraps of Precise Flight,Wraps of Precise Flight,Epic,56.03,,Black Temple,Supremus,3,https://tbc.wowhead.com/item=32251,,58,,18,,19
,7,True-Aim Stalker Bands,True-Aim Stalker Bands,Epic,54.81,,Serpentshrine Cavern,Leotheras the Blind,2,https://tbc.wowhead.com/item=30091,,50,,,,24,,,,Yellow
,8,Vindicator's Plate Bracers,Vindicator's Plate Bracers,Epic,54.32,,Season 3,PvP,3,https://tbc.wowhead.com/item=33813,,,25,,,21,,,,Yellow
,9,Bindings of Lightning Reflexes,Bindings of Lightning Reflexes,Epic,54.25,,Leatherworking,Crafted,3,https://tbc.wowhead.com/item=32574,,56,,21,,,27
,10,Vindicator's Scaled Bracers,Vindicator's Scaled Bracers,Epic,52.80,,Season 3,PvP,3,https://tbc.wowhead.com/item=33910,,,29,,,15,,,,Yellow
,11,Swiftstrike Bracers,Swiftstrike Bracers,Epic,50.85,,Leatherworking,Crafted,3,https://tbc.wowhead.com/item=32580,,50,,20,,,27
,12,Vambraces of Ending,Vambraces of Ending,Epic,49.88,,Tempest Keep,High Astromancer Solarian,2,https://tbc.wowhead.com/item=29966,,52,,24,,,,,,Blue
,13,Swiftsteel Bracers,Swiftsteel Bracers,Epic,49.58,,Blacksmithing,Crafted,3,https://tbc.wowhead.com/item=32568,,,35,,,,27
,14,Bands of the Celestial Archer,Bands of the Celestial Archer,Epic,48.97,,Tempest Keep,Trash,2,https://tbc.wowhead.com/item=30026,,48,,17,,17
,15,Bracers of the Pathfinder,Bracers of the Pathfinder,Epic,48.74,,Hyjal Summit,Rage Winterchill,3,https://tbc.wowhead.com/item=30864,,48,,25,,,,,,Blue
,,Hands,,,,,,,,,,ap,str,agi,hit,crit,haste,arp,exp,socket
,1,Grips of Silent Justice,Grips of Silent Justice,Epic,101.88,86.11,Black Temple,Shade of Akama,3,https://tbc.wowhead.com/item=32278,,,40,,15,,,175,,Red,Red
,2,Onslaught Gauntlets,Onslaught Gauntlets,Epic,87.78,,Hyjal Summit,Azgalor,3,https://tbc.wowhead.com/item=30969,,,41,30,,,,91,,Red
,3,Gauntlets of Martial Perfection,Gauntlets of Martial Perfection,Epic,77.16,,Gruul's Lair,Gruul the Dragonkiller,1,https://tbc.wowhead.com/item=28824,,,36,,,23,,,,Blue,Yellow
,4,Liar's Tongue Gloves,Liar's Tongue Gloves,Epic,76.64,,Magtheridon's Lair,Magtheridon,1,https://tbc.wowhead.com/item=28776,,72,,,,26,,,,Blue,Blue
,5,Gloves of the Searing Grip,Gloves of the Searing Grip,Epic,75.20,,Tempest Keep,Al'ar,2,https://tbc.wowhead.com/item=29947,,66,,33,,,,,18
,6,Grips of Damnation,Grips of Damnation,Epic,72.80,,Black Temple,Devourer of Souls,3,https://tbc.wowhead.com/item=32347,,76,,27,,,37
,7,Destroyer Gauntlets,Destroyer Gauntlets,Epic,71.60,,Serpentshrine Cavern,Leotheras the Blind,2,https://tbc.wowhead.com/item=30119,,,44,,,30
,8,Fists of Mukoa,Fists of Mukoa,Epic,71.45,,Black Temple,High Warlord Naj'entus,3,https://tbc.wowhead.com/item=32234,,76,,25,,,37
,9,Pillager's Gauntlets,Pillager's Gauntlets,Epic,70.76,51.84,Black Temple,Trash,3,https://tbc.wowhead.com/item=32608,,,38,,18,,38
,10,Fel Leather Gloves,Fel Leather Gloves,Rare,70.00,52.14,Leatherworking,Crafted,1,https://tbc.wowhead.com/item=25685,,36,,,17,24,,,,Yellow,Red
,11,Vengeful Gladiator's Plate Gauntlets,Vengeful Gladiator's Plate Gauntlets,Epic,66.44,,Season 3,PvP,3,https://tbc.wowhead.com/item=33729,,,37,,,32
,12,Grips of Deftness,Grips of Deftness,Epic,65.95,,Karazhan,Trash,1,https://tbc.wowhead.com/item=30644,,60,,29,,,,,15
,13,Felfury Gauntlets,Felfury Gauntlets,Epic,63.02,,Blacksmithing,Crafted,1,https://tbc.wowhead.com/item=23531,,40,,,,27,,,,Red,Blue
,14,Gloves of Dexterous Manipulation,Gloves of Dexterous Manipulation,Epic,62.78,,Karazhan,Attumen the Huntsman,1,https://tbc.wowhead.com/item=28506,,42,,35,,,,,,Red,Blue
,15,Warbringer Gauntlets,Warbringer Gauntlets,Epic,61.81,42.89,Karazhan,The Curator,1,https://tbc.wowhead.com/item=29020,,,34,23,18
,,Waist,,,,,,,,,,ap,str,agi,hit,crit,haste,arp,exp,socket
,1,Belt of One-Hundred Deaths,Belt of One-Hundred Deaths,Epic,105.02,,Serpentshrine Cavern,Lady Vashj,2,https://tbc.wowhead.com/item=30106,,74,,29,,,,,25,Red,Blue
,2,Boneweave Girdle,Boneweave Girdle,Epic,93.91,76.04,Black Temple,Devourer of Souls,3,https://tbc.wowhead.com/item=32346,,76,,38,17,24
,3,Red Belt of Battle,Red Belt of Battle,Epic,92.60,77.89,Blacksmithing,Crafted,2,https://tbc.wowhead.com/item=30032,,,41,,14,24,,,,Blue,Yellow
,4,Don Alejandro's Money Belt,Don Alejandro's Money Belt,Epic,91.66,,Hyjal Summit,Anetheron,3,https://tbc.wowhead.com/item=30879,,76,,29,,19,,,,Red,Yellow
,5,Belt of Deep Shadow,Belt of Deep Shadow,Epic,83.90,64.98,Leatherworking,Crafted,2,https://tbc.wowhead.com/item=30040,,66,,32,18,,,,,Blue,Blue
,6,Girdle of the Endless Pit,Girdle of the Endless Pit,Epic,79.76,,Magtheridon's Lair,Magtheridon,1,https://tbc.wowhead.com/item=28779,,,34,,,28,,,,Red,Blue
,7,Belt of the Black Eagle,Belt of the Black Eagle,Epic,77.15,,Leatherworking,Crafted,2,https://tbc.wowhead.com/item=30046,,66,,17,,17,,,,Blue,Yellow
,8,Gronn-Stitched Girdle,Gronn-Stitched Girdle,Epic,75.72,,Gruul's Lair,Gruul the Dragonkiller,1,https://tbc.wowhead.com/item=28828,,72,,,,25,,,,Blue,Yellow
,9,Shadow-walker's Cord,Shadow-walker's Cord,Epic,72.80,,Black Temple,Shade of Akama,3,https://tbc.wowhead.com/item=32265,,76,,27,,,37
,10,Valestalker Girdle,Valestalker Girdle,Epic,72.26,,Hyjal Summit,Kaz'rogal,3,https://tbc.wowhead.com/item=30919,,76,,27,,,36
,11,Belt of Seething Fury,Belt of Seething Fury,Epic,68.52,,Hyjal Summit,Kaz'rogal,3,https://tbc.wowhead.com/item=30915,,,48,,,,38
,12,Vindicator's Plate Belt,Vindicator's Plate Belt,Epic,67.20,,Season 3,PvP,3,https://tbc.wowhead.com/item=33811,,,35,,,35
,13,Girdle of the Lightbearer,Girdle of the Lightbearer,Epic,66.28,,Black Temple,Trash,3,https://tbc.wowhead.com/item=32606,,,49,,,,32
,14,Girdle of the Tidal Call,Girdle of the Tidal Call,Epic,65.36,,Serpentshrine Cavern,Morogrim Tidewalker,2,https://tbc.wowhead.com/item=30068,,,35,,,33
,15,Vindicator's Scaled Belt,Vindicator's Scaled Belt,Epic,64.84,,Season 3,PvP,3,https://tbc.wowhead.com/item=33909,,,40,,,27
,,Ring,,,,,,,,,,ap,str,agi,hit,crit,haste,arp,exp,socket
,1,Stormrage Signet Ring,Stormrage Signet Ring,Epic,73.20,41.67,Black Temple,Illidan Stormrage,3,https://tbc.wowhead.com/item=32497,,66,,,30,,,126
,2,Unstoppable Aggressor's Ring,Unstoppable Aggressor's Ring,Epic,63.60,,Black Temple,Gurtogg Bloodboil,3,https://tbc.wowhead.com/item=32335,,,36,,,30
,3,Band of the Ranger-General,Band of the Ranger-General,Epic,63.45,44.53,Tempest Keep,Kael'thas Sunstrider,2,https://tbc.wowhead.com/item=29997,,56,,,18,28
,4,Band of the Eternal Champion,Band of the Eternal Champion,Epic,59.17,,Tanaris,Champion's Covenant,3,https://tbc.wowhead.com/item=29301,,87,,29
,5,Ring of Reciprocity,Ring of Reciprocity,Epic,55.86,40.09,Hellfire Peninsula,Doom Lord Kazzak,1,https://tbc.wowhead.com/item=30738,,62,,,15,19
,6,Ring of a Thousand Marks,Ring of a Thousand Marks,Epic,54.08,34.11,Karazhan,Prince Malchezaar,1,https://tbc.wowhead.com/item=28757,,44,,,19,23
,7,Vindicator's Band of Triumph,Vindicator's Band of Triumph,Epic,54.05,,Season 3,PvP,3,https://tbc.wowhead.com/item=33919,,44,,,,26,,56
,8,Ring of Deceitful Intent,Ring of Deceitful Intent,Epic,53.50,33.53,Black Temple,Shade of Akama,3,https://tbc.wowhead.com/item=32266,,58,,21,19
,9,Ring of Lethality,Ring of Lethality,Epic,51.89,31.92,Serpentshrine Cavern,Hydross the Unstable,2,https://tbc.wowhead.com/item=30052,,50,,24,19
,10,Shaffar's Band of Brutality,Shaffar's Band of Brutality,Epic,49.50,29.53,Mana-Tombs,Yor,1,https://tbc.wowhead.com/item=31920,,40,,,19,20
,11,Band of Eternity (revered),Band of Eternity (revered),Epic,46.90,,Tanaris,Champion's Oath,3,https://tbc.wowhead.com/item=29300,,60,,29
,12,Band of Devastation,Band of Devastation,Epic,46.74,,Black Temple,Trash,3,https://tbc.wowhead.com/item=32526,,66,,,,,31
,13,Mithril Band of the Unscarred,Mithril Band of the Unscarred,Epic,46.24,,Karazhan,Netherspite,1,https://tbc.wowhead.com/item=28730,,,26,,,22
,14,Ancestral Ring of Conquest,Ancestral Ring of Conquest,Epic,46.22,,Serpentshrine Cavern,The Lurker Below,2,https://tbc.wowhead.com/item=30061,,,32,21
,15,Ring of the Overseer,Ring of the Overseer,Epic,44.44,31.83,Blade's Edge Mountains,Shartuul,3,https://tbc.wowhead.com/item=32942,,56,,16,12
,,Legs,,,,,,,,,,ap,str,agi,hit,crit,haste,arp,exp,socket
,1,Leggings of Divine Retribution,Leggings of Divine Retribution,Epic,146.55,,Black Temple,Gurtogg Bloodboil,3,https://tbc.wowhead.com/item=32341,,,51,,,35,,350
,2,Onslaught Greaves,Onslaught Greaves,Epic,128.28,113.57,Black Temple,Illidari Council,3,https://tbc.wowhead.com/item=30977,,,62,41,14,,,105,,Blue
,3,Legguards of Endless Rage,Legguards of Endless Rage,Epic,125.24,105.27,Hyjal Summit,Archimonde,3,https://tbc.wowhead.com/item=30903,,,70,,19,46
,4,Bow-stitched Leggings,Bow-stitched Leggings,Epic,122.28,,Hyjal Summit,Azgalor,3,https://tbc.wowhead.com/item=30900,,100,,42,,20,,,,Red,Yellow,Blue
,5,Vengeful Gladiator's Plate Legguards,Vengeful Gladiator's Plate Legguards,Epic,117.60,104.99,Season 3,PvP,3,https://tbc.wowhead.com/item=33731,,,51,,12,47,,84
,6,Shady Dealer's Pantaloons,Shady Dealer's Pantaloons,Epic,111.88,,Hyjal Summit,Azgalor,3,https://tbc.wowhead.com/item=30898,,102,,50,,,,175
,7,Greaves of the Bloodwarder,Greaves of the Bloodwarder,Epic,107.52,,Tempest Keep,High Astromancer Solarian,2,https://tbc.wowhead.com/item=29950,,,49,,,31,,,,Red,Yellow,Blue
,8,Destroyer Greaves,Destroyer Greaves,Epic,106.40,83.28,Serpentshrine Cavern,Fathom-Lord Karathress,2,https://tbc.wowhead.com/item=30121,,,52,,22,32,,,,Red
,9,Leggings of Murderous Intent,Leggings of Murderous Intent,Epic,106.32,,Tempest Keep,Kael'thas Sunstrider,2,https://tbc.wowhead.com/item=29995,,92,,45,,37
,10,Scaled Greaves of the Marksman,Scaled Greaves of the Marksman,Epic,100.47,83.66,Hellfire Peninsula,Doom Lord Kazzak,1,https://tbc.wowhead.com/item=30739,,76,,37,16,,,,,Red,Red,Red
,11,Skulker's Greaves,Skulker's Greaves,Epic,99.79,70.36,Karazhan,Netherspite,1,https://tbc.wowhead.com/item=28741,,64,,32,28,,,,,Red,Red,Blue
,12,Merciless Gladiator's Plate Legguards,Merciless Gladiator's Plate Legguards,Epic,96.08,81.37,Season 2,PvP,2,https://tbc.wowhead.com/item=30489,,,47,,14,43
,13,Midnight Legguards,Midnight Legguards,Epic,95.49,77.62,Slave Pens,Quagmirran,1,https://tbc.wowhead.com/item=30538,,64,,,17,27,,,,Red,Red,Blue
,14,Void Reaver Greaves,Void Reaver Greaves,Epic,95.05,,Tempest Keep,Void Reaver,2,https://tbc.wowhead.com/item=29985,,88,,37,,,,,,Red,Yellow,Blue
,15,Fel Leather Leggings,Fel Leather Leggings,Rare,93.63,67.36,Leatherworking,Crafted,1,https://tbc.wowhead.com/item=25687,,52,,,25,25,,,,Red,Yellow,Yellow
,,Feet,,,,,,,,,,ap,str,agi,hit,crit,haste,arp,exp,socket
,1,Dreadboots of the Legion,Dreadboots of the Legion,Epic,97.84,78.92,Black Temple,Devourer of Souls,3,https://tbc.wowhead.com/item=32345,,,38,,18,30,,,,Yellow,Yellow
,2,Shadowmaster's Boots,Shadowmaster's Boots,Epic,90.49,,Black Temple,Mother Shahraz,3,https://tbc.wowhead.com/item=32366,,76,,30,,17,,,,Red,Yellow
,3,Softstep Boots of Tracking,Softstep Boots of Tracking,Epic,88.30,70.43,Black Temple,Teron Gorefiend,3,https://tbc.wowhead.com/item=32510,,76,,27,17,26
,4,Quickstrider Moccasins,Quickstrider Moccasins,Epic,75.52,59.75,Hyjal Summit,Anetheron,3,https://tbc.wowhead.com/item=30880,,58,,28,15,,,,,Red,Yellow
,5,Boots of Utter Darkness,Boots of Utter Darkness,Epic,75.08,50.90,Leatherworking,Crafted,2,https://tbc.wowhead.com/item=30039,,66,,,23,32
,6,Warboots of Obliteration,Warboots of Obliteration,Epic,72.52,,Serpentshrine Cavern,Morogrim Tidewalker,2,https://tbc.wowhead.com/item=30081,,,44,,,31
,7,Star-Strider Boots,Star-Strider Boots,Epic,72.34,,Tempest Keep,High Astromancer Solarian,2,https://tbc.wowhead.com/item=29951,,66,,33,,,,,,Blue,Blue
,8,Cobra-Lash Boots,Cobra-Lash Boots,Epic,72.34,,Serpentshrine Cavern,Lady Vashj,2,https://tbc.wowhead.com/item=30104,,66,,33,,,,,,Blue,Red
,9,Fel Leather Boots,Fel Leather Boots,Rare,69.00,42.73,Leatherworking,Crafted,1,https://tbc.wowhead.com/item=25686,,36,,,25,17,,,,Yellow,Red
,10,Edgewalker Longboots,Edgewalker Longboots,Epic,68.47,54.81,Karazhan,Moroes,1,https://tbc.wowhead.com/item=28545,,44,,29,13,,,,,Red,Yellow
,11,Black Featherlight Boots,Black Featherlight Boots,Epic,67.66,31.93,Hyjal Summit,Kaz'rogal,3,https://tbc.wowhead.com/item=30891,,98,,,34
,12,Vindicator's Plate Greaves,Vindicator's Plate Greaves,Epic,67.20,,Season 3,PvP,3,https://tbc.wowhead.com/item=33812,,,35,,,35
,13,Ironstriders of Urgency,Ironstriders of Urgency,Epic,66.54,,Karazhan,Nightbane,1,https://tbc.wowhead.com/item=28608,,,33,20,,,,,,Red,Yellow
,14,Vortex Walking Boots,Vortex Walking Boots,Epic,65.48,,Ogri'la,Exalted,3,https://tbc.wowhead.com/item=32648,,,28,,,19,,,,Yellow,Blue
,15,Vindicator's Scaled Greaves,Vindicator's Scaled Greaves,Epic,64.84,,Season 3,PvP,3,https://tbc.wowhead.com/item=33911,,,40,,,27
,,Trinket,,,,,,,,,,ap,str,agi,hit,crit,haste,arp,exp,socket
,1,Solarian's Sapphire (Group AP Buff),Solarian's Sapphire (Group AP Buff),Epic,159.08,,Tempest Keep,High Astromancer Solarian,2,https://tbc.wowhead.com/item=30446,,350
,2,Dragonspine Trophy,Dragonspine Trophy,Epic,88.38,,Gruul's Lair,Gruul the Dragonkiller,1,https://tbc.wowhead.com/item=28830,,40,,,,,130
,3,Madness of the Betrayer,Madness of the Betrayer,Epic,78.93,57.91,Black Temple,High Nethermancer Zerevor,3,https://tbc.wowhead.com/item=32505,,84,,,20,,,150
,4,Tsunami Talisman,Tsunami Talisman,Epic,69.86,59.35,Serpentshrine Cavern,Leotheras the Blind,2,https://tbc.wowhead.com/item=30627,,61.82,,,10,38
,5,Mark of the Champion (undead/demon),Mark of the Champion (undead/demon),Epic,68.18,,Naxxramas,The Fall of Kel'Thuzad,1,https://tbc.wowhead.com/item=23206,,150
,6,Darkmoon Card: Crusade,Darkmoon Card: Crusade,Epic,54.54,,Darkmoon Faire,,2,https://tbc.wowhead.com/item=31856,,120
,7,Bloodlust Brooch,Bloodlust Brooch,Epic,53.63,,Badge of Justice,G'eras,1,https://tbc.wowhead.com/item=29383,,118
,8,Hourglass of the Unraveller,Hourglass of the Unraveller,Rare,52.17,,Black Morass,Temporus,1,https://tbc.wowhead.com/item=28034,,50,,,,32
,9,Slayer's Crest,Slayer's Crest,Epic,48.63,,Naxxramas,Sapphiron,0,https://tbc.wowhead.com/item=23041,,107
,10,Abacus of Violent Odds,Abacus of Violent Odds,Rare,40.78,,Mechanar,Pathaleon the Calculator,1,https://tbc.wowhead.com/item=28288,,64,,,,,21.65
,11,Drake Fang Talisman,Drake Fang Talisman,Epic,39.05,18.03,Blackwing Lair,Ebonroc,0,https://tbc.wowhead.com/item=19406,,56,,,20
,12,Bladefist's Breadth,Bladefist's Breadth,Rare,38.92,,Hellfire Peninsula,Overlord,1,https://tbc.wowhead.com/item=28041,,33,,,,26
,13,Core of Ar'kelos,Core of Ar'kelos,Uncommon,38.63,,Archmage Vargoth,Ar'kelos the Guardian,1,https://tbc.wowhead.com/item=29776,,85
,14,Icon of Unyielding Courage,Icon of Unyielding Courage,Rare,38.50,6.97,Blood Furnace,Keli'dan the Breaker,1,https://tbc.wowhead.com/item=28121,,,,,30,,,100
,15,Ancient Draenei War Talisman,Ancient Draenei War Talisman,Uncommon,34.47,,,The Vengeful Harbinger,0,https://tbc.wowhead.com/item=31617,,33.33,,,,21
,,Ranged,,,,,,,,,,ap,str,agi,hit,crit,haste,arp,exp,socket
,,Serpent Spine Longbow,Serpent Spine Longbow,Epic,31.99,,Serpentshrine Cavern,Lady Vashj,2,https://tbc.wowhead.com/item=30105,,38,,,,16
,,Barrel-Blade Longrifle,Barrel-Blade Longrifle,Epic,30.83,,Shadowmoon Valley,Doomwalker,1,https://tbc.wowhead.com/item=30724,,,,16,,,,,,Red,Red
,,Twisted Blades of Zarak,Twisted Blades of Zarak,Epic,30.29,,Black Temple,Teron Gorefiend,3,https://tbc.wowhead.com/item=32326,,,,23,,16
,,Vengeful Gladiator's War Edge,Vengeful Gladiator's War Edge,Epic,29.28,,Season 3,PvP,3,https://tbc.wowhead.com/item=33765,,30,,,,17
,,Sunfury Bow of the Phoenix,Sunfury Bow of the Phoenix,Epic,28.32,,Karazhan,Prince Malchezaar,1,https://tbc.wowhead.com/item=28772,,34,,19
,,Merciless Gladiator's War Edge,Merciless Gladiator's War Edge,Epic,27.45,,Season 2,PvP,2,https://tbc.wowhead.com/item=32054,,28,,,,16
,,Mama's Insurance,Mama's Insurance,Uncommon,26.83,,,Declawing Doomclaw,1,https://tbc.wowhead.com/item=30279,,32,,10,,6
,,Xavian Stiletto,Xavian Stiletto,Epic,26.56,13.95,Karazhan,Terestian Illhoof,1,https://tbc.wowhead.com/item=28659,,,,,12,20
,,Serpentshrine Shuriken,Serpentshrine Shuriken,Epic,26.56,13.95,Serpentshrine Cavern,Trash,2,https://tbc.wowhead.com/item=30025,,,,,12,20
,,Arcanite Steam-Pistol,Arcanite Steam-Pistol,Epic,26.46,6.49,Tempest Keep,Al'ar,2,https://tbc.wowhead.com/item=29949,,,,20,19
,,Veteran's Musket,Veteran's Musket,Epic,25.60,14.04,Honor Hold,Exalted,1,https://tbc.wowhead.com/item=29151,,22,,12,11
,,Marksman's Bow,Marksman's Bow,Epic,25.60,14.04,Thrallmar,Exalted,1,https://tbc.wowhead.com/item=29152,,22,,12,11
,,Felsteel Whisper Knives,Felsteel Whisper Knives,Rare,25.09,14.58,Blacksmithing,Crafted,1,https://tbc.wowhead.com/item=29204,,20,,,10,10
,,Wolfslayer Sniper Rifle,Wolfslayer Sniper Rifle,Epic,24.70,,Karazhan,The Big Bad Wolf,1,https://tbc.wowhead.com/item=28581,,32,,15
,,Steelhawk Crossbow,Steelhawk Crossbow,Epic,24.52,7.70,Karazhan,Attumen the Huntsman,1,https://tbc.wowhead.com/item=28504,,30,,,16
,,Two Hand,,,,,,,,,,type,dps,spd,ap,str,agi,hit,crit,haste,arp,exp,socket
,1,Cataclysm's Edge,Cataclysm's Edge,Epic,"1,377.64",,Hyjal Summit,Archimonde,3,https://tbc.wowhead.com/item=30902,,Sword,138,3.5,,75,,,,,335
,2,Vengeful Gladiator's Bonegrinder,Vengeful Gladiator's Bonegrinder,Epic,"1,324.06","1,308.29",Season 3,PvP,3,https://tbc.wowhead.com/item=33663,,Mace,134.2,3.6,,46,,15,46,,98
,3,Vengeful Gladiator's Greatsword,Vengeful Gladiator's Greatsword,Epic,"1,324.06","1,308.29",Season 3,PvP,3,https://tbc.wowhead.com/item=33688,,Sword,134.2,3.6,,46,,15,46,,98
,4,Vengeful Gladiator's Decapitator,Vengeful Gladiator's Decapitator,Epic,"1,319.87","1,304.11",Season 3,PvP,3,https://tbc.wowhead.com/item=33670,,Axe,134.2,3.6,92,,,15,46,,98
,5,Soul Cleaver,Soul Cleaver,Epic,"1,295.62",,Black Temple,Teron Gorefiend,3,https://tbc.wowhead.com/item=32348,,Axe,130.4,3.7,,65,,,,,315
,6,Vengeful Gladiator's Painsaw,Vengeful Gladiator's Painsaw,Epic,"1,291.95",,Season 3,PvP,3,https://tbc.wowhead.com/item=33727,,Polearm,134.1,2.2,92,,,,47
,7,Twinblade of the Phoenix,Twinblade of the Phoenix,Epic,"1,287.64",,Tempest Keep,Kael'thas Sunstrider,2,https://tbc.wowhead.com/item=29993,,Sword,130.4,3.6,110,,,,37,,,,Red,Yellow,Blue
,8,Torch of the Damned,Torch of the Damned,Epic,"1,286.56",,Black Temple,Devourer of Souls,3,https://tbc.wowhead.com/item=32332,,Mace,130.4,3.8,,51,,,38,50
,9,Halberd of Desolation,Halberd of Desolation,Epic,"1,273.98","1,242.45",Black Temple,High Warlord Naj'entus,3,https://tbc.wowhead.com/item=32248,,Polearm,130.4,3.5,100,,51,30
,10,Lionheart Executioner,Lionheart Executioner,Epic,"1,253.89",,Blacksmithing,Crafted,2,https://tbc.wowhead.com/item=28430,,Sword,126.9,3.6,,82,44
,11,Bloodmoon,Bloodmoon,Epic,"1,244.52",,Blacksmithing,Crafted,2,https://tbc.wowhead.com/item=28436,,Axe,126.9,3.7,112,,,,56
,12,Merciless Gladiator's Bonegrinder,Merciless Gladiator's Bonegrinder,Epic,"1,234.98","1,216.06",Season 2,PvP,2,https://tbc.wowhead.com/item=31959,,Mace,126.9,3.6,,42,,18,42
,13,Merciless Gladiator's Greatsword,Merciless Gladiator's Greatsword,Epic,"1,234.98","1,216.06",Season 2,PvP,2,https://tbc.wowhead.com/item=31984,,Sword,126.9,3.6,,42,,18,42
,14,Merciless Gladiator's Decapitator,Merciless Gladiator's Decapitator,Epic,"1,231.16","1,212.24",Season 2,PvP,2,https://tbc.wowhead.com/item=31966,,Axe,126.9,3.6,84,,,18,42
,15,Merciless Gladiator's Painsaw,Merciless Gladiator's Painsaw,Epic,"1,217.11",,Season 2,PvP,2,https://tbc.wowhead.com/item=32025,,Polearm,126.8,2.2,82,,,,42
,16,Stormherald,Stormherald,Epic,"1,213.43",,Blacksmithing,Crafted,2,https://tbc.wowhead.com/item=28442,,Mace,127,3.8,,42,42
,17,World Breaker,World Breaker,Epic,"1,179.50",,Serpentshrine Cavern,Fathom-Lord Karathress,2,https://tbc.wowhead.com/item=30090,,Mace,125.5,3.7,,50
,18,Lionheart Champion,Lionheart Champion,Epic,"1,176.19",,Blacksmithing,Crafted,1,https://tbc.wowhead.com/item=28429,,Sword,118.6,3.6,,79,44
,19,Mooncleaver,Mooncleaver,Epic,"1,163.42",,Blacksmithing,Crafted,1,https://tbc.wowhead.com/item=28435,,Axe,118.6,3.7,106,,,,52
,20,Ethereum Nexus-Reaver,Ethereum Nexus-Reaver,Epic,"1,159.70",,Shadowmoon Valley,Doomwalker,1,https://tbc.wowhead.com/item=30722,,Axe,116.9,3.7,,50,,,30,,,,Red,Yellow,Yellow
,21,Gorehowl,Gorehowl,Epic,"1,157.21",,Karazhan,Prince Malchezaar,1,https://tbc.wowhead.com/item=28773,,Axe,119.9,3.6,,49,43
,22,Hammer of the Naaru,Hammer of the Naaru,Epic,"1,153.10",,Gruul's Lair,High King Maulgar,1,https://tbc.wowhead.com/item=28800,,Mace,119.9,3.6,,44,,,,,,,Red,Red,Blue
,23,Gladiator's Greatsword,Gladiator's Greatsword,Epic,"1,145.20","1,124.18",Season 1,PvP,1,https://tbc.wowhead.com/item=24550,,Sword,118.6,3.6,,32,,20,35
,24,Gladiator's Bonegrinder,Gladiator's Bonegrinder,Epic,"1,145.20","1,124.18",Season 1,PvP,1,https://tbc.wowhead.com/item=28299,,Mace,118.6,3.6,,32,,20,35
,25,Gladiator's Decapitator,Gladiator's Decapitator,Epic,"1,142.29","1,121.27",Season 1,PvP,1,https://tbc.wowhead.com/item=28298,,Axe,118.6,3.6,64,,,20,35
,26,Axe of the Gronn Lords,Axe of the Gronn Lords,Epic,"1,135.46",,Gruul's Lair,Gruul the Dragonkiller,1,https://tbc.wowhead.com/item=28794,,Axe,119.9,3.6,124
,27,Gladiator's Painsaw,Gladiator's Painsaw,Epic,"1,129.62",,Season 1,PvP,1,https://tbc.wowhead.com/item=28300,,Polearm,118.4,2.2,70,,,,35
,28,Deep Thunder,Deep Thunder,Epic,"1,129.45",,Blacksmithing,Crafted,1,https://tbc.wowhead.com/item=28441,,Mace,118.6,3.8,,37,37
,29,Glaive of the Pit,Glaive of the Pit,Epic,"1,107.30",,Magtheridon's Lair,Magtheridon,1,https://tbc.wowhead.com/item=28774,,Polearm,119.7,3.7,,,,,,,,,Red,Red,Red
,30,Legacy,Legacy,Epic,"1,089.44",,Karazhan,The Crone,1,https://tbc.wowhead.com/item=28587,,Axe,114,3.5,80,,40
,31,Despair,Despair,Epic,"1,078.00",,Karazhan,Julianne,1,https://tbc.wowhead.com/item=28573,,Sword,114,3.5,,52
,32,Lunar Crescent,Lunar Crescent,Epic,"1,073.27",,Blacksmithing,Crafted,1,https://tbc.wowhead.com/item=28434,,Axe,109.6,3.7,96,,,,47
,33,Lionheart Blade,Lionheart Blade,Epic,"1,061.83",,Blacksmithing,Crafted,1,https://tbc.wowhead.com/item=28428,,Sword,109.6,3.6,,47,42
,34,Felsteel Reaper,Felsteel Reaper,Epic,"1,055.00",,Blacksmithing,Crafted,1,https://tbc.wowhead.com/item=23543,,Axe,108.5,3.4,112,,,,30
,35,Khorium Champion,Khorium Champion,Epic,"1,051.66","1,012.77",Blacksmithing,Crafted,1,https://tbc.wowhead.com/item=23541,,Sword,108.5,3.3,,50,,37
,36,Quantum Blade,Quantum Blade,Epic,"1,051.36",,Black Morass,Aeonus,1,https://tbc.wowhead.com/item=29356,,Sword,108.6,3.5,102,,,,30
,37,Thunder,Thunder,Epic,"1,048.45",,Blacksmithing,Crafted,1,https://tbc.wowhead.com/item=28440,,Mace,109.6,3.8,,37,37
,38,Fel Hardened Maul,Fel Hardened Maul,Epic,"1,045.82",,Blacksmithing,Crafted,1,https://tbc.wowhead.com/item=23546,,Mace,108.5,3.3,,50,,,21
,39,Trident of the Outcast Tribe,Trident of the Outcast Tribe,Epic,"1,011.88",974.04,Lower City,Exalted,1,https://tbc.wowhead.com/item=30830,,Polearm,105.6,3.2,,37,,36
,40,The Hammer of Destiny,The Hammer of Destiny,Epic,983.30,,,World Drop,1,https://tbc.wowhead.com/item=31322,,Mace,105.7,3.6,,32
,41,Illidari-Bane Claymore (Demon),Illidari-Bane Claymore (Demon),Rare,941.02,,Shadowmoon Valley,Quenching the Blade,1,https://tbc.wowhead.com/item=30789,,Sword,93.2,3.7,150,,,,37
,42,Hellforged Halberd,Hellforged Halberd,Rare,912.04,892.07,Honor Hold,Revered,1,https://tbc.wowhead.com/item=29166,,Polearm,93.3,3.5,92,,26,19
,43,Blackened Spear,Blackened Spear,Rare,912.04,892.07,Thrallmar,Revered,1,https://tbc.wowhead.com/item=29167,,Polearm,93.3,3.5,92,,26,19
,44,Endbringer,Endbringer,Rare,909.20,,Underbog,The Black Stalker,1,https://tbc.wowhead.com/item=27769,,Sword,93.2,3.4,,29,,,45
,45,Warmaul of Infused Light,Warmaul of Infused Light,Rare,909.02,,Arcatraz,Wrath-Scryer Soccothrates,1,https://tbc.wowhead.com/item=28393,,Mace,93.3,3.5,,20,,,21,,,,Red,Yellow,Blue
