Feral Bear Phase 3,,,Value Credit: TBC Bear Preliminary Stat Weights Calculator https://docs.google.com/spreadsheets/d/1n2GkboHGUiQII7ofRlJhjHSgUzbv3P2Rd-lfGKuVYWo/edit#gid=1748312112
,,Item,,,EPV,If Hit  Capped,Location,Phase,,,Stats
,,Head,,,,,,,,,,armor,stam,ap,agi,hit,def,dodge,socket
,1,Thunderheart Cover,Thunderheart Cover,Epic,870.19,,Hyjal Summit,Archimonde,3,https://tbc.wowhead.com/item=31039,,611,49,,39,,,,Blue,Meta
,2,Cursed Vision of Sargeras,Cursed Vision of Sargeras,Epic,866.75,804.27,Black Temple,Illidan Stormrage,3,https://tbc.wowhead.com/item=32235,,385,46,108,39,21,,,Meta,Yellow
,3,Vengeful Gladiator's Dragonhide Helm,Vengeful Gladiator's Dragonhide Helm,Epic,835.90,800.20,Season 3,PvP,3,https://tbc.wowhead.com/item=33672,,429,58,,31,12,,,Meta,Yellow
,4,Nordrassil Headdress,Nordrassil Headdress,Epic,785.77,,Serpentshrine Cavern,Lady Vashj,2,https://tbc.wowhead.com/item=30228,,565,43,,33,,,,Red,Meta
,5,Stag-Helm of Malorne,Stag-Helm of Malorne,Epic,700.20,,Karazhan,Prince Malchezaar,1,https://tbc.wowhead.com/item=29098,,490,30,,33,,,,Yellow,Meta
,6,Deathblow X11 Goggles,Deathblow X11 Goggles,Epic,688.48,655.76,Engineering,Crafted,2,https://tbc.wowhead.com/item=32478,,326,28,76,48,11,,,Meta,Blue
,7,Merciless Gladiator's Dragonhide Helm,Merciless Gladiator's Dragonhide Helm,Epic,687.80,,Season 2,PvP,2,https://tbc.wowhead.com/item=31968,,404,52,,27,,,,Meta,Yellow
,8,Mask of the Deceiver,Mask of the Deceiver,Epic,629.17,581.57,Badge of Justice,G'eras,1,https://tbc.wowhead.com/item=32087,,283,36,64,32,16,,,Yellow,Meta
,9,Gladiator's Dragonhide Helm,Gladiator's Dragonhide Helm,Epic,610.14,,Season 1,PvP,1,https://tbc.wowhead.com/item=28127,,356,45,,20,,,,Meta,Yellow
,10,Cowl of Beastly Rage,Cowl of Beastly Rage,Epic,604.37,,Badge of Justice,G'eras,1,https://tbc.wowhead.com/item=32088,,423,27,,26,,,,Yellow,Meta
,11,Malefic Mask of the Shadows,Malefic Mask of the Shadows,Epic,548.41,456.18,Gruul's Lair,High King Maulgar,1,https://tbc.wowhead.com/item=28796,,321,45,84,,31
,12,Cowl of Defiance,Cowl of Defiance,Epic,544.13,472.73,Karazhan,Netherspite,1,https://tbc.wowhead.com/item=28732,,296,33,100,34,24
,13,Helm of the Claw,Helm of the Claw,Rare,531.89,490.24,Zangarmarsh,The Warlord's Hideout,1,https://tbc.wowhead.com/item=28182,,237,21,66,25,14,,,Yellow,Meta
,14,Vengeful Gladiator's Kodohide Helm,Vengeful Gladiator's Kodohide Helm,Epic,527.80,,Season 3,PvP,3,https://tbc.wowhead.com/item=33691,,415,58,,,,,,Meta,Yellow
,15,Vengeful Gladiator's Wyrmhide Helm,Vengeful Gladiator's Wyrmhide Helm,Epic,527.80,,Season 3,PvP,3,https://tbc.wowhead.com/item=33768,,415,58,,,,,,Meta,Yellow
,,Neck,,,,,,,,,,armor,stam,ap,agi,hit,def,dodge,socket
,1,Telonicus's Pendant of Mayhem,Telonicus's Pendant of Mayhem,Epic,247.79,,Tempest Keep,Kael'thas and the Verdant Sphere,2,https://tbc.wowhead.com/item=30017,,,26,70,27
,2,Choker of Serrated Blades,Choker of Serrated Blades,Epic,230.89,,Hyjal Summit,Trash,3,https://tbc.wowhead.com/item=32591,,,37,70
,3,Worgen Claw Necklace,Worgen Claw Necklace,Epic,229.38,178.80,Karazhan,Attumen the Huntsman,1,https://tbc.wowhead.com/item=28509,,,21,42,20,17
,4,Pendant of Titans,Pendant of Titans,Epic,229.28,169.78,Black Temple,Devourer of Souls,3,https://tbc.wowhead.com/item=32362,,,43,,,20,21,25
,5,Vindicator's Pendant of Triumph,Vindicator's Pendant of Triumph,Epic,228.78,,Season 3,PvP,3,https://tbc.wowhead.com/item=33923,,,35,50,,,,,Yellow
,6,Choker of Vile Intent,Choker of Vile Intent,Epic,223.55,170.00,Badge of Justice,G'eras,1,https://tbc.wowhead.com/item=29381,,,18,42,20,18
,7,Amulet of Bitter Hatred,Amulet of Bitter Hatred,Epic,223.55,170.00,Slave Pens,Ahune,3,https://tbc.wowhead.com/item=35507,,,18,42,20,18
,8,Saberclaw Talisman,Saberclaw Talisman,Epic,221.75,,Karazhan,Shade of Aran,1,https://tbc.wowhead.com/item=28674,,,33,46,21
,9,Mithril Chain of Heroism,Mithril Chain of Heroism,Epic,210.70,,Karazhan,Chess Event,1,https://tbc.wowhead.com/item=28745,,,22,,22
,10,Necklace of the Deep,Necklace of the Deep,Rare,203.67,,Jewelcrafting,Crafted,1,https://tbc.wowhead.com/item=32508,,,20,,21,,,,Red,Red
,11,Frayed Tether of the Drowned,Frayed Tether of the Drowned,Epic,202.98,149.43,Serpentshrine Cavern,Fathom-Lord Karathress,2,https://tbc.wowhead.com/item=30099,,,45,,,18,24
,12,Veteran's Pendant of Triumph,Veteran's Pendant of Triumph,Epic,201.47,,Season 2,PvP,2,https://tbc.wowhead.com/item=33066,,,31,42,,,,,Yellow
,13,Bone Chain Necklace,Bone Chain Necklace,Rare,198.92,160.24,Underbog,The Black Stalker,1,https://tbc.wowhead.com/item=27779,,,18,36,19,13
,14,Pendant of the Perilous,Pendant of the Perilous,Epic,186.49,,Serpentshrine Cavern,Trash,2,https://tbc.wowhead.com/item=30022,,,24
,15,Choker of Endless Nightmares,Choker of Endless Nightmares,Epic,185.65,123.17,Black Temple,Supremus,3,https://tbc.wowhead.com/item=32260,,,,72,,21
,,Shoulders,,,,,,,,,,armor,stam,ap,agi,hit,def,dodge,socket
,1,Thunderheart Pauldrons,Thunderheart Pauldrons,Epic,638.46,,Black Temple,Mother Shahraz,3,https://tbc.wowhead.com/item=31048,,484,34,,36,,,,Yellow,Blue
,2,Vengeful Gladiator's Dragonhide Spaulders,Vengeful Gladiator's Dragonhide Spaulders,Epic,606.70,,Season 3,PvP,3,https://tbc.wowhead.com/item=33674,,400,43,,30,,,,Red,Yellow
,3,Nordrassil Feral-Mantle,Nordrassil Feral-Mantle,Epic,596.27,,Tempest Keep,Void Reaver,2,https://tbc.wowhead.com/item=30230,,468,28,,34,,,,Yellow,Blue
,4,Razorfury Mantle,Razorfury Mantle,Epic,552.79,,Hyjal Summit,Kaz'rogal,3,https://tbc.wowhead.com/item=30917,,333,55,76,28
,5,Shoulderpads of the Stranger,Shoulderpads of the Stranger,Epic,541.57,,Serpentshrine Cavern,Hydross the Unstable,2,https://tbc.wowhead.com/item=30055,,303,28,60,33,,,,Red
,6,Mantle of Malorne,Mantle of Malorne,Epic,531.57,,Gruul's Lair,High King Maulgar,1,https://tbc.wowhead.com/item=29100,,410,25,,27,,,,Blue,Blue
,7,Merciless Gladiator's Dragonhide Spaulders,Merciless Gladiator's Dragonhide Spaulders,Epic,517.40,,Season 2,PvP,2,https://tbc.wowhead.com/item=31971,,377,39,,21,,,,Red,Yellow
,8,Swiftstrike Shoulders,Swiftstrike Shoulders,Epic,508.46,,Leatherworking,Crafted,3,https://tbc.wowhead.com/item=32581,,333,34,74,29
,9,Mantle of Darkness,Mantle of Darkness,Epic,488.31,422.86,Black Temple,High Warlord Naj'entus,3,https://tbc.wowhead.com/item=32377,,333,34,94,,22
,10,Gladiator's Dragonhide Spaulders,Gladiator's Dragonhide Spaulders,Epic,457.22,,Season 1,PvP,1,https://tbc.wowhead.com/item=28129,,331,33,,17,,,,Red,Yellow
,11,Bladed Shoulderpads of the Merciless,Bladed Shoulderpads of the Merciless,Epic,429.92,391.24,Karazhan,Chess Event,1,https://tbc.wowhead.com/item=28755,,273,30,58,,13,,,Yellow,Yellow
,12,Mantle of Shadowy Embrace,Mantle of Shadowy Embrace,Epic,408.52,,Blood Furnace,Keli'dan the Breaker,1,https://tbc.wowhead.com/item=32080,,262,33,34,39
,13,Wastewalker Shoulderpads,Wastewalker Shoulderpads,Rare,394.74,347.13,Auchenai Crypts,Avatar of the Martyred,1,https://tbc.wowhead.com/item=27797,,219,13,34,25,16,,,Red,Blue
,14,Vengeful Gladiator's Kodohide Spaulders,Vengeful Gladiator's Kodohide Spaulders,Epic,393.69,,Season 3,PvP,3,https://tbc.wowhead.com/item=33693,,400,43,,,,,,Red,Yellow
,15,Shoulderpads of Assassination,Shoulderpads of Assassination,Rare,387.77,,Sethekk Halls,Talon King Ikiss,1,https://tbc.wowhead.com/item=27776,,219,25,42,25,,,,Yellow,Yellow
,,Back,,,,,,,,,,armor,stam,ap,agi,hit,def,dodge,socket
,1,Thalassian Wildercloak,Thalassian Wildercloak,Epic,313.45,,Tempest Keep,Kael'thas Sunstrider,2,https://tbc.wowhead.com/item=29994,,116,28,68,28
,2,Gilded Thorium Cloak,Gilded Thorium Cloak,Epic,298.05,,Karazhan,Terestian Illhoof,1,https://tbc.wowhead.com/item=28660,,385,30,,,,24
,3,Thoriumweave Cloak,Thoriumweave Cloak,Rare,297.77,,Mechanar,Mechano-Lord Capacitus,1,https://tbc.wowhead.com/item=28256,,390,35
,4,Shadowmoon Destroyer's Drape,Shadowmoon Destroyer's Drape,Epic,297.49,246.91,Black Temple,Teron Gorefiend,3,https://tbc.wowhead.com/item=32323,,118,24,72,,17
,5,Drape of the Dark Reavers,Drape of the Dark Reavers,Epic,284.95,234.37,Karazhan,Shade of Aran,1,https://tbc.wowhead.com/item=28672,,97,21,34,24,17
,6,Razor-Scale Battlecloak,Razor-Scale Battlecloak,Epic,279.82,,Serpentshrine Cavern,Morogrim Tidewalker,2,https://tbc.wowhead.com/item=30098,,108,22,,23
,7,Resolute Cape,Resolute Cape,Epic,262.59,,Tailoring,Crafted,1,https://tbc.wowhead.com/item=24258,,349,30
,8,Cloak of Darkness (melee),Cloak of Darkness (melee),Epic,259.86,,Tailoring,Crafted,3,https://tbc.wowhead.com/item=33122,,101,25,,,,,,Blue
,9,Royal Cloak of Arathi Kings,Royal Cloak of Arathi Kings,Epic,245.97,198.37,Karazhan,Moroes,1,https://tbc.wowhead.com/item=28529,,97,31,,,16
,10,Blood Knight War Cloak,Blood Knight War Cloak,Epic,245.54,,Badge of Justice,G'eras,1,https://tbc.wowhead.com/item=29382,,93,22,48,23
,11,The Frost Lord's War Cloak,The Frost Lord's War Cloak,Epic,245.54,,Slave Pens,Ahune,3,https://tbc.wowhead.com/item=35495,,93,22,48,23
,12,Icebound Cloak,Icebound Cloak,Epic,239.74,,Slave Pens,Ahune,3,https://tbc.wowhead.com/item=35496,,267,30,,,,25
,13,Cloak of the Pit Stalker,Cloak of the Pit Stalker,Epic,236.14,,Magtheridon's Lair,Magtheridon,1,https://tbc.wowhead.com/item=28777,,105,28,56
,14,Farstrider Wildercloak,Farstrider Wildercloak,Epic,228.12,,Karazhan,Prince Malchezaar,1,https://tbc.wowhead.com/item=28764,,105,36,70
,15,Auchenai Death Shroud,Auchenai Death Shroud,Rare,226.00,175.42,Auchenai Crypts,Avatar of the Martyred,1,https://tbc.wowhead.com/item=27878,,78,15,36,15,17
,,Chest,,,,,,,,,,armor,stam,ap,agi,hit,def,dodge,socket
,1,Thunderheart Chestguard,Thunderheart Chestguard,Epic,901.65,,Black Temple,Illidan Stormrage,3,https://tbc.wowhead.com/item=31042,,781,51,,36,,,,Blue,Yellow,Red
,2,Nordrassil Chestplate,Nordrassil Chestplate,Epic,812.75,,Tempest Keep,Kael'thas Sunstrider,2,https://tbc.wowhead.com/item=30222,,727,43,,30,,,,Blue,Yellow,Red
,3,Midnight Chestguard,Midnight Chestguard,Epic,810.17,723.89,Hyjal Summit,Archimonde,3,https://tbc.wowhead.com/item=30905,,474,64,106,,29,,,Blue,Red,Yellow
,4,Nether Shadow Tunic,Nether Shadow Tunic,Epic,806.02,701.88,Black Temple,Supremus,3,https://tbc.wowhead.com/item=32252,,444,52,86,36,35,,,Red,Yellow,Blue
,5,Vengeful Gladiator's Dragonhide Tunic,Vengeful Gladiator's Dragonhide Tunic,Epic,804.92,769.22,Season 3,PvP,3,https://tbc.wowhead.com/item=33675,,529,54,,31,12,,,Red,Red,Yellow
,6,Breastplate of Malorne,Breastplate of Malorne,Epic,743.78,,Magtheridon's Lair,Magtheridon,1,https://tbc.wowhead.com/item=29096,,659,36,,34,,,,Yellow,Blue,Red
,7,Merciless Gladiator's Dragonhide Tunic,Merciless Gladiator's Dragonhide Tunic,Epic,656.98,,Season 2,PvP,2,https://tbc.wowhead.com/item=31972,,498,48,,22,,,,Red,Red,Yellow
,8,Bloodsea Brigand's Vest,Bloodsea Brigand's Vest,Epic,620.35,540.02,Serpentshrine Cavern,Fathom-Lord Karathress,2,https://tbc.wowhead.com/item=30101,,404,24,92,,27,,,Yellow,Yellow,Blue
,9,Primalstrike Vest,Primalstrike Vest,Epic,590.59,554.89,Leatherworking,Crafted,1,https://tbc.wowhead.com/item=29525,,379,39,108,38,12
,10,Gladiator's Dragonhide Tunic,Gladiator's Dragonhide Tunic,Epic,586.01,,Season 1,PvP,1,https://tbc.wowhead.com/item=28130,,429,42,,20,,,,Red,Red,Yellow
,11,Chestguard of the Conniver,Chestguard of the Conniver,Epic,582.28,516.83,Karazhan,Nightbane,1,https://tbc.wowhead.com/item=28601,,364,36,90,37,22
,12,Shadowprowler's Chestguard,Shadowprowler's Chestguard,Epic,554.39,530.59,Leatherworking,Crafted,3,https://tbc.wowhead.com/item=33204,,333,12,,40,8,,,Red,Blue,Yellow
,13,Wastewalker Tunic,Wastewalker Tunic,Rare,516.27,,Blood Furnace,Keli'dan the Breaker,1,https://tbc.wowhead.com/item=28264,,292,36,56,28,,,,Yellow,Yellow,Yellow
,14,Vengeful Gladiator's Kodohide Tunic,Vengeful Gladiator's Kodohide Tunic,Epic,512.44,,Season 3,PvP,3,https://tbc.wowhead.com/item=33694,,501,55,,,,,,Red,Red,Yellow
,15,Vengeful Gladiator's Wyrmhide Tunic,Vengeful Gladiator's Wyrmhide Tunic,Epic,512.44,,Season 3,PvP,3,https://tbc.wowhead.com/item=33771,,501,55,,,,,,Red,Red,Yellow
,,Wrist,,,,,,,,,,armor,stam,ap,agi,hit,def,dodge,socket
,1,Insidious Bands,Insidious Bands,Epic,412.61,376.91,Black Temple,Teron Gorefiend,3,https://tbc.wowhead.com/item=32324,,194,28,58,28,12,,,Yellow
,2,Vindicator's Dragonhide Bracers,Vindicator's Dragonhide Bracers,Epic,408.53,,Season 3,PvP,3,https://tbc.wowhead.com/item=33881,,236,29,,22,,,,Red
,3,Vindicator's Leather Bracers,Vindicator's Leather Bracers,Epic,371.03,,Season 3,PvP,3,https://tbc.wowhead.com/item=33893,,194,33,26,25,,,,Yellow
,4,Swiftstrike Bracers,Swiftstrike Bracers,Epic,363.97,,Leatherworking,Crafted,3,https://tbc.wowhead.com/item=32580,,194,34,50,20
,5,Deadly Cuffs,Deadly Cuffs,Epic,360.38,324.68,Hyjal Summit,Rage Winterchill,3,https://tbc.wowhead.com/item=30863,,194,28,58,,12,,,Yellow
,6,Vambraces of Ending,Vambraces of Ending,Epic,339.60,,Tempest Keep,High Astromancer Solarian,2,https://tbc.wowhead.com/item=29966,,177,24,52,24,,,,Blue
,7,Veteran's Dragonhide Bracers,Veteran's Dragonhide Bracers,Epic,325.15,,Season 2,PvP,2,https://tbc.wowhead.com/item=32810,,216,25,,18,,,,Red
,8,Veteran's Leather Bracers,Veteran's Leather Bracers,Epic,322.57,,Season 2,PvP,2,https://tbc.wowhead.com/item=32814,,174,29,20,21,,,,Yellow
,9,Forestheart Bracers,Forestheart Bracers,Epic,306.23,,Shattered Halls,Warchief Kargath Bladefist,1,https://tbc.wowhead.com/item=29263,,237,27,,18
,10,General's Dragonhide Bracers,General's Dragonhide Bracers,Epic,289.25,,Season 1,PvP,1,https://tbc.wowhead.com/item=28445,,213,22,,13,,,,Red
,11,Marshal's Dragonhide Bracers,Marshal's Dragonhide Bracers,Epic,289.25,,,PvP,1,https://tbc.wowhead.com/item=28978,,213,22,,13,,,,Red
,12,Umberhowl's Collar,Umberhowl's Collar,Rare,288.03,,Shadowmoon Valley,The Cipher of Damnation - The Third Fragment Recovered,1,https://tbc.wowhead.com/item=30944,,281,22,,10
,13,General's Leather Bracers,General's Leather Bracers,Epic,287.02,,Season 1,PvP,1,https://tbc.wowhead.com/item=28424,,157,25,16,19,,,,Yellow
,14,Marshal's Leather Bracers,Marshal's Leather Bracers,Epic,287.02,,,PvP,1,https://tbc.wowhead.com/item=28988,,157,25,16,19,,,,Yellow
,15,Shard-bound Bracers,Shard-bound Bracers,Epic,281.45,,Ogri'la,Exalted,3,https://tbc.wowhead.com/item=32647,,146,18,42,20,,,,Blue
,,Hands,,,,,,,,,,armor,stam,ap,agi,hit,def,dodge,socket
,1,Thunderheart Gauntlets,Thunderheart Gauntlets,Epic,616.50,,Hyjal Summit,Azgalor,3,https://tbc.wowhead.com/item=31034,,539,34,,32,,,,Blue
,2,Nordrassil Handgrips,Nordrassil Handgrips,Epic,555.31,,Serpentshrine Cavern,Leotheras the Blind,2,https://tbc.wowhead.com/item=30223,,514,40,,27
,3,Gloves of the Searing Grip,Gloves of the Searing Grip,Epic,533.44,,Tempest Keep,Al'ar,2,https://tbc.wowhead.com/item=29947,,252,37,66,33
,4,Vengeful Gladiator's Dragonhide Gloves,Vengeful Gladiator's Dragonhide Gloves,Epic,518.01,491.23,Season 3,PvP,3,https://tbc.wowhead.com/item=33671,,343,44,,32,9
,5,Grips of Damnation,Grips of Damnation,Epic,485.10,,Black Temple,Devourer of Souls,3,https://tbc.wowhead.com/item=32347,,277,38,76,27
,6,Gauntlets of Malorne,Gauntlets of Malorne,Epic,482.53,,Karazhan,The Curator,1,https://tbc.wowhead.com/item=29097,,475,28,,24
,7,Grips of Deftness,Grips of Deftness,Epic,473.47,,Karazhan,Trash,1,https://tbc.wowhead.com/item=30644,,228,34,60,29
,8,Merciless Gladiator's Dragonhide Gloves,Merciless Gladiator's Dragonhide Gloves,Epic,427.90,,Season 2,PvP,2,https://tbc.wowhead.com/item=31967,,324,40,,19
,9,Gloves of Dexterous Manipulation,Gloves of Dexterous Manipulation,Epic,423.64,,Karazhan,Attumen the Huntsman,1,https://tbc.wowhead.com/item=28506,,228,22,42,35,,,,Red,Blue
,10,Liar's Tongue Gloves,Liar's Tongue Gloves,Epic,412.59,,Magtheridon's Lair,Magtheridon,1,https://tbc.wowhead.com/item=28776,,247,31,72,,,,,Blue,Blue
,11,Wastewalker Gloves,Wastewalker Gloves,Rare,392.13,,Shattered Halls,Warchief Kargath Bladefist,1,https://tbc.wowhead.com/item=27531,,183,33,16,32,,,,Red,Yellow
,12,Verdant Gloves,Verdant Gloves,Rare,387.37,,Shadowmoon Valley,Akama's Promise,1,https://tbc.wowhead.com/item=30943,,393,27,,14
,13,Gladiator's Dragonhide Gloves,Gladiator's Dragonhide Gloves,Epic,377.80,,Season 1,PvP,1,https://tbc.wowhead.com/item=28126,,283,33,,19
,14,Windslayer Wraps,Windslayer Wraps,Epic,377.23,326.65,Leatherworking,Crafted,1,https://tbc.wowhead.com/item=29507,,208,25,,18,17
,15,Flesh Handler's Gauntlets,Flesh Handler's Gauntlets,Uncommon,375.21,,Netherstorm,Flesh Handler's Gauntlets,0,https://tbc.wowhead.com/item=30341,,165,27,,17
,,Waist,,,,,,,,,,armor,stam,ap,agi,hit,def,dodge,socket
,1,Belt of One-Hundred Deaths,Belt of One-Hundred Deaths,Epic,600.92,,Serpentshrine Cavern,Lady Vashj,2,https://tbc.wowhead.com/item=30106,,244,25,74,29,,,,Red,Blue
,2,Belt of Natural Power,Belt of Natural Power,Epic,530.04,,Leatherworking,Crafted,2,https://tbc.wowhead.com/item=30042,,423,38,,20,,,,Red,Red
,3,Don Alejandro's Money Belt,Don Alejandro's Money Belt,Epic,521.61,,Hyjal Summit,Anetheron,3,https://tbc.wowhead.com/item=30879,,249,37,76,29,,,,Red,Yellow
,4,Vindicator's Dragonhide Belt,Vindicator's Dragonhide Belt,Epic,490.10,,Season 3,PvP,3,https://tbc.wowhead.com/item=33879,,300,42,,29
,5,Vindicator's Leather Belt,Vindicator's Leather Belt,Epic,472.89,,Season 3,PvP,3,https://tbc.wowhead.com/item=33891,,258,49,40,33
,6,Belt of Deep Shadow,Belt of Deep Shadow,Epic,471.33,417.78,Leatherworking,Crafted,2,https://tbc.wowhead.com/item=30040,,227,14,66,32,18,,,Blue,Blue
,7,Shadow-walker's Cord,Shadow-walker's Cord,Epic,471.09,,Black Temple,Shade of Akama,3,https://tbc.wowhead.com/item=32265,,249,38,76,27
,8,Tree-Mender's Belt,Tree-Mender's Belt,Epic,430.36,,Hellfire Ramparts,,1,https://tbc.wowhead.com/item=29264,,406,22,,27
,9,Veteran's Leather Belt,Veteran's Leather Belt,Epic,429.69,,Season 2,PvP,2,https://tbc.wowhead.com/item=32802,,241,45,34,30
,10,Veteran's Dragonhide Belt,Veteran's Dragonhide Belt,Epic,414.92,,Season 2,PvP,2,https://tbc.wowhead.com/item=32798,,283,39,,26
,11,Girdle of Treachery,Girdle of Treachery,Epic,402.81,,Karazhan,Chess Event,1,https://tbc.wowhead.com/item=28750,,205,37,58,18,,,,Red,Red
,12,Girdle of the Deathdealer,Girdle of the Deathdealer,Epic,400.98,341.47,Black Morass,Aeonus,1,https://tbc.wowhead.com/item=29247,,196,28,56,28,20
,13,Lurker's Grasp of the Bandit,Lurker's Grasp of the Bandit,Epic,395.73,,Karazhan,Hyakiss the Lurker,1,https://tbc.wowhead.com/item=30676/lurkers-grasp,,205,43,58,29
,14,General's Leather Belt,General's Leather Belt,Epic,383.91,,Season 1,PvP,1,https://tbc.wowhead.com/item=28423,,219,39,30,27
,15,Marshal's Leather Belt,Marshal's Leather Belt,Epic,383.91,,,PvP,1,https://tbc.wowhead.com/item=28986,,219,39,30,27
,,Ring,,,,,,,,,,armor,stam,ap,agi,hit,def,dodge,socket
,1,Band of the Eternal Champion,Band of the Eternal Champion,Epic,322.17,,Tanaris,Champion's Covenant,3,https://tbc.wowhead.com/item=29301,,,43,87,29
,2,Ring of Deceitful Intent,Ring of Deceitful Intent,Epic,316.68,260.15,Black Temple,Shade of Akama,3,https://tbc.wowhead.com/item=32266,,,42,58,21,19
,3,Band of Eternity (revered),Band of Eternity (revered),Epic,295.17,,Tanaris,Champion's Oath,3,https://tbc.wowhead.com/item=29300,,,43,60,29
,4,Stormrage Signet Ring,Stormrage Signet Ring,Epic,289.75,200.50,Black Temple,Illidan Stormrage,3,https://tbc.wowhead.com/item=32497,,,33,66,,30
,5,Band of Eternity (honored),Band of Eternity (honored),Epic,274.85,,Tanaris,Champion's Vow,3,https://tbc.wowhead.com/item=29299,,,40,56,27
,6,Shapeshifter's Signet,Shapeshifter's Signet,Epic,267.64,,Lower City,Exalted,1,https://tbc.wowhead.com/item=30834,,,18,,25
,7,Band of Eternity (friendly),Band of Eternity (friendly),Epic,252.53,,Tanaris,Champion's Pledge,2,https://tbc.wowhead.com/item=29298,,,37,50,25
,8,Ring of Lethality,Ring of Lethality,Epic,252.50,195.97,Serpentshrine Cavern,Hydross the Unstable,2,https://tbc.wowhead.com/item=30052,,,19,50,24,19
,9,Band of Devastation,Band of Devastation,Epic,243.25,,Black Temple,Trash,3,https://tbc.wowhead.com/item=32526,,,44,66
,10,Garona's Signet Ring,Garona's Signet Ring,Epic,242.08,188.53,Karazhan,The Curator,1,https://tbc.wowhead.com/item=28649,,,25,40,20,18
,11,Band of the Ranger-General,Band of the Ranger-General,Epic,241.81,188.25,Tempest Keep,Kael'thas Sunstrider,2,https://tbc.wowhead.com/item=29997,,,27,56,,18
,12,Ancestral Ring of Conquest,Ancestral Ring of Conquest,Epic,239.47,,Serpentshrine Cavern,The Lurker Below,2,https://tbc.wowhead.com/item=30061,,,30,,21
,13,Band of the Abyssal Lord,Band of the Abyssal Lord,Epic,237.55,175.07,Black Temple,Supremus,3,https://tbc.wowhead.com/item=32261,,,53,,,21,27
,14,Ring of the Recalcitrant,Ring of the Recalcitrant,Epic,223.44,,Magtheridon's Lair,The Fall of Magtheridon,1,https://tbc.wowhead.com/item=28791,,,27,54,24
,15,Unstoppable Aggressor's Ring,Unstoppable Aggressor's Ring,Epic,220.55,,Black Temple,Gurtogg Bloodboil,3,https://tbc.wowhead.com/item=32335,,,28
,,Legs,,,,,,,,,,armor,stam,ap,agi,hit,def,dodge,socket
,1,Thunderheart Leggings,Thunderheart Leggings,Epic,905.45,825.12,Black Temple,Illidari Council,3,https://tbc.wowhead.com/item=31044,,737,49,,41,27,,,Blue
,2,Nordrassil Feral-Kilt,Nordrassil Feral-Kilt,Epic,810.23,756.67,Serpentshrine Cavern,Fathom-Lord Karathress,2,https://tbc.wowhead.com/item=30229,,703,42,,37,18,,,Blue
,3,Shady Dealer's Pantaloons,Shady Dealer's Pantaloons,Epic,715.42,,Hyjal Summit,Azgalor,3,https://tbc.wowhead.com/item=30898,,388,61,102,50
,4,Vengeful Gladiator's Dragonhide Legguards,Vengeful Gladiator's Dragonhide Legguards,Epic,689.13,653.43,Season 3,PvP,3,https://tbc.wowhead.com/item=33673,,443,55,,37,12
,5,Greaves of Malorne,Greaves of Malorne,Epic,650.08,,Gruul's Lair,Gruul the Dragonkiller,1,https://tbc.wowhead.com/item=29099,,640,39,,32
,6,Skulker's Greaves,Skulker's Greaves,Epic,613.81,530.50,Karazhan,Netherspite,1,https://tbc.wowhead.com/item=28741,,319,28,64,32,28,,,Red,Red,Blue
,7,Leggings of Murderous Intent,Leggings of Murderous Intent,Epic,612.37,,Tempest Keep,Kael'thas Sunstrider,2,https://tbc.wowhead.com/item=29995,,380,31,92,45
,8,Forestwalker Kilt,Forestwalker Kilt,Epic,582.42,,Mana-Tombs,Nexus-Prince Shaffar,1,https://tbc.wowhead.com/item=30535,,459,24,,26,,,,Red,Blue,Blue
,9,Merciless Gladiator's Dragonhide Legguards,Merciless Gladiator's Dragonhide Legguards,Epic,558.83,,Season 2,PvP,2,https://tbc.wowhead.com/item=31969,,417,49,,29
,10,Clefthoof Hide Leggings,Clefthoof Hide Leggings,Rare,532.09,481.51,Blade's Edge Mountains,Showdown,1,https://tbc.wowhead.com/item=31544,,243,24,,30,17
,11,Gladiator's Dragonhide Legguards,Gladiator's Dragonhide Legguards,Epic,531.79,,Season 1,PvP,1,https://tbc.wowhead.com/item=28128,,400,45,,29
,12,Wastewalker Leggings,Wastewalker Leggings,Rare,512.82,456.29,Mana-Tombs,Nexus-Prince Shaffar,1,https://tbc.wowhead.com/item=27837,,256,27,28,31,19,,,Red,Red,Blue
,13,Midnight Legguards,Midnight Legguards,Epic,510.78,460.20,Slave Pens,Quagmirran,1,https://tbc.wowhead.com/item=30538,,305,30,64,,17,,,Red,Red,Blue
,14,Shattrath Leggings,Shattrath Leggings,Rare,507.00,,Netherstorm,Special Delivery to Shattrath City,1,https://tbc.wowhead.com/item=30257,,243,27,,25
,15,Leggings of Assassination,Leggings of Assassination,Rare,484.73,419.28,Shadow Labyrinth,Murmur,1,https://tbc.wowhead.com/item=27908,,256,33,44,40,22
,,Feet,,,,,,,,,,armor,stam,ap,agi,hit,def,dodge,socket
,1,Treads of the Den Mother,Treads of the Den Mother,Epic,602.44,,Black Temple,Trash,3,https://tbc.wowhead.com/item=32593,,516,47,,32
,2,Boots of Natural Grace,Boots of Natural Grace,Epic,559.86,518.21,Leatherworking,Crafted,2,https://tbc.wowhead.com/item=30041,,474,37,,26,14
,3,Shadowmaster's Boots,Shadowmaster's Boots,Epic,552.53,,Black Temple,Mother Shahraz,3,https://tbc.wowhead.com/item=32366,,305,38,76,30,,,,Red,Yellow
,4,Vindicator's Dragonhide Boots,Vindicator's Dragonhide Boots,Epic,518.62,,Season 3,PvP,3,https://tbc.wowhead.com/item=33880,,357,42,,29
,5,Vindicator's Leather Boots,Vindicator's Leather Boots,Epic,501.41,,Season 3,PvP,3,https://tbc.wowhead.com/item=33892,,315,49,40,33
,6,Boots of Effortless Striking,Boots of Effortless Striking,Epic,475.27,,Serpentshrine Cavern,The Lurker Below,2,https://tbc.wowhead.com/item=30060,,278,41,58,42
,7,Zierhut's Lost Treads,Zierhut's Lost Treads,Epic,474.24,,Karazhan,Trash,1,https://tbc.wowhead.com/item=30674,,390,33,,28
,8,Black Featherlight Boots,Black Featherlight Boots,Epic,472.00,370.84,Hyjal Summit,Kaz'rogal,3,https://tbc.wowhead.com/item=30891,,305,41,98,,34
,9,Edgewalker Longboots,Edgewalker Longboots,Epic,466.38,427.70,Karazhan,Moroes,1,https://tbc.wowhead.com/item=28545,,250,28,44,29,13,,,Red,Yellow
,10,Veteran's Leather Boots,Veteran's Leather Boots,Epic,456.20,,Season 2,PvP,2,https://tbc.wowhead.com/item=32790,,294,45,34,30
,11,Veteran's Dragonhide Boots,Veteran's Dragonhide Boots,Epic,441.44,,Season 2,PvP,2,https://tbc.wowhead.com/item=32786,,336,39,,26
,12,Boots of Utter Darkness,Boots of Utter Darkness,Epic,433.88,365.45,Leatherworking,Crafted,2,https://tbc.wowhead.com/item=30039,,278,34,66,,23
,13,Barkchip Boots,Barkchip Boots,Epic,426.32,,Underbog,The Black Stalker,1,https://tbc.wowhead.com/item=29265,,352,36,,24
,14,Glider's Boots of the Bandit,Glider's Boots of the Bandit,Epic,418.24,,Karazhan,Shadikith the Glider,1,https://tbc.wowhead.com/item=30681/gliders-boots,,250,43,58,29
,15,General's Leather Boots,General's Leather Boots,Epic,407.92,,Season 1,PvP,1,https://tbc.wowhead.com/item=28422,,267,39,30,27
,,Trinket,,,,,,,,,,armor,stam,ap,agi,hit,def,dodge,socket
,1,Badge of Tenacity,Badge of Tenacity,Rare,248.10,,Apex Crystal,Crafted,3,https://tbc.wowhead.com/item=32658,,308,,,25
,2,Dragonspine Trophy,Dragonspine Trophy,Epic,242.15,,Gruul's Lair,Gruul the Dragonkiller,1,https://tbc.wowhead.com/item=28830,,,,40
,3,Madness of the Betrayer,Madness of the Betrayer,Epic,188.40,128.90,Black Temple,High Nethermancer Zerevor,3,https://tbc.wowhead.com/item=32505,,,,84,,20
,4,Tsunami Talisman,Tsunami Talisman,Epic,163.59,133.84,Serpentshrine Cavern,Leotheras the Blind,2,https://tbc.wowhead.com/item=30627,,,,61.82,,10
,5,Mark of the Champion (undead/demon),Mark of the Champion (undead/demon),Epic,150.00,,Naxxramas,The Fall of Kel'Thuzad,1,https://tbc.wowhead.com/item=23206,,,,150
,6,Darkmoon Card: Vengeance,Darkmoon Card: Vengeance,Epic,149.58,,Darkmoon Faire,,2,https://tbc.wowhead.com/item=31858,,,51
,7,Darkmoon Card: Madness,Darkmoon Card: Madness,Epic,149.58,,Darkmoon Faire,,2,https://tbc.wowhead.com/item=31859,,,51
,8,Goblin Rocket Launcher,Goblin Rocket Launcher,Rare,131.98,,Engineering,Crafted,1,https://tbc.wowhead.com/item=23836,,,45
,9,Gnomish Poultryizer,Gnomish Poultryizer,Rare,131.98,,Engineering,Crafted,1,https://tbc.wowhead.com/item=23835,,,45
,10,Commander's Badge,Commander's Badge,Rare,131.98,,Shadowmoon Valley,"Hail, Commander!",1,https://tbc.wowhead.com/item=32864,,,45
,11,Brightbrew Charm,Brightbrew Charm,Epic,131.98,,,Brewfest,3,https://tbc.wowhead.com/item=37127,,,45
,12,Balebrew Charm,Balebrew Charm,Epic,131.98,,,Brewfest,3,https://tbc.wowhead.com/item=37128,,,45
,13,Adamantine Figurine,Adamantine Figurine,Rare,129.83,,Shadow Labyrinth,Blackheart the Inciter,1,https://tbc.wowhead.com/item=27891,,213,,,,,32
,14,Darkmoon Card: Crusade,Darkmoon Card: Crusade,Epic,120.00,,Darkmoon Faire,,2,https://tbc.wowhead.com/item=31856,,,,120
,15,Icon of Unyielding Courage,Icon of Unyielding Courage,Rare,119.19,29.93,Blood Furnace,Keli'dan the Breaker,1,https://tbc.wowhead.com/item=28121,,,,,,30
,,Two Hand,,,,,,,,,,type,ap,stam,str,agi,hit,crit,haste,arp,exp,socket
,1,Vengeful Gladiator's Staff (Feral),Vengeful Gladiator's Staff (Feral),Epic,"2,023.12","1,957.67",Season 3,PvP,3,https://tbc.wowhead.com/item=33716,,Staff,1110,62,46,,22,46
,2,Pillar of Ferocity (Feral),Pillar of Ferocity (Feral),Epic,"1,968.21",,Hyjal Summit,Anetheron,3,https://tbc.wowhead.com/item=30883,,Staff,1059,96,47
,3,Merciless Gladiator's Maul (Feral),Merciless Gladiator's Maul (Feral),Epic,"1,864.17","1,810.61",Season 2,PvP,2,https://tbc.wowhead.com/item=32014,,Mace,1010,55,42,,18,42
,4,Wildfury Greatstaff (Feral),Wildfury Greatstaff (Feral),Epic,"1,781.34",,Serpentshrine Cavern,Trash,2,https://tbc.wowhead.com/item=30021,,Staff,992,75
,5,Terestian's Stranglestaff (Feral),Terestian's Stranglestaff (Feral),Epic,"1,712.85","1,638.47",Karazhan,Terestian Illhoof,1,https://tbc.wowhead.com/item=28658,,Staff,829,48,38,37,25
,6,Gladiator's Maul (Feral),Gladiator's Maul (Feral),Epic,"1,684.48","1,624.98",Season 1,PvP,1,https://tbc.wowhead.com/item=28476,,Mace,894,48,32,,20,35
,7,Feral Staff of Lashing (Feral),Feral Staff of Lashing (Feral),Epic,"1,562.02",,Botanica,Warp Splinter,1,https://tbc.wowhead.com/item=29359,,Staff,754,34,36,35
,8,Earthwarden,Earthwarden,Epic,"1,470.72",,Cenarion Expedition,Exalted,1,https://tbc.wowhead.com/item=29171,,Mace,712,39,,,,,,,24
,9,Staff of Natural Fury (Feral),Staff of Natural Fury (Feral),Epic,"1,344.90",,,World Drop,1,https://tbc.wowhead.com/item=31334,,Staff,712,31,35
,10,Vengeful Gladiator's Bonegrinder,Vengeful Gladiator's Bonegrinder,Epic,"1,331.47","1,286.84",Season 3,PvP,3,https://tbc.wowhead.com/item=33663,,Mace,,62,46,,15,46,,98
,11,Draenic Wildstaff (Feral),Draenic Wildstaff (Feral),Rare,"1,313.07","1,247.62",Auchenai Crypts,Avatar of the Martyred,1,https://tbc.wowhead.com/item=27877,,Staff,539,33,34,32,22
,12,Fleshling Simulation Staff (Feral),Fleshling Simulation Staff (Feral),Rare,"1,284.20","1,206.84",,Nexus-King Salhadaar,1,https://tbc.wowhead.com/item=30010,,Staff,457,27,27,27,26,,,,17
,13,Stormherald,Stormherald,Epic,"1,268.83",,Blacksmithing,Crafted,2,https://tbc.wowhead.com/item=28442,,Mace,,61,42,42
,14,Torch of the Damned,Torch of the Damned,Epic,"1,256.53",,Black Temple,Devourer of Souls,3,https://tbc.wowhead.com/item=32332,,Mace,,45,51,,,38,50
,15,High Warlord's Maul (Feral),High Warlord's Maul (Feral),Rare,"1,246.70","1,193.15",,PvP,1,https://tbc.wowhead.com/item=28919,,Mace,539,42,28,,18,28
,16,Grand Marshal's Maul (Feral),Grand Marshal's Maul (Feral),Rare,"1,246.70","1,193.15",,PvP,1,https://tbc.wowhead.com/item=28948,,Mace,539,42,28,,18,28
,17,Dreamer's Dragonstaff (Feral),Dreamer's Dragonstaff (Feral),Rare,"1,241.34",,Botanica,Thorngrin the Tender,1,https://tbc.wowhead.com/item=28325,,Staff,539,28,46,27
,18,Merciless Gladiator's Bonegrinder,Merciless Gladiator's Bonegrinder,Epic,"1,225.79","1,172.24",Season 2,PvP,2,https://tbc.wowhead.com/item=31959,,Mace,,55,42,,18,42
,19,Greatstaff of the Leviathan (Feral),Greatstaff of the Leviathan (Feral),Rare,"1,180.16",,Underbog,Ghaz'an,1,https://tbc.wowhead.com/item=27757,,Staff,539,36,39
,20,Wildcaller (Feral),Wildcaller (Feral),Rare,"1,175.94",,,,1,https://tbc.wowhead.com/item=31009,,Staff,457,,45,24,,,,,20
,21,Deep Thunder,Deep Thunder,Epic,"1,165.75",,Blacksmithing,Crafted,1,https://tbc.wowhead.com/item=28441,,Mace,,55,37,37
,22,Gladiator's Bonegrinder,Gladiator's Bonegrinder,Epic,"1,120.59","1,061.09",Season 1,PvP,1,https://tbc.wowhead.com/item=28299,,Mace,,48,32,,20,35
,23,Hammer of the Naaru,Hammer of the Naaru,Epic,"1,114.44",,Gruul's Lair,High King Maulgar,1,https://tbc.wowhead.com/item=28800,,Mace,,41,44,,,,,,,Red,Red,Blue
,24,Thunder,Thunder,Epic,"1,106.45",,Blacksmithing,Crafted,1,https://tbc.wowhead.com/item=28440,,Mace,,55,37,37
,25,"Atiesh, Greatstaff of the Guardian","Atiesh, Greatstaff of the Guardian",Legendary,"1,097.80",,Classic,,0,https://tbc.wowhead.com/item=22632,,Staff,592,28
,26,World Breaker,World Breaker,Epic,"1,089.81",,Serpentshrine Cavern,Fathom-Lord Karathress,2,https://tbc.wowhead.com/item=30090,,Mace,,51,50
,27,Staff of Beasts (Feral),Staff of Beasts (Feral),Rare,"1,087.36",,Nagrand,The Ring of Blood: The Final Challenge,1,https://tbc.wowhead.com/item=25761,,Staff,375,45,31,30
,28,Fel Hardened Maul,Fel Hardened Maul,Epic,"1,002.93",,Blacksmithing,Crafted,1,https://tbc.wowhead.com/item=23546,,Mace,,46,50,,,21
,29,High Warlord's Bonegrinder,High Warlord's Bonegrinder,Rare,907.35,853.80,,PvP,1,https://tbc.wowhead.com/item=28917,,Mace,,42,28,,18,28
,30,Grand Marshal's Bonegrinder,Grand Marshal's Bonegrinder,Rare,907.35,853.80,,PvP,1,https://tbc.wowhead.com/item=28942,,Mace,,42,28,,18,28
