Beast Master Phase 3,,,BEAST LORD SET BONUS IS NOT BEING CALCULATED.,,,,Value Credit: WatchYourSixx#0872 (Hunter Discord)
,,Item,,,EPV,If Hit  Capped,Location,Phase,,,Stats
,,Head,,,,,,,,,,ap,agi,hit,crit,haste,arp,exp,socket
,1,Cursed Vision of Sargeras,Cursed Vision of Sargeras,Epic,352.73,321.23,Black Temple,Illidan Stormrage,3,https://tbc.wowhead.com/item=32235,,108,39,21,38,,,,Meta,Yellow
,2,Forest Prowler's Helm,Forest Prowler's Helm,Epic,292.48,,Black Temple,High Nethermancer Zerevor,3,https://tbc.wowhead.com/item=32376,,100,42,,20,,,,Red,Meta
,3,Vengeful Gladiator's Chain Helm,Vengeful Gladiator's Chain Helm,Epic,284.53,266.53,Season 3,PvP,3,https://tbc.wowhead.com/item=33666,,58,33,12,26,,84,,Meta,Red
,4,Gronnstalker's Helmet,Gronnstalker's Helmet,Epic,257.63,,Hyjal Summit,Archimonde,3,https://tbc.wowhead.com/item=31003,,90,45,,,,,,Red,Meta
,5,Surestrike Goggles v2.0,Surestrike Goggles v2.0,Epic,249.78,230.28,Engineering,Crafted,2,https://tbc.wowhead.com/item=32474,,96,,13,38,,,,Meta,Blue
,6,Rift Stalker Helm,Rift Stalker Helm,Epic,238.38,,Serpentshrine Cavern,Lady Vashj,2,https://tbc.wowhead.com/item=30141,,82,40,,,,,,Yellow,Meta
,7,Merciless Gladiator's Chain Helm,Merciless Gladiator's Chain Helm,Epic,235.33,,Season 2,PvP,2,https://tbc.wowhead.com/item=31962,,50,37,,22,,,,Meta,Red
,8,Mask of the Deceiver,Mask of the Deceiver,Epic,227.98,203.98,Badge of Justice,G'eras,1,https://tbc.wowhead.com/item=32087,,64,32,16,,,,,Yellow,Meta
,9,Helm of the Claw,Helm of the Claw,Rare,212.63,191.63,Zangarmarsh,The Warlord's Hideout,1,https://tbc.wowhead.com/item=28182,,66,25,14,,,,,Yellow,Meta
,10,Demon Stalker Greathelm,Demon Stalker Greathelm,Epic,212.13,,Karazhan,Prince Malchezaar,1,https://tbc.wowhead.com/item=29081,,66,35,,,,,,Yellow,Meta
,11,Gladiator's Chain Helm,Gladiator's Chain Helm,Epic,212.08,,Season 1,PvP,1,https://tbc.wowhead.com/item=28331,,36,34,,20,,,,Meta,Red
,12,Cowl of Defiance,Cowl of Defiance,Epic,205.70,169.70,Karazhan,Netherspite,1,https://tbc.wowhead.com/item=28732,,100,34,24
,13,Malefic Mask of the Shadows,Malefic Mask of the Shadows,Epic,195.60,149.10,Gruul's Lair,High King Maulgar,1,https://tbc.wowhead.com/item=28796,,84,,31,42
,14,Wastewalker Helm,Wastewalker Helm,Rare,192.48,165.48,Old Hillsbrad Foothills,Epoch Hunter,1,https://tbc.wowhead.com/item=28224,,56,,18,22,,,,Blue,Meta
,15,Helm of Assassination,Helm of Assassination,Rare,179.13,,Arcatraz,Harbinger Skyriss,1,https://tbc.wowhead.com/item=28414,,66,,,25,,,,Yellow,Meta
,,Neck,,,,,,,,,,ap,agi,hit,crit,haste,arp,exp,socket
,1,Choker of Endless Nightmares,Choker of Endless Nightmares,Epic,145.35,113.85,Black Temple,Supremus,3,https://tbc.wowhead.com/item=32260,,72,,21,27
,2,Telonicus's Pendant of Mayhem,Telonicus's Pendant of Mayhem,Epic,125.35,,Tempest Keep,Kael'thas and the Verdant Sphere,2,https://tbc.wowhead.com/item=30017,,70,27
,3,Choker of Serrated Blades,Choker of Serrated Blades,Epic,122.50,,Hyjal Summit,Trash,3,https://tbc.wowhead.com/item=32591,,70,,,,,175
,4,Braided Eternium Chain (GROUP BUFF),Braided Eternium Chain (GROUP BUFF),Rare,114.90,83.40,Jewelcrafting,Crafted,1,https://tbc.wowhead.com/item=24114,,40,,21,28
,5,Choker of Vile Intent,Choker of Vile Intent,Epic,110.00,83.00,Badge of Justice,G'eras,1,https://tbc.wowhead.com/item=29381,,42,20,18
,6,Amulet of Bitter Hatred,Amulet of Bitter Hatred,Epic,110.00,83.00,Slave Pens,Ahune,3,https://tbc.wowhead.com/item=35507,,42,20,18
,7,Worgen Claw Necklace,Worgen Claw Necklace,Epic,108.50,83.00,Karazhan,Attumen the Huntsman,1,https://tbc.wowhead.com/item=28509,,42,20,17
,8,Choker of Animalistic Fury,Choker of Animalistic Fury,Epic,99.65,,Serpentshrine Cavern,The Lurker Below,2,https://tbc.wowhead.com/item=30059,,64,,,23
,9,Vindicator's Pendant of Triumph,Vindicator's Pendant of Triumph,Epic,98.15,,Season 3,PvP,3,https://tbc.wowhead.com/item=33923,,50,,,22,,,,Yellow
,10,Bone Chain Necklace,Bone Chain Necklace,Rare,94.45,74.95,Underbog,The Black Stalker,1,https://tbc.wowhead.com/item=27779,,36,19,13
,11,Saberclaw Talisman,Saberclaw Talisman,Epic,89.05,,Karazhan,Shade of Aran,1,https://tbc.wowhead.com/item=28674,,46,21
,12,Prestor's Talisman of Connivery,Prestor's Talisman of Connivery,Epic,88.25,73.25,Classic,,0,https://tbc.wowhead.com/item=19377,,22,25,10
,13,Natasha's Choker,Natasha's Choker,Rare,88.25,73.25,Blade's Edge Mountains,The Hound-Master,1,https://tbc.wowhead.com/item=31695,,50,,10,15
,14,Earthen Mark of Razing,Earthen Mark of Razing,Rare,86.65,67.15,Nagrand,Gurok the Usurper,1,https://tbc.wowhead.com/item=25562,,20,23,13
,15,Veteran's Pendant of Triumph,Veteran's Pendant of Triumph,Epic,83.95,,Season 2,PvP,2,https://tbc.wowhead.com/item=33066,,42,,,18,,,,Yellow
,,Shoulders,,,,,,,,,,ap,agi,hit,crit,haste,arp,exp,socket
,1,Gronnstalker's Spaulders,Gronnstalker's Spaulders,Epic,204.60,,Black Temple,Mother Shahraz,3,https://tbc.wowhead.com/item=31006,,68,34,,,,126,,Yellow,Blue
,2,Swiftstrike Shoulders,Swiftstrike Shoulders,Epic,195.20,,Leatherworking,Crafted,3,https://tbc.wowhead.com/item=32581,,74,29,,,38
,3,Shoulders of the Hidden Predator,Shoulders of the Hidden Predator,Epic,194.20,,Black Temple,Shade of Akama,3,https://tbc.wowhead.com/item=32264,,76,38,,26
,4,Shoulders of Lightning Reflexes,Shoulders of Lightning Reflexes,Epic,189.48,,Leatherworking,Crafted,3,https://tbc.wowhead.com/item=32575,,74,27,,,37
,5,Mantle of Darkness,Mantle of Darkness,Epic,178.15,145.15,Black Temple,High Warlord Naj'entus,3,https://tbc.wowhead.com/item=32377,,94,,22,33
,6,Razorfury Mantle,Razorfury Mantle,Epic,169.05,,Hyjal Summit,Kaz'rogal,3,https://tbc.wowhead.com/item=30917,,76,28,,23
,7,Shoulderpads of the Stranger,Shoulderpads of the Stranger,Epic,167.50,,Serpentshrine Cavern,Hydross the Unstable,2,https://tbc.wowhead.com/item=30055,,60,33,,16,,,10,Red
,8,Mantle of the Tireless Tracker,Mantle of the Tireless Tracker,Epic,160.25,,Serpentshrine Cavern,Morogrim Tidewalker,2,https://tbc.wowhead.com/item=30085,,64,22,,33
,9,Beast-tamer's Shoulders,Beast-tamer's Shoulders,Epic,157.95,,Hyjal Summit,Kaz'rogal,3,https://tbc.wowhead.com/item=30892,,78,39
,10,Vengeful Gladiator's Chain Spaulders,Vengeful Gladiator's Chain Spaulders,Epic,155.65,,Season 3,PvP,3,https://tbc.wowhead.com/item=33668,,30,35,,16,,,,Red,Yellow
,11,Rift Stalker Mantle,Rift Stalker Mantle,Epic,154.90,135.40,Tempest Keep,Void Reaver,2,https://tbc.wowhead.com/item=30143,,52,26,13,,,,,Red,Red
,12,Merciless Gladiator's Chain Spaulders,Merciless Gladiator's Chain Spaulders,Epic,140.40,,Season 2,PvP,2,https://tbc.wowhead.com/item=31964,,24,32,,14,,,,Red,Yellow
,13,Wastewalker Shoulderpads,Wastewalker Shoulderpads,Rare,139.35,115.35,Auchenai Crypts,Avatar of the Martyred,1,https://tbc.wowhead.com/item=27797,,34,25,16,,,,,Red,Blue
,14,Bladed Shoulderpads of the Merciless,Bladed Shoulderpads of the Merciless,Epic,138.15,118.65,Karazhan,Chess Event,1,https://tbc.wowhead.com/item=28755,,58,,13,21,,,,Yellow,Yellow
,15,Expedition Scout's Epaulets,Expedition Scout's Epaulets,Rare,137.25,101.25,,Fel Embers,1,https://tbc.wowhead.com/item=25790,,50,25,24
,,Back,,,,,,,,,,ap,agi,hit,crit,haste,arp,exp,socket
,1,Shadowmoon Destroyer's Drape,Shadowmoon Destroyer's Drape,Epic,134.70,109.20,Black Temple,Teron Gorefiend,3,https://tbc.wowhead.com/item=32323,,72,,17,24
,2,Thalassian Wildercloak,Thalassian Wildercloak,Epic,125.40,,Tempest Keep,Kael'thas Sunstrider,2,https://tbc.wowhead.com/item=29994,,68,28
,3,Drape of the Dark Reavers,Drape of the Dark Reavers,Epic,108.70,83.20,Karazhan,Shade of Aran,1,https://tbc.wowhead.com/item=28672,,34,24,17
,4,Black-Iron Battlecloak,Black-Iron Battlecloak,Epic,106.50,,Shadowmoon Valley,Doomwalker,1,https://tbc.wowhead.com/item=30729,,60,,,30
,5,Vengeance Wrap,Vengeance Wrap,Epic,102.70,,Tailoring,Crafted,1,https://tbc.wowhead.com/item=24259,,52,,,23,,,,Red
,6,Blood Knight War Cloak,Blood Knight War Cloak,Epic,95.15,,Badge of Justice,G'eras,1,https://tbc.wowhead.com/item=29382,,48,23
,7,The Frost Lord's War Cloak,The Frost Lord's War Cloak,Epic,95.15,,Slave Pens,Ahune,3,https://tbc.wowhead.com/item=35495,,48,23
,8,Cloak of the Pit Stalker,Cloak of the Pit Stalker,Epic,93.20,,Magtheridon's Lair,Magtheridon,1,https://tbc.wowhead.com/item=28777,,56,,,24
,9,Auchenai Death Shroud,Auchenai Death Shroud,Rare,92.25,66.75,Auchenai Crypts,Avatar of the Martyred,1,https://tbc.wowhead.com/item=27878,,36,15,17
,10,Cloak of the Craft,Cloak of the Craft,Rare,90.75,71.25,,World Drop,1,https://tbc.wowhead.com/item=31255,,20,25,13
,11,Terokk's Might,Terokk's Might,Epic,88.80,,Terokkar Forest,Terokk,1,https://tbc.wowhead.com/item=32540,,56,16
,12,Skyguard's Drape,Skyguard's Drape,Rare,82.75,,Sha'tari Skyguard,Revered,3,https://tbc.wowhead.com/item=32539,,52,15
,13,Cloak of the Inciter,Cloak of the Inciter,Rare,81.90,57.90,Shadow Labyrinth,Blackheart the Inciter,1,https://tbc.wowhead.com/item=27892,,30,,16,18
,14,Cloak of Malice,Cloak of Malice,Rare,81.05,,Shattered Halls,Grand Warlock Nethekurse,1,https://tbc.wowhead.com/item=27519,,38,21
,15,Dawnstrike's Cloak,Dawnstrike's Cloak,Uncommon,80.10,66.60,,Down With Daellis,0,https://tbc.wowhead.com/item=29792,,42,12,9
,,Chest,,,,,,,,,,ap,agi,hit,crit,haste,arp,exp,socket
,1,Midnight Chestguard,Midnight Chestguard,Epic,264.95,221.45,Hyjal Summit,Archimonde,3,https://tbc.wowhead.com/item=30905,,106,,29,46,,,,Blue,Red,Yellow
,2,Nether Shadow Tunic,Nether Shadow Tunic,Epic,256.45,203.95,Black Temple,Supremus,3,https://tbc.wowhead.com/item=32252,,86,36,35,,,,,Red,Yellow,Blue
,3,Mail of Fevered Pursuit,Mail of Fevered Pursuit,Epic,253.40,,Hyjal Summit,Archimonde,3,https://tbc.wowhead.com/item=30907,,108,49,,29
,4,Gronnstalker's Chestguard,Gronnstalker's Chestguard,Epic,244.60,,Black Temple,Illidan Stormrage,3,https://tbc.wowhead.com/item=31004,,90,40,,19,,,,Red,Yellow,Yellow
,5,Vest of Mounting Assault,Vest of Mounting Assault,Epic,234.90,,Black Temple,Gurtogg Bloodboil,3,https://tbc.wowhead.com/item=32334,,116,58
,6,Rift Stalker Hauberk,Rift Stalker Hauberk,Epic,233.65,205.15,Tempest Keep,Kael'thas Sunstrider,2,https://tbc.wowhead.com/item=30139,,80,40,19,,,,,Blue,Yellow,Yellow
,7,Bloodsea Brigand's Vest,Bloodsea Brigand's Vest,Epic,231.45,190.95,Serpentshrine Cavern,Fathom-Lord Karathress,2,https://tbc.wowhead.com/item=30101,,92,,27,36,,,,Yellow,Yellow,Blue
,8,Ranger-General's Chestguard,Ranger-General's Chestguard,Epic,227.65,,Serpentshrine Cavern,Hydross the Unstable,2,https://tbc.wowhead.com/item=30054,,88,36,,14,,,,Blue,Red,Yellow
,9,Vengeful Gladiator's Chain Armor,Vengeful Gladiator's Chain Armor,Epic,219.45,201.45,Season 3,PvP,3,https://tbc.wowhead.com/item=33664,,38,27,12,25,,84,,Red,Red,Yellow
,10,Terrorweave Tunic,Terrorweave Tunic,Epic,209.40,177.90,Shadowmoon Valley,Doomwalker,1,https://tbc.wowhead.com/item=30730,,96,,21,25,,,,Red,Yellow,Yellow
,11,Primalstrike Vest,Primalstrike Vest,Epic,203.90,185.90,Leatherworking,Crafted,1,https://tbc.wowhead.com/item=29525,,108,38,12
,12,Chestguard of the Conniver,Chestguard of the Conniver,Epic,198.85,165.85,Karazhan,Nightbane,1,https://tbc.wowhead.com/item=28601,,90,37,22
,13,Merciless Gladiator's Chain Armor,Merciless Gladiator's Chain Armor,Epic,172.25,,Season 2,PvP,2,https://tbc.wowhead.com/item=31960,,32,31,,21,,,,Red,Red,Yellow
,14,Ebon Netherscale Breastplate,Ebon Netherscale Breastplate,Epic,172.20,,Leatherworking,Crafted,1,https://tbc.wowhead.com/item=29515,,80,,,31,,,,Blue,Yellow,Blue
,15,Demon Stalker Harness,Demon Stalker Harness,Epic,168.45,,Magtheridon's Lair,Magtheridon,1,https://tbc.wowhead.com/item=29082,,70,26,,,,,,Red,Blue,Blue
,,Wrist,,,,,,,,,,ap,agi,hit,crit,haste,arp,exp,socket
,1,Insidious Bands,Insidious Bands,Epic,147.45,129.45,Black Temple,Teron Gorefiend,3,https://tbc.wowhead.com/item=32324,,58,28,12,,,,,Yellow
,2,Bindings of Lightning Reflexes,Bindings of Lightning Reflexes,Epic,142.93,,Leatherworking,Crafted,3,https://tbc.wowhead.com/item=32574,,56,21,,,27
,3,Swiftstrike Bracers,Swiftstrike Bracers,Epic,134.88,,Leatherworking,Crafted,3,https://tbc.wowhead.com/item=32580,,50,20,,,27
,4,Deadly Cuffs,Deadly Cuffs,Epic,133.45,115.45,Hyjal Summit,Rage Winterchill,3,https://tbc.wowhead.com/item=30863,,58,,12,28,,,,Yellow
,5,Wraps of Precise Flight,Wraps of Precise Flight,Epic,124.35,,Black Temple,Supremus,3,https://tbc.wowhead.com/item=32251,,58,18,,19
,6,Vambraces of Ending,Vambraces of Ending,Epic,116.25,,Tempest Keep,High Astromancer Solarian,2,https://tbc.wowhead.com/item=29966,,52,24,,,,,,Blue
,7,Bracers of the Pathfinder,Bracers of the Pathfinder,Epic,114.30,,Hyjal Summit,Rage Winterchill,3,https://tbc.wowhead.com/item=30864,,48,25,,,,,,Blue
,8,Bands of the Celestial Archer,Bands of the Celestial Archer,Epic,109.20,,Tempest Keep,Trash,2,https://tbc.wowhead.com/item=30026,,48,17,,17
,9,Vindicator's Chain Bracers,Vindicator's Chain Bracers,Epic,102.25,,Season 3,PvP,3,https://tbc.wowhead.com/item=33876,,24,23,,11,,,,Yellow
,10,True-Aim Stalker Bands,True-Aim Stalker Bands,Epic,101.25,,Serpentshrine Cavern,Leotheras the Blind,2,https://tbc.wowhead.com/item=30091,,50,,,24,,,,Yellow
,11,Shard-bound Bracers,Shard-bound Bracers,Epic,98.05,,Ogri'la,Exalted,3,https://tbc.wowhead.com/item=32647,,42,20,,,,,,Blue
,12,Nightfall Wristguards,Nightfall Wristguards,Epic,95.20,,Old Hillsbrad Foothills,Epoch Hunter,1,https://tbc.wowhead.com/item=29246,,46,24
,13,Primalstrike Bracers,Primalstrike Bracers,Epic,94.75,,Leatherworking,Crafted,1,https://tbc.wowhead.com/item=29527,,64,15
,14,Veteran's Leather Bracers,Veteran's Leather Bracers,Epic,91.05,,Season 2,PvP,2,https://tbc.wowhead.com/item=32814,,20,21,,9,,,,Yellow
,15,Felstalker Bracers,Felstalker Bracers,Rare,89.95,,Leatherworking,Crafted,1,https://tbc.wowhead.com/item=25697,,38,18,,,,,,Blue
,,Hands,,,,,,,,,,ap,agi,hit,crit,haste,arp,exp,socket
,1,Gronnstalker's Gloves,Gronnstalker's Gloves,Epic,210.95,,Hyjal Summit,Azgalor,3,https://tbc.wowhead.com/item=31001,,62,35,,13,,140,,Red
,2,Grips of Damnation,Grips of Damnation,Epic,191.48,,Black Temple,Devourer of Souls,3,https://tbc.wowhead.com/item=32347,,76,27,,,37
,3,Fists of Mukoa,Fists of Mukoa,Epic,187.38,,Black Temple,High Warlord Naj'entus,3,https://tbc.wowhead.com/item=32234,,76,25,,,37
,4,Rift Stalker Gauntlets,Rift Stalker Gauntlets,Epic,166.20,137.70,Serpentshrine Cavern,Leotheras the Blind,2,https://tbc.wowhead.com/item=30140,,68,34,19
,5,Gloves of Dexterous Manipulation,Gloves of Dexterous Manipulation,Epic,143.85,,Karazhan,Attumen the Huntsman,1,https://tbc.wowhead.com/item=28506,,42,35,,,,,,Red,Blue
,6,Liar's Tongue Gloves,Liar's Tongue Gloves,Epic,142.40,,Magtheridon's Lair,Magtheridon,1,https://tbc.wowhead.com/item=28776,,72,,,26,,,,Blue,Blue
,7,Vengeful Gladiator's Chain Gauntlets,Vengeful Gladiator's Chain Gauntlets,Epic,137.10,,Season 3,PvP,3,https://tbc.wowhead.com/item=33665,,40,33,,19
,8,Gloves of the Searing Grip,Gloves of the Searing Grip,Epic,133.65,,Tempest Keep,Al'ar,2,https://tbc.wowhead.com/item=29947,,66,33,,,,,18
,9,Fel Leather Gloves,Fel Leather Gloves,Rare,127.80,102.30,Leatherworking,Crafted,1,https://tbc.wowhead.com/item=25685,,36,,17,24,,,,Yellow,Red
,10,Gauntlets of the Dragonslayer,Gauntlets of the Dragonslayer,Epic,127.30,,Gruul's Lair,Gruul the Dragonkiller,1,https://tbc.wowhead.com/item=28827,,48,24,,,,,,Red,Red
,11,Handgrips of Assassination,Handgrips of Assassination,Rare,126.75,101.25,Black Morass,Aeonus,1,https://tbc.wowhead.com/item=27509,,50,25,17
,12,Gloves of the Unbound,Gloves of the Unbound,Rare,123.45,,Arcatraz,Wrath-Scryer Soccothrates,1,https://tbc.wowhead.com/item=28396,,38,27,,,,,,Red,Blue
,13,Merciless Gladiator's Chain Gauntlets,Merciless Gladiator's Chain Gauntlets,Epic,121.85,,Season 2,PvP,2,https://tbc.wowhead.com/item=31961,,34,30,,17
,14,Grips of Deftness,Grips of Deftness,Epic,119.45,,Karazhan,Trash,1,https://tbc.wowhead.com/item=30644,,60,29,,,,,15
,15,Cobrascale Gloves,Cobrascale Gloves,Epic,118.75,88.75,Leatherworking,Crafted,1,https://tbc.wowhead.com/item=29503,,50,,20,25
,,Waist,,,,,,,,,,ap,agi,hit,crit,haste,arp,exp,socket
,1,Boneweave Girdle,Boneweave Girdle,Epic,216.60,191.10,Black Temple,Devourer of Souls,3,https://tbc.wowhead.com/item=32346,,76,38,17,24
,2,Don Alejandro's Money Belt,Don Alejandro's Money Belt,Epic,194.00,,Hyjal Summit,Anetheron,3,https://tbc.wowhead.com/item=30879,,76,29,,19,,,,Red,Yellow
,3,Shadow-walker's Cord,Shadow-walker's Cord,Epic,191.48,,Black Temple,Shade of Akama,3,https://tbc.wowhead.com/item=32265,,76,27,,,37
,4,Valestalker Girdle,Valestalker Girdle,Epic,189.85,,Hyjal Summit,Kaz'rogal,3,https://tbc.wowhead.com/item=30919,,76,27,,,36
,5,Belt of Deep Shadow,Belt of Deep Shadow,Epic,188.70,161.70,Leatherworking,Crafted,2,https://tbc.wowhead.com/item=30040,,66,32,18,,,,,Blue,Blue
,6,Belt of One-Hundred Deaths,Belt of One-Hundred Deaths,Epic,163.55,,Serpentshrine Cavern,Lady Vashj,2,https://tbc.wowhead.com/item=30106,,74,29,,,,,25,Red,Blue
,7,Belt of the Black Eagle,Belt of the Black Eagle,Epic,156.30,,Leatherworking,Crafted,2,https://tbc.wowhead.com/item=30046,,66,17,,17,,,,Blue,Yellow
,8,Girdle of the Deathdealer,Girdle of the Deathdealer,Epic,143.40,113.40,Black Morass,Aeonus,1,https://tbc.wowhead.com/item=29247,,56,28,20
,9,Gronn-Stitched Girdle,Gronn-Stitched Girdle,Epic,139.85,,Gruul's Lair,Gruul the Dragonkiller,1,https://tbc.wowhead.com/item=28828,,72,,,25,,,,Blue,Yellow
,10,Rune-Engraved Belt,Rune-Engraved Belt,Rare,137.25,101.25,,Fel Embers,1,https://tbc.wowhead.com/item=25789,,50,25,24
,11,Vindicator's Chain Girdle,Vindicator's Chain Girdle,Epic,133.55,,Season 3,PvP,3,https://tbc.wowhead.com/item=33877,,38,33,,18
,12,Socrethar's Girdle,Socrethar's Girdle,Rare,125.15,95.15,,Turning Point,1,https://tbc.wowhead.com/item=30372,,48,23,20
,13,Girdle of Treachery,Girdle of Treachery,Epic,125.00,,Karazhan,Chess Event,1,https://tbc.wowhead.com/item=28750,,58,18,,,,,,Red,Red
,14,Primalstrike Belt,Primalstrike Belt,Epic,125.00,,Leatherworking,Crafted,1,https://tbc.wowhead.com/item=29526,,84,20
,15,Girdle of the Prowler,Girdle of the Prowler,Epic,124.75,99.25,Karazhan,Terestian Illhoof,1,https://tbc.wowhead.com/item=28656,,48,25,17
,,Ring,,,,,,,,,,ap,agi,hit,crit,haste,arp,exp,socket
,1,Stormrage Signet Ring,Stormrage Signet Ring,Epic,148.80,103.80,Black Temple,Illidan Stormrage,3,https://tbc.wowhead.com/item=32497,,66,,30,,,126
,2,Band of the Eternal Champion,Band of the Eternal Champion,Epic,146.45,,Tanaris,Champion's Covenant,3,https://tbc.wowhead.com/item=29301,,87,29
,3,Ring of Deceitful Intent,Ring of Deceitful Intent,Epic,129.55,101.05,Black Temple,Shade of Akama,3,https://tbc.wowhead.com/item=32266,,58,21,19
,4,Ring of Lethality,Ring of Lethality,Epic,127.70,99.20,Serpentshrine Cavern,Hydross the Unstable,2,https://tbc.wowhead.com/item=30052,,50,24,19
,5,Band of the Ranger-General,Band of the Ranger-General,Epic,126.40,99.40,Tempest Keep,Kael'thas Sunstrider,2,https://tbc.wowhead.com/item=29997,,56,,18,28
,6,Band of Eternity (revered),Band of Eternity (revered),Epic,119.45,,Tanaris,Champion's Oath,3,https://tbc.wowhead.com/item=29300,,60,29
,7,Band of Devastation,Band of Devastation,Epic,116.38,,Black Temple,Trash,3,https://tbc.wowhead.com/item=32526,,66,,,,31
,8,Ring of Reciprocity,Ring of Reciprocity,Epic,113.95,91.45,Hellfire Peninsula,Doom Lord Kazzak,1,https://tbc.wowhead.com/item=30738,,62,,15,19
,9,Band of Eternity (honored),Band of Eternity (honored),Epic,111.35,,Tanaris,Champion's Vow,3,https://tbc.wowhead.com/item=29299,,56,27
,10,Ring of a Thousand Marks,Ring of a Thousand Marks,Epic,108.15,79.65,Karazhan,Prince Malchezaar,1,https://tbc.wowhead.com/item=28757,,44,,19,23
,11,Garona's Signet Ring,Garona's Signet Ring,Epic,108.00,81.00,Karazhan,The Curator,1,https://tbc.wowhead.com/item=28649,,40,20,18
,12,Ring of the Overseer,Ring of the Overseer,Epic,106.80,88.80,Blade's Edge Mountains,Shartuul,3,https://tbc.wowhead.com/item=32942,,56,16,12
,13,Ring of the Recalcitrant,Ring of the Recalcitrant,Epic,103.20,,Magtheridon's Lair,The Fall of Magtheridon,1,https://tbc.wowhead.com/item=28791,,54,24
,14,Band of Eternity (friendly),Band of Eternity (friendly),Epic,101.25,,Tanaris,Champion's Pledge,2,https://tbc.wowhead.com/item=29298,,50,25
,15,Vindicator's Band of Triumph,Vindicator's Band of Triumph,Epic,101.10,,Season 3,PvP,3,https://tbc.wowhead.com/item=33919,,44,,,26,,56
,,Legs,,,,,,,,,,ap,agi,hit,crit,haste,arp,exp,socket
,1,Bow-stitched Leggings,Bow-stitched Leggings,Epic,261.25,,Hyjal Summit,Azgalor,3,https://tbc.wowhead.com/item=30900,,100,42,,20,,,,Red,Yellow,Blue
,2,Shady Dealer's Pantaloons,Shady Dealer's Pantaloons,Epic,257.00,,Hyjal Summit,Azgalor,3,https://tbc.wowhead.com/item=30898,,102,50,,,,175
,3,Leggings of Murderous Intent,Leggings of Murderous Intent,Epic,241.60,,Tempest Keep,Kael'thas Sunstrider,2,https://tbc.wowhead.com/item=29995,,92,45,,37
,4,Gronnstalker's Leggings,Gronnstalker's Leggings,Epic,226.35,,Black Temple,Illidari Council,3,https://tbc.wowhead.com/item=31005,,106,37,,19,,,,Red
,5,Scaled Greaves of the Marksman,Scaled Greaves of the Marksman,Epic,221.00,197.00,Hellfire Peninsula,Doom Lord Kazzak,1,https://tbc.wowhead.com/item=30739,,76,37,16,,,,,Red,Red,Red
,6,Skulker's Greaves,Skulker's Greaves,Epic,216.75,174.75,Karazhan,Netherspite,1,https://tbc.wowhead.com/item=28741,,64,32,28,,,,,Red,Red,Blue
,7,Rift Stalker Leggings,Rift Stalker Leggings,Epic,216.05,189.05,Serpentshrine Cavern,Fathom-Lord Karathress,2,https://tbc.wowhead.com/item=30142,,92,40,18,,,,,Red
,8,Vengeful Gladiator's Chain Leggings,Vengeful Gladiator's Chain Leggings,Epic,211.65,193.65,Season 3,PvP,3,https://tbc.wowhead.com/item=33667,,60,34,12,25,,84
,9,Void Reaver Greaves,Void Reaver Greaves,Epic,208.00,,Tempest Keep,Void Reaver,2,https://tbc.wowhead.com/item=29985,,88,37,,,,,,Red,Yellow,Blue
,10,Demon Stalker Greaves,Demon Stalker Greaves,Epic,186.50,164.00,Gruul's Lair,Gruul the Dragonkiller,1,https://tbc.wowhead.com/item=29083,,82,40,15
,11,Midnight Legguards,Midnight Legguards,Epic,176.50,151.00,Slave Pens,Quagmirran,1,https://tbc.wowhead.com/item=30538,,64,,17,27,,,,Red,Red,Blue
,12,Fel Leather Leggings,Fel Leather Leggings,Rare,171.40,133.90,Leatherworking,Crafted,1,https://tbc.wowhead.com/item=25687,,52,,25,25,,,,Red,Yellow,Yellow
,13,Wastewalker Leggings,Wastewalker Leggings,Rare,165.20,136.70,Mana-Tombs,Nexus-Prince Shaffar,1,https://tbc.wowhead.com/item=27837,,28,31,19,,,,,Red,Red,Blue
,14,Merciless Gladiator's Chain Leggings,Merciless Gladiator's Chain Leggings,Epic,162.45,,Season 2,PvP,2,https://tbc.wowhead.com/item=31963,,52,38,,21
,15,Leggings of Assassination,Leggings of Assassination,Rare,159.00,126.00,Shadow Labyrinth,Murmur,1,https://tbc.wowhead.com/item=27908,,44,40,22
,,Feet,,,,,,,,,,ap,agi,hit,crit,haste,arp,exp,socket
,1,Softstep Boots of Tracking,Softstep Boots of Tracking,Epic,197.15,171.65,Black Temple,Teron Gorefiend,3,https://tbc.wowhead.com/item=32510,,76,27,17,26
,2,Shadowmaster's Boots,Shadowmaster's Boots,Epic,192.95,,Black Temple,Mother Shahraz,3,https://tbc.wowhead.com/item=32366,,76,30,,17,,,,Red,Yellow
,3,Quickstrider Moccasins,Quickstrider Moccasins,Epic,167.00,144.50,Hyjal Summit,Anetheron,3,https://tbc.wowhead.com/item=30880,,58,28,15,,,,,Red,Yellow
,4,Star-Strider Boots,Star-Strider Boots,Epic,163.75,,Tempest Keep,High Astromancer Solarian,2,https://tbc.wowhead.com/item=29951,,66,33,,,,,,Blue,Blue
,5,Cobra-Lash Boots,Cobra-Lash Boots,Epic,163.75,,Serpentshrine Cavern,Lady Vashj,2,https://tbc.wowhead.com/item=30104,,66,33,,,,,,Blue,Red
,6,Edgewalker Longboots,Edgewalker Longboots,Epic,152.05,132.55,Karazhan,Moroes,1,https://tbc.wowhead.com/item=28545,,44,29,13,,,,,Red,Yellow
,7,Boots of Utter Darkness,Boots of Utter Darkness,Epic,150.10,115.60,Leatherworking,Crafted,2,https://tbc.wowhead.com/item=30039,,66,,23,32
,8,Black Featherlight Boots,Black Featherlight Boots,Epic,149.00,98.00,Hyjal Summit,Kaz'rogal,3,https://tbc.wowhead.com/item=30891,,98,,34
,9,Boots of the Crimson Hawk,Boots of the Crimson Hawk,Epic,144.85,,Leatherworking,Crafted,2,https://tbc.wowhead.com/item=30045,,58,28,,19
,10,Boots of Effortless Striking,Boots of Effortless Striking,Epic,144.10,,Serpentshrine Cavern,The Lurker Below,2,https://tbc.wowhead.com/item=30060,,58,42
,11,Fiend Slayer Boots,Fiend Slayer Boots,Epic,142.90,117.40,Karazhan,Chess Event,1,https://tbc.wowhead.com/item=28746,,34,26,17,,,,,Red,Blue
,12,Vindicator's Chain Sabatons,Vindicator's Chain Sabatons,Epic,133.55,,Season 3,PvP,3,https://tbc.wowhead.com/item=33878,,38,33,,18
,13,Fel Leather Boots,Fel Leather Boots,Rare,128.95,91.45,Leatherworking,Crafted,1,https://tbc.wowhead.com/item=25686,,36,,25,17,,,,Yellow,Red
,14,The Master's Treads,The Master's Treads,Rare,121.20,97.20,,,1,https://tbc.wowhead.com/item=31288,,48,24,16
,15,Veteran's Leather Boots,Veteran's Leather Boots,Epic,120.30,,Season 2,PvP,2,https://tbc.wowhead.com/item=32790,,34,30,,16
,,Trinket,,,,,,,,,,ap,agi,hit,crit,haste,arp,exp,socket
,1,Dragonspine Trophy,Dragonspine Trophy,Epic,251.25,,Gruul's Lair,Gruul the Dragonkiller,1,https://tbc.wowhead.com/item=28830,,40,,,,130
,2,Madness of the Betrayer,Madness of the Betrayer,Epic,159.00,129.00,Black Temple,High Nethermancer Zerevor,3,https://tbc.wowhead.com/item=32505,,84,,20,,,150
,3,Mark of the Champion (undead/demon),Mark of the Champion (undead/demon),Epic,150.00,,Naxxramas,The Fall of Kel'Thuzad,1,https://tbc.wowhead.com/item=23206,,150
,4,Tsunami Talisman,Tsunami Talisman,Epic,135.72,120.72,Serpentshrine Cavern,Leotheras the Blind,2,https://tbc.wowhead.com/item=30627,,61.82,,10,38
,5,Darkmoon Card: Crusade,Darkmoon Card: Crusade,Epic,120.00,,Darkmoon Faire,,2,https://tbc.wowhead.com/item=31856,,120
,6,Bloodlust Brooch,Bloodlust Brooch,Epic,118.00,,Badge of Justice,G'eras,1,https://tbc.wowhead.com/item=29383,,118
,7,Slayer's Crest,Slayer's Crest,Epic,107.00,,Naxxramas,Sapphiron,0,https://tbc.wowhead.com/item=23041,,107
,8,Hourglass of the Unraveller,Hourglass of the Unraveller,Rare,99.60,,Black Morass,Temporus,1,https://tbc.wowhead.com/item=28034,,50,,,32
,9,Abacus of Violent Odds,Abacus of Violent Odds,Rare,99.18,,Mechanar,Pathaleon the Calculator,1,https://tbc.wowhead.com/item=28288,,64,,,,21.65
,10,Talon of Al'ar,Talon of Al'ar,Epic,87.00,,Tempest Keep,Al'ar,2,https://tbc.wowhead.com/item=30448,,87
,11,Drake Fang Talisman,Drake Fang Talisman,Epic,86.00,56.00,Blackwing Lair,Ebonroc,0,https://tbc.wowhead.com/item=19406,,56,,20
,12,Core of Ar'kelos,Core of Ar'kelos,Uncommon,85.00,,Archmage Vargoth,Ar'kelos the Guardian,1,https://tbc.wowhead.com/item=29776,,85
,13,Kiss of the Spider,Kiss of the Spider,Epic,77.33,62.33,Naxxramas,Maexxna,0,https://tbc.wowhead.com/item=22954,,,,10,14,25
,14,Icon of Unyielding Courage,Icon of Unyielding Courage,Rare,75.00,30.00,Blood Furnace,Keli'dan the Breaker,1,https://tbc.wowhead.com/item=28121,,,,30,,,100
,15,Bladefist's Breadth,Bladefist's Breadth,Rare,73.30,,Hellfire Peninsula,Overlord,1,https://tbc.wowhead.com/item=28041,,33,,,26
,,One Hand,,,,,,,,,,ap,agi,hit,crit,haste,arp,exp,socket
,1,Blade of Infamy,Blade of Infamy,Epic,113.40,,Hyjal Summit,Anetheron,3,https://tbc.wowhead.com/item=30881,,56,28
,2,Tracker's Blade,Tracker's Blade,Epic,109.65,79.65,Hyjal Summit,Rage Winterchill,3,https://tbc.wowhead.com/item=30865,,44,,20,23
,3,Talon of the Phoenix,Talon of the Phoenix,Epic,103.95,81.45,Tempest Keep,Al'ar,2,https://tbc.wowhead.com/item=32944,,52,,15,19
,4,Talon of Azshara,Talon of Azshara,Epic,100.75,70.75,Serpentshrine Cavern,Morogrim Tidewalker,2,https://tbc.wowhead.com/item=30082,,40,15,20
,5,Blade of Savagery,Blade of Savagery,Epic,100.60,78.10,Black Temple,Mother Shahraz,3,https://tbc.wowhead.com/item=32369,,44,,15,22
,6,Boundless Agony,Boundless Agony,Epic,100.20,,Hyjal Summit,Azgalor,3,https://tbc.wowhead.com/item=30901,,,,,24,,210
,7,Vengeful Gladiator's Right Ripper,Vengeful Gladiator's Right Ripper,Epic,93.25,81.25,Season 3,PvP,3,https://tbc.wowhead.com/item=33737,,34,,8,21,,49
,8,Vengeful Gladiator's Hacker,Vengeful Gladiator's Hacker,Epic,93.25,81.25,Season 3,PvP,3,https://tbc.wowhead.com/item=33689,,34,,8,21,,49
,9,Vengeful Gladiator's Left Ripper,Vengeful Gladiator's Left Ripper,Epic,93.25,81.25,Season 3,PvP,3,https://tbc.wowhead.com/item=33705,,34,,8,21,,49
,10,Vengeful Gladiator's Quickblade,Vengeful Gladiator's Quickblade,Epic,93.25,81.25,Season 3,PvP,3,https://tbc.wowhead.com/item=33734,,34,,8,21,,49
,11,Vengeful Gladiator's Shiv,Vengeful Gladiator's Shiv,Epic,93.25,81.25,Season 3,PvP,3,https://tbc.wowhead.com/item=33756,,34,,8,21,,49
,12,Vengeful Gladiator's Mutilator,Vengeful Gladiator's Mutilator,Epic,93.25,81.25,Season 3,PvP,3,https://tbc.wowhead.com/item=33801,,34,,8,21,,49
,13,Vengeful Gladiator's Chopper,Vengeful Gladiator's Chopper,Epic,93.25,81.25,Season 3,PvP,3,https://tbc.wowhead.com/item=34015,,34,,8,21,,49
,14,Vengeful Gladiator's Left Render,Vengeful Gladiator's Left Render,Epic,93.25,81.25,Season 3,PvP,3,https://tbc.wowhead.com/item=34016,,34,,8,21,,49
,15,Vengeful Gladiator's Cleaver,Vengeful Gladiator's Cleaver,Epic,93.25,81.25,Season 3,PvP,3,https://tbc.wowhead.com/item=33669,,34,,8,21,,49
,,Two Hand,,,,,,,,,,ap,agi,hit,crit,haste,arp,exp,socket
,1,Halberd of Desolation,Halberd of Desolation,Epic,249.55,204.55,Black Temple,High Warlord Naj'entus,3,https://tbc.wowhead.com/item=32248,,100,51,30
,2,Vengeful Gladiator's Decapitator,Vengeful Gladiator's Decapitator,Epic,215.20,192.70,Season 3,PvP,3,https://tbc.wowhead.com/item=33670,,92,,15,46,,98
,3,Vengeful Gladiator's Waraxe,Vengeful Gladiator's Waraxe,Epic,215.20,192.70,Season 3,PvP,3,https://tbc.wowhead.com/item=34014,,92,,15,46,,98
,4,Twinblade of the Phoenix,Twinblade of the Phoenix,Epic,211.50,,Tempest Keep,Kael'thas Sunstrider,2,https://tbc.wowhead.com/item=29993,,110,,,37,,,,Red,Yellow,Blue
,5,Illidari-Bane Claymore (Demon),Illidari-Bane Claymore (Demon),Rare,207.35,,Shadowmoon Valley,Quenching the Blade,1,https://tbc.wowhead.com/item=30789,,150,,,37
,6,Bloodmoon,Bloodmoon,Epic,198.80,,Blacksmithing,Crafted,2,https://tbc.wowhead.com/item=28436,,112,,,56
,7,Mooncleaver,Mooncleaver,Epic,186.60,,Blacksmithing,Crafted,1,https://tbc.wowhead.com/item=28435,,106,,,52
,8,Merciless Gladiator's Decapitator,Merciless Gladiator's Decapitator,Epic,176.10,149.10,Season 2,PvP,2,https://tbc.wowhead.com/item=31966,,84,,18,42
,9,Hellforged Halberd,Hellforged Halberd,Rare,173.80,145.30,Honor Hold,Revered,1,https://tbc.wowhead.com/item=29166,,92,26,19
,10,Blackened Spear,Blackened Spear,Rare,173.80,145.30,Thrallmar,Revered,1,https://tbc.wowhead.com/item=29167,,92,26,19
,11,Sonic Spear,Sonic Spear,Rare,169.75,133.75,Shadow Labyrinth,Murmur,1,https://tbc.wowhead.com/item=27903,,62,35,24
,12,Lunar Crescent,Lunar Crescent,Epic,168.85,,Blacksmithing,Crafted,1,https://tbc.wowhead.com/item=28434,,96,,,47
,13,Vengeful Gladiator's Painsaw,Vengeful Gladiator's Painsaw,Epic,164.85,,Season 3,PvP,3,https://tbc.wowhead.com/item=33727,,92,,,47
,14,Legacy,Legacy,Epic,162.00,,Karazhan,The Crone,1,https://tbc.wowhead.com/item=28587,,80,40
,15,Felsteel Reaper,Felsteel Reaper,Epic,158.50,,Blacksmithing,Crafted,1,https://tbc.wowhead.com/item=23543,,112,,,30
,,Ranged,,,,,,,,,,type,dps,speed,ap,agi,hit,crit,haste,arp,exp,socket
,1,Vengeful Gladiator's Heavy Crossbow (Ranged AP),Vengeful Gladiator's Heavy Crossbow (Ranged AP),Epic,757.80,,Season 3,PvP,3,https://tbc.wowhead.com/item=33006,,Crossbow,93.2,3,34,,,16
,2,Vengeful Gladiator's Longbow (Ranged AP),Vengeful Gladiator's Longbow (Ranged AP),Epic,757.80,,Season 3,PvP,3,https://tbc.wowhead.com/item=34529,,Bow,93.2,3,34,,,16
,3,Vengeful Gladiator's Rifle (Ranged AP),Vengeful Gladiator's Rifle (Ranged AP),Epic,757.80,,Season 3,PvP,3,https://tbc.wowhead.com/item=34530,,Gun,93.2,3,34,,,16
,4,Bristleblitz Striker,Bristleblitz Striker,Epic,757.25,,Hyjal Summit,Archimonde,3,https://tbc.wowhead.com/item=30906,,Bow,95.8,3,,,,25
,5,Black Bow of the Betrayer,Black Bow of the Betrayer,Epic,744.50,,Black Temple,Illidan Stormrage,3,https://tbc.wowhead.com/item=32336,,Bow,95.8,3,26
,6,Serpent Spine Longbow,Serpent Spine Longbow,Epic,743.05,,Serpentshrine Cavern,Lady Vashj,2,https://tbc.wowhead.com/item=30105,,Bow,90.7,3,38,,,16
,7,Arcanite Steam-Pistol,Arcanite Steam-Pistol,Epic,723.50,695.00,Tempest Keep,Al'ar,2,https://tbc.wowhead.com/item=29949,,Gun,87.2,2.9,,20,19
,8,Legionkiller,Legionkiller,Epic,723.30,,Black Temple,Supremus,3,https://tbc.wowhead.com/item=32253,,Crossbow,90.7,2.9,,21
,9,Merciless Gladiator's Crossbow of the Phoenix (Ranged AP),Merciless Gladiator's Crossbow of the Phoenix (Ranged AP),Epic,710.75,,Season 2,PvP,2,https://tbc.wowhead.com/item=31986,,Crossbow,88.2,3,26,,,15
,10,Sunfury Bow of the Phoenix,Sunfury Bow of the Phoenix,Epic,697.70,,Karazhan,Prince Malchezaar,1,https://tbc.wowhead.com/item=28772,,Bow,83.3,2.9,34,19
,11,Rifle of the Stoic Guardian,Rifle of the Stoic Guardian,Epic,678.75,,Black Temple,Teron Gorefiend,3,https://tbc.wowhead.com/item=32325,,Gun,90.5,1.9
,12,Barrel-Blade Longrifle,Barrel-Blade Longrifle,Epic,671.90,,Shadowmoon Valley,Doomwalker,1,https://tbc.wowhead.com/item=30724,,Gun,81.2,2.6,,16,,,,,,Red,Red
,13,Gladiator's Heavy Crossbow (Ranged AP),Gladiator's Heavy Crossbow (Ranged AP),Epic,662.60,,Season 1,PvP,1,https://tbc.wowhead.com/item=28294,,Crossbow,82.4,3.1,26,,,12
,14,Wolfslayer Sniper Rifle,Wolfslayer Sniper Rifle,Epic,656.00,,Karazhan,The Big Bad Wolf,1,https://tbc.wowhead.com/item=28581,,Gun,79.1,2.7,32,15
,15,Steelhawk Crossbow,Steelhawk Crossbow,Epic,647.25,623.25,Karazhan,Attumen the Huntsman,1,https://tbc.wowhead.com/item=28504,,Crossbow,79.1,2.8,30,,16
,16,Wrathtide Longbow,Wrathtide Longbow,Epic,622.95,,Steamvault,Warlord Kalithresh,1,https://tbc.wowhead.com/item=29351,,Bow,75.5,3,28,14
,17,Marksman's Bow,Marksman's Bow,Epic,616.60,600.10,Thrallmar,Exalted,1,https://tbc.wowhead.com/item=29152,,Bow,73.8,2.8,22,12,11
,18,Veteran's Musket,Veteran's Musket,Epic,615.85,599.35,Honor Hold,Exalted,1,https://tbc.wowhead.com/item=29151,,Gun,73.7,2.7,22,12,11
,19,Crystalline Crossbow,Crystalline Crossbow,Epic,594.60,578.10,Ogri'la,Exalted,3,https://tbc.wowhead.com/item=32645,,Crossbow,73.8,2.8,,12,11
,20,Gyro-Balanced Khorium Destroyer,Gyro-Balanced Khorium Destroyer,Epic,580.30,,Engineering,Crafted,1,https://tbc.wowhead.com/item=32756,,Gun,75.5,2.8,,,,,,,,Yellow
,21,Don Santos' Famous Hunting Rifle,Don Santos' Famous Hunting Rifle,Epic,552.75,,,World Drop,1,https://tbc.wowhead.com/item=31323,,Gun,73.7,2.7
,22,Nerubian Slavemaker,Nerubian Slavemaker,Epic,551.95,,Naxxramas,Kel'Thuzad,1,https://tbc.wowhead.com/item=22812,,Crossbow,67.5,3.2,24,,,14
,23,Telescopic Sharprifle,Telescopic Sharprifle,Rare,551.90,,Mechanar,Pathaleon the Calculator,1,https://tbc.wowhead.com/item=28286,,Gun,66.3,3,28,13
,24,Ornate Khorium Rifle,Ornate Khorium Rifle,Rare,546.95,527.45,Engineering,Crafted,1,https://tbc.wowhead.com/item=23748,,Gun,66.5,3.1,,14,13
,25,Adamantine Repeater,Adamantine Repeater,Rare,543.00,528.00,Blood Furnace,Keli'dan the Breaker,1,https://tbc.wowhead.com/item=27507,,Crossbow,66.3,3,,15,10
,26,Emberhawk Crossbow,Emberhawk Crossbow,Rare,539.15,,Arcatraz,Wrath-Scryer Soccothrates,1,https://tbc.wowhead.com/item=28397,,Crossbow,66.3,3,14,,,18
,27,Consortium Blaster,Consortium Blaster,Rare,536.10,,The Consortium,Revered,1,https://tbc.wowhead.com/item=29115,,Gun,66.3,2.4,28,,,7
,28,Valanos' Longbow,Valanos' Longbow,Rare,535.50,,,,1,https://tbc.wowhead.com/item=31303,,Bow,66.4,2.8,22,,,10
,29,High Warlord's Heavy Crossbow (Ranged AP),High Warlord's Heavy Crossbow (Ranged AP),Rare,533.95,,,PvP,0,https://tbc.wowhead.com/item=28933,,Crossbow,66.4,3.2,22,,,9
,30,Grand Marshal's Heavy Crossbow (Ranged AP),Grand Marshal's Heavy Crossbow (Ranged AP),Rare,533.95,,,PvP,0,https://tbc.wowhead.com/item=28960,,Crossbow,66.4,3.2,22,,,9
