Feral Cat Phase 3,,,Value Credit: Discord: NerdEgghead#6940
,,Item,,,EPV,If Hit  Capped,Location,Phase,,,Stats
,,Head,,,,,,,,,,ap,str,agi,hit,crit,haste,arp,exp,socket
,1,Wolfshead Helm,Wolfshead Helm,Rare,0.00,,Crafted,Leatherworking,0,https://tbc.wowhead.com/item=8345/wolfshead-helm
,2,"Yes, its that good."
,3,0
,4
,5,Cursed Vision of Sargeras,Cursed Vision of Sargeras,Epic,436.76,405.26,Black Temple,Illidan Stormrage,3,https://tbc.wowhead.com/item=32235,,108,,39,21,38,,,,Meta,Yellow
,6,Vengeful Gladiator's Dragonhide Helm,Vengeful Gladiator's Dragonhide Helm,Epic,357.88,339.88,Season 3,PvP,3,https://tbc.wowhead.com/item=33672,,,32,31,12,27,,84,,Meta,Yellow
,7,Deathblow X11 Goggles,Deathblow X11 Goggles,Epic,314.20,297.70,Engineering,Crafted,2,https://tbc.wowhead.com/item=32478,,76,,48,11,,,,,Meta,Blue
,8,Cowl of Defiance,Cowl of Defiance,Epic,295.80,259.80,Karazhan,Netherspite,1,https://tbc.wowhead.com/item=28732,,100,,34,24
,9,Thunderheart Cover,Thunderheart Cover,Epic,291.60,,Hyjal Summit,Archimonde,3,https://tbc.wowhead.com/item=31039,,,53,39,,,,,,Blue,Meta
,10,Stealther's Helmet of Second Sight,Stealther's Helmet of Second Sight,Rare,290.60,271.10,Shadowmoon Valley,"Teron Gorefiend, I am...",1,https://tbc.wowhead.com/item=31109,,60,,24,13,,,,,Red,Blue,Yellow
,11,Malefic Mask of the Shadows,Malefic Mask of the Shadows,Epic,282.74,236.24,Gruul's Lair,High King Maulgar,1,https://tbc.wowhead.com/item=28796,,84,,,31,42
,12,Mask of the Deceiver,Mask of the Deceiver,Epic,262.20,238.20,Badge of Justice,G'eras,1,https://tbc.wowhead.com/item=32087,,64,,32,16,,,,,Yellow,Meta
,13,Cobrascale Hood,Cobrascale Hood,Epic,261.10,234.10,Leatherworking,Crafted,1,https://tbc.wowhead.com/item=29502,,74,,37,18
,14,Nordrassil Headdress,Nordrassil Headdress,Epic,254.74,,Serpentshrine Cavern,Lady Vashj,2,https://tbc.wowhead.com/item=30228,,,46,33,,,,,,Red,Meta
,15,Stag-Helm of Malorne,Stag-Helm of Malorne,Epic,243.41,,Karazhan,Prince Malchezaar,1,https://tbc.wowhead.com/item=29098,,,41,33,,,,,,Yellow,Meta
,,Neck,,,,,,,,,,ap,str,agi,hit,crit,haste,arp,exp,socket
,1,Choker of Endless Nightmares,Choker of Endless Nightmares,Epic,203.19,171.69,Black Temple,Supremus,3,https://tbc.wowhead.com/item=32260,,72,,,21,27
,2,Braided Eternium Chain (GROUP BUFF),Braided Eternium Chain (GROUP BUFF),Rare,173.56,142.06,Jewelcrafting,Crafted,1,https://tbc.wowhead.com/item=24114,,40,,,21,28
,3,Choker of Vile Intent,Choker of Vile Intent,Epic,169.60,142.60,Badge of Justice,G'eras,1,https://tbc.wowhead.com/item=29381,,42,,20,18
,4,Amulet of Bitter Hatred,Amulet of Bitter Hatred,Epic,169.60,142.60,Slave Pens,Ahune,3,https://tbc.wowhead.com/item=35507,,42,,20,18
,5,Worgen Claw Necklace,Worgen Claw Necklace,Epic,166.40,140.90,Karazhan,Attumen the Huntsman,1,https://tbc.wowhead.com/item=28509,,42,,20,17
,6,Telonicus's Pendant of Mayhem,Telonicus's Pendant of Mayhem,Epic,164.50,,Tempest Keep,Kael'thas and the Verdant Sphere,2,https://tbc.wowhead.com/item=30017,,70,,27
,7,Choker of Serrated Blades,Choker of Serrated Blades,Epic,152.25,,Hyjal Summit,Trash,3,https://tbc.wowhead.com/item=32591,,70,,,,,,175
,8,Necklace of Trophies,Necklace of Trophies,Rare,147.15,126.15,,World Drop,1,https://tbc.wowhead.com/item=31275,,,22,15,14
,9,Haramad's Bargain,Haramad's Bargain,Epic,146.42,,The Consortium,Exalted,1,https://tbc.wowhead.com/item=29119,,,26,25
,10,Bone Chain Necklace,Bone Chain Necklace,Rare,144.10,124.60,Underbog,The Black Stalker,1,https://tbc.wowhead.com/item=27779,,36,,19,13
,11,Necklace of the Deep,Necklace of the Deep,Rare,143.50,,Jewelcrafting,Crafted,1,https://tbc.wowhead.com/item=32508,,,,21,,,,,,Red,Red
,12,Earthen Mark of Razing,Earthen Mark of Razing,Rare,142.10,122.60,Nagrand,Gurok the Usurper,1,https://tbc.wowhead.com/item=25562,,20,,23,13
,13,Prestor's Talisman of Connivery,Prestor's Talisman of Connivery,Epic,141.50,126.50,Classic,,0,https://tbc.wowhead.com/item=19377,,22,,25,10
,14,Mithril Chain of Heroism,Mithril Chain of Heroism,Epic,140.45,,Karazhan,Chess Event,1,https://tbc.wowhead.com/item=28745,,,28,22
,15,Vindicator's Pendant of Triumph,Vindicator's Pendant of Triumph,Epic,137.14,,Season 3,PvP,3,https://tbc.wowhead.com/item=33923,,50,,,,22,,,,Yellow
,,Shoulders,,,,,,,,,,ap,str,agi,hit,crit,haste,arp,exp,socket
,1,Thunderheart Pauldrons,Thunderheart Pauldrons,Epic,284.37,,Black Temple,Mother Shahraz,3,https://tbc.wowhead.com/item=31048,,,39,36,,,,,,Yellow,Blue
,2,Vengeful Gladiator's Dragonhide Spaulders,Vengeful Gladiator's Dragonhide Spaulders,Epic,283.27,,Season 3,PvP,3,https://tbc.wowhead.com/item=33674,,,30,30,,17,,,,Red,Yellow
,3,Shoulderpads of the Stranger,Shoulderpads of the Stranger,Epic,280.42,,Serpentshrine Cavern,Hydross the Unstable,2,https://tbc.wowhead.com/item=30055,,60,,33,,16,,,10,Red
,4,Nordrassil Feral-Mantle,Nordrassil Feral-Mantle,Epic,268.31,,Tempest Keep,Void Reaver,2,https://tbc.wowhead.com/item=30230,,,35,34,,,,,,Yellow,Blue
,5,Wastewalker Shoulderpads,Wastewalker Shoulderpads,Rare,242.70,218.70,Auchenai Crypts,Avatar of the Martyred,1,https://tbc.wowhead.com/item=27797,,34,,25,16,,,,,Red,Blue
,6,Mantle of Darkness,Mantle of Darkness,Epic,242.61,209.61,Black Temple,High Warlord Naj'entus,3,https://tbc.wowhead.com/item=32377,,94,,,22,33
,7,Mantle of Malorne,Mantle of Malorne,Epic,239.28,,Gruul's Lair,High King Maulgar,1,https://tbc.wowhead.com/item=29100,,,33,27,,,,,,Blue,Blue
,8,Razorfury Mantle,Razorfury Mantle,Epic,228.51,,Hyjal Summit,Kaz'rogal,3,https://tbc.wowhead.com/item=30917,,76,,28,,23
,9,Swiftstrike Shoulders,Swiftstrike Shoulders,Epic,227.18,,Leatherworking,Crafted,3,https://tbc.wowhead.com/item=32581,,74,,29,,,38
,10,Bladed Shoulderpads of the Merciless,Bladed Shoulderpads of the Merciless,Epic,219.37,199.87,Karazhan,Chess Event,1,https://tbc.wowhead.com/item=28755,,58,,,13,21,,,,Yellow,Yellow
,11,Mantle of Perenolde,Mantle of Perenolde,Rare,218.11,183.61,Old Hillsbrad Foothills,Epoch Hunter,1,https://tbc.wowhead.com/item=27434,,20,,,23,23,,,,Red,Red
,12,Expedition Scout's Epaulets,Expedition Scout's Epaulets,Rare,214.30,178.30,,Fel Embers,1,https://tbc.wowhead.com/item=25790,,50,,25,24
,13,Merciless Gladiator's Dragonhide Spaulders,Merciless Gladiator's Dragonhide Spaulders,Epic,211.48,,Season 2,PvP,2,https://tbc.wowhead.com/item=31971,,,30,21,,,,,,Red,Yellow
,14,Shoulderpads of Assassination,Shoulderpads of Assassination,Rare,199.50,,Sethekk Halls,Talon King Ikiss,1,https://tbc.wowhead.com/item=27776,,42,,25,,,,,,Yellow,Yellow
,15,Gladiator's Dragonhide Spaulders,Gladiator's Dragonhide Spaulders,Epic,192.95,,Season 1,PvP,1,https://tbc.wowhead.com/item=28129,,,28,17,,,,,,Red,Yellow
,,Back,,,,,,,,,,ap,str,agi,hit,crit,haste,arp,exp,socket
,1,Shadowmoon Destroyer's Drape,Shadowmoon Destroyer's Drape,Epic,183.28,157.78,Black Temple,Teron Gorefiend,3,https://tbc.wowhead.com/item=32323,,72,,,17,24
,2,Drape of the Dark Reavers,Drape of the Dark Reavers,Epic,172.40,146.90,Karazhan,Shade of Aran,1,https://tbc.wowhead.com/item=28672,,34,,24,17
,3,Thalassian Wildercloak,Thalassian Wildercloak,Epic,166.00,,Tempest Keep,Kael'thas Sunstrider,2,https://tbc.wowhead.com/item=29994,,68,,28
,4,Razor-Scale Battlecloak,Razor-Scale Battlecloak,Epic,155.28,,Serpentshrine Cavern,Morogrim Tidewalker,2,https://tbc.wowhead.com/item=30098,,,33,23
,5,Cloak of the Craft,Cloak of the Craft,Rare,149.10,129.60,,World Drop,1,https://tbc.wowhead.com/item=31255,,20,,25,13
,6,Cloak of Darkness (melee),Cloak of Darkness (melee),Epic,144.00,,Tailoring,Crafted,3,https://tbc.wowhead.com/item=33122,,,23,,,24,,,,Blue
,7,Auchenai Death Shroud,Auchenai Death Shroud,Rare,142.90,117.40,Auchenai Crypts,Avatar of the Martyred,1,https://tbc.wowhead.com/item=27878,,36,,15,17
,8,Vengeance Wrap,Vengeance Wrap,Epic,141.51,,Tailoring,Crafted,1,https://tbc.wowhead.com/item=24259,,52,,,,23,,,,Red
,9,Black-Iron Battlecloak,Black-Iron Battlecloak,Epic,131.10,,Shadowmoon Valley,Doomwalker,1,https://tbc.wowhead.com/item=30729,,60,,,,30
,10,Blood Knight War Cloak,Blood Knight War Cloak,Epic,128.50,,Badge of Justice,G'eras,1,https://tbc.wowhead.com/item=29382,,48,,23
,11,The Frost Lord's War Cloak,The Frost Lord's War Cloak,Epic,128.50,,Slave Pens,Ahune,3,https://tbc.wowhead.com/item=35495,,48,,23
,12,Cloak of the Inciter,Cloak of the Inciter,Rare,123.86,99.86,Shadow Labyrinth,Blackheart the Inciter,1,https://tbc.wowhead.com/item=27892,,30,,,16,18
,13,Nomad's Woven Cloak,Nomad's Woven Cloak,Rare,122.32,102.82,Nagrand,Bring Me The Egg!,1,https://tbc.wowhead.com/item=28031,,,14,14,13
,14,Delicate Green Poncho,Delicate Green Poncho,Rare,121.80,100.80,Nagrand,Bring Me The Egg!,1,https://tbc.wowhead.com/item=28032,,28,,14,14
,15,Cloak of the Fallen God,Cloak of the Fallen God,Epic,115.93,,Classic,Uylaru,0,https://tbc.wowhead.com/item=21710,,,11,26
,,Chest,,,,,,,,,,ap,str,agi,hit,crit,haste,arp,exp,socket
,1,Nether Shadow Tunic,Nether Shadow Tunic,Epic,429.00,376.50,Black Temple,Supremus,3,https://tbc.wowhead.com/item=32252,,86,,36,35,,,,,Red,Yellow,Blue
,2,Midnight Chestguard,Midnight Chestguard,Epic,412.82,369.32,Hyjal Summit,Archimonde,3,https://tbc.wowhead.com/item=30905,,106,,,29,46,,,,Blue,Red,Yellow
,3,Vengeful Gladiator's Dragonhide Tunic,Vengeful Gladiator's Dragonhide Tunic,Epic,404.39,386.39,Season 3,PvP,3,https://tbc.wowhead.com/item=33675,,,30,31,12,19,,84,,Red,Red,Yellow
,4,Bloodsea Brigand's Vest,Bloodsea Brigand's Vest,Epic,368.72,328.22,Serpentshrine Cavern,Fathom-Lord Karathress,2,https://tbc.wowhead.com/item=30101,,92,,,27,36,,,,Yellow,Yellow,Blue
,5,Thunderheart Chestguard,Thunderheart Chestguard,Epic,351.10,,Black Temple,Illidan Stormrage,3,https://tbc.wowhead.com/item=31042,,,53,36,,,,,,Blue,Yellow,Red
,6,Shadowprowler's Chestguard,Shadowprowler's Chestguard,Epic,343.11,331.11,Leatherworking,Crafted,3,https://tbc.wowhead.com/item=33204,,,32,40,8,,,,,Red,Blue,Yellow
,7,Terrorweave Tunic,Terrorweave Tunic,Epic,327.45,295.95,Shadowmoon Valley,Doomwalker,1,https://tbc.wowhead.com/item=30730,,96,,,21,25,,,,Red,Yellow,Yellow
,8,Nordrassil Chestplate,Nordrassil Chestplate,Epic,314.24,,Tempest Keep,Kael'thas Sunstrider,2,https://tbc.wowhead.com/item=30222,,,46,30,,,,,,Blue,Yellow,Red
,9,Breastplate of Malorne,Breastplate of Malorne,Epic,298.78,,Magtheridon's Lair,Magtheridon,1,https://tbc.wowhead.com/item=29096,,,33,34,,,,,,Yellow,Blue,Red
,10,Chestguard of the Conniver,Chestguard of the Conniver,Epic,289.90,256.90,Karazhan,Nightbane,1,https://tbc.wowhead.com/item=28601,,90,,37,22
,11,Primalstrike Vest,Primalstrike Vest,Epic,279.40,261.40,Leatherworking,Crafted,1,https://tbc.wowhead.com/item=29525,,108,,38,12
,12,Vest of Vengeance,Vest of Vengeance,Rare,276.70,260.20,Blood Furnace,Keli'dan the Breaker,1,https://tbc.wowhead.com/item=24396,,42,,27,11,,,,,Red,Yellow,Blue
,13,Auchenai Monk's Tunic,Auchenai Monk's Tunic,Rare,267.80,239.30,Terokkar Forest,Everything Will Be Alright,1,https://tbc.wowhead.com/item=29340,,18,,24,19,,,,,Red,Red,Yellow
,14,Merciless Gladiator's Dragonhide Tunic,Merciless Gladiator's Dragonhide Tunic,Epic,265.84,,Season 2,PvP,2,https://tbc.wowhead.com/item=31972,,,37,22,,,,,,Red,Red,Yellow
,15,Wastewalker Tunic,Wastewalker Tunic,Rare,259.00,,Blood Furnace,Keli'dan the Breaker,1,https://tbc.wowhead.com/item=28264,,56,,28,,,,,,Yellow,Yellow,Yellow
,,Wrist,,,,,,,,,,ap,str,agi,hit,crit,haste,arp,exp,socket
,1,Insidious Bands,Insidious Bands,Epic,229.40,211.40,Black Temple,Teron Gorefiend,3,https://tbc.wowhead.com/item=32324,,58,,28,12,,,,,Yellow
,2,Vindicator's Dragonhide Bracers,Vindicator's Dragonhide Bracers,Epic,211.62,,Season 3,PvP,3,https://tbc.wowhead.com/item=33881,,,22,22,,21,,,,Red
,3,Deadly Cuffs,Deadly Cuffs,Epic,197.76,179.76,Hyjal Summit,Rage Winterchill,3,https://tbc.wowhead.com/item=30863,,58,,,12,28,,,,Yellow
,4,Vindicator's Leather Bracers,Vindicator's Leather Bracers,Epic,176.94,,Season 3,PvP,3,https://tbc.wowhead.com/item=33893,,26,,25,,12,,,,Yellow
,5,Vambraces of Ending,Vambraces of Ending,Epic,171.00,,Tempest Keep,High Astromancer Solarian,2,https://tbc.wowhead.com/item=29966,,52,,24,,,,,,Blue
,6,Swiftstrike Bracers,Swiftstrike Bracers,Epic,156.72,,Leatherworking,Crafted,3,https://tbc.wowhead.com/item=32580,,50,,20,,,27
,7,Ravager's Wrist-Wraps of the Tiger,Ravager's Wrist-Wraps of the Tiger,Epic,155.68,,Karazhan,Rokad the Ravager,1,https://tbc.wowhead.com/item=30685/ravagers-wrist-wraps,,,27,27
,8,Veteran's Leather Bracers,Veteran's Leather Bracers,Epic,149.83,,Season 2,PvP,2,https://tbc.wowhead.com/item=32814,,20,,21,,9,,,,Yellow
,9,Shard-bound Bracers,Shard-bound Bracers,Epic,147.00,,Ogri'la,Exalted,3,https://tbc.wowhead.com/item=32647,,42,,20,,,,,,Blue
,10,Spymistress's Wristguards,Spymistress's Wristguards,Rare,146.00,123.50,Shadow Labyrinth,The Soul Devices,1,https://tbc.wowhead.com/item=28171,,,,18,15,,,,,Red
,11,Veteran's Dragonhide Bracers,Veteran's Dragonhide Bracers,Epic,141.05,,Season 2,PvP,2,https://tbc.wowhead.com/item=32810,,,19,18,,,,,,Red
,12,General's Leather Bracers,General's Leather Bracers,Epic,134.09,,Season 1,PvP,1,https://tbc.wowhead.com/item=28424,,16,,19,,7,,,,Yellow
,13,Marshal's Leather Bracers,Marshal's Leather Bracers,Epic,134.09,,,PvP,1,https://tbc.wowhead.com/item=28988,,16,,19,,7,,,,Yellow
,14,Nightfall Wristguards,Nightfall Wristguards,Epic,130.00,,Old Hillsbrad Foothills,Epoch Hunter,1,https://tbc.wowhead.com/item=29246,,46,,24
,15,Qiraji Execution Bracers,Qiraji Execution Bracers,Epic,121.99,106.99,Classic,,0,https://tbc.wowhead.com/item=21602,,,15,16,10
,,Hands,,,,,,,,,,ap,str,agi,hit,crit,haste,arp,exp,socket
,1,Gloves of the Searing Grip,Gloves of the Searing Grip,Epic,239.10,,Tempest Keep,Al'ar,2,https://tbc.wowhead.com/item=29947,,66,,33,,,,,18
,2,Thunderheart Gauntlets,Thunderheart Gauntlets,Epic,235.37,,Hyjal Summit,Azgalor,3,https://tbc.wowhead.com/item=31034,,,39,32,,,,,,Blue
,3,Gloves of Dexterous Manipulation,Gloves of Dexterous Manipulation,Epic,234.50,,Karazhan,Attumen the Huntsman,1,https://tbc.wowhead.com/item=28506,,42,,35,,,,,,Red,Blue
,4,Grips of Damnation,Grips of Damnation,Epic,220.82,,Black Temple,Devourer of Souls,3,https://tbc.wowhead.com/item=32347,,76,,27,,,37
,5,Rapscallion's Touch,Rapscallion's Touch,Rare,220.27,197.77,,Rescue Deirom!,1,https://tbc.wowhead.com/item=25969,,,,15,15,21,,,,Red,Yellow
,6,Fel Leather Gloves,Fel Leather Gloves,Rare,217.28,191.78,Leatherworking,Crafted,1,https://tbc.wowhead.com/item=25685,,36,,,17,24,,,,Yellow,Red
,7,Vengeful Gladiator's Dragonhide Gloves,Vengeful Gladiator's Dragonhide Gloves,Epic,211.05,197.55,Season 3,PvP,3,https://tbc.wowhead.com/item=33671,,,31,32,9
,8,Grips of Deftness,Grips of Deftness,Epic,209.50,,Karazhan,Trash,1,https://tbc.wowhead.com/item=30644,,60,,29,,,,,15
,9,Liar's Tongue Gloves,Liar's Tongue Gloves,Epic,203.62,,Magtheridon's Lair,Magtheridon,1,https://tbc.wowhead.com/item=28776,,72,,,,26,,,,Blue,Blue
,10,Gloves of the Unbound,Gloves of the Unbound,Rare,202.50,,Arcatraz,Wrath-Scryer Soccothrates,1,https://tbc.wowhead.com/item=28396,,38,,27,,,,,,Red,Blue
,11,Windslayer Wraps,Windslayer Wraps,Epic,198.98,173.48,Leatherworking,Crafted,1,https://tbc.wowhead.com/item=29507,,,36,18,17
,12,Wastewalker Gloves,Wastewalker Gloves,Rare,198.00,,Shattered Halls,Warchief Kargath Bladefist,1,https://tbc.wowhead.com/item=27531,,16,,32,,,,,,Red,Yellow
,13,Handgrips of Assassination,Handgrips of Assassination,Rare,191.90,166.40,Black Morass,Aeonus,1,https://tbc.wowhead.com/item=27509,,50,,25,17
,14,Nordrassil Handgrips,Nordrassil Handgrips,Epic,173.81,,Serpentshrine Cavern,Leotheras the Blind,2,https://tbc.wowhead.com/item=30223,,,35,27
,15,Drake Tamer's Gloves,Drake Tamer's Gloves,Uncommon,173.50,,,A Job Unfinished...,0,https://tbc.wowhead.com/item=32865,,30,,21,,,,,,Red,Blue
,,Waist,,,,,,,,,,ap,str,agi,hit,crit,haste,arp,exp,socket
,1,Belt of One-Hundred Deaths,Belt of One-Hundred Deaths,Epic,325.50,,Serpentshrine Cavern,Lady Vashj,2,https://tbc.wowhead.com/item=30106,,74,,29,,,,,25,Red,Blue
,2,Belt of Deep Shadow,Belt of Deep Shadow,Epic,305.60,278.60,Leatherworking,Crafted,2,https://tbc.wowhead.com/item=30040,,66,,32,18,,,,,Blue,Blue
,3,Don Alejandro's Money Belt,Don Alejandro's Money Belt,Epic,292.53,,Hyjal Summit,Anetheron,3,https://tbc.wowhead.com/item=30879,,76,,29,,19,,,,Red,Yellow
,4,Shadow-walker's Cord,Shadow-walker's Cord,Epic,220.82,,Black Temple,Shade of Akama,3,https://tbc.wowhead.com/item=32265,,76,,27,,,37
,5,Vindicator's Dragonhide Belt,Vindicator's Dragonhide Belt,Epic,219.25,,Season 3,PvP,3,https://tbc.wowhead.com/item=33879,,,30,29,,21
,6,Girdle of the Deathdealer,Girdle of the Deathdealer,Epic,218.00,188.00,Black Morass,Aeonus,1,https://tbc.wowhead.com/item=29247,,56,,28,20
,7,Lurker's Grasp of the Tiger,Lurker's Grasp of the Tiger,Epic,213.34,,Karazhan,Hyakiss the Lurker,1,https://tbc.wowhead.com/item=30676/lurkers-grasp,,,37,37
,8,Belt of Natural Power,Belt of Natural Power,Epic,205.71,,Leatherworking,Crafted,2,https://tbc.wowhead.com/item=30042,,,29,20,,,,,,Red,Red
,9,Gronn-Stitched Girdle,Gronn-Stitched Girdle,Epic,201.25,,Gruul's Lair,Gruul the Dragonkiller,1,https://tbc.wowhead.com/item=28828,,72,,,,25,,,,Blue,Yellow
,10,Vindicator's Leather Belt,Vindicator's Leather Belt,Epic,200.53,,Season 3,PvP,3,https://tbc.wowhead.com/item=33891,,40,,33,,19
,11,Dunewind Sash,Dunewind Sash,Rare,193.50,,Underbog,Ghaz'an,1,https://tbc.wowhead.com/item=27760,,50,,21,,,,,,Red,Blue
,12,Socrethar's Girdle,Socrethar's Girdle,Rare,192.50,162.50,,Turning Point,1,https://tbc.wowhead.com/item=30372,,48,,23,20
,13,Girdle of Treachery,Girdle of Treachery,Epic,191.00,,Karazhan,Chess Event,1,https://tbc.wowhead.com/item=28750,,58,,18,,,,,,Red,Red
,14,Belt of the Raven Lord,Belt of the Raven Lord,Rare,186.15,,Sethekk Halls,Anzu,1,https://tbc.wowhead.com/item=32769,,,25,17,,,,,,Red,Blue
,15,Epoch's Whispering Cinch,Epoch's Whispering Cinch,Rare,181.90,156.40,Old Hillsbrad Foothills,Epoch Hunter,1,https://tbc.wowhead.com/item=27911,,40,,25,17
,,Ring,,,,,,,,,,ap,str,agi,hit,crit,haste,arp,exp,socket
,1,Stormrage Signet Ring,Stormrage Signet Ring,Epic,221.22,176.22,Black Temple,Illidan Stormrage,3,https://tbc.wowhead.com/item=32497,,66,,,30,,,126
,2,Ring of Lethality,Ring of Lethality,Epic,194.80,166.30,Serpentshrine Cavern,Hydross the Unstable,2,https://tbc.wowhead.com/item=30052,,50,,24,19
,3,Ring of Deceitful Intent,Ring of Deceitful Intent,Epic,192.30,163.80,Black Temple,Shade of Akama,3,https://tbc.wowhead.com/item=32266,,58,,21,19
,4,Band of the Eternal Champion,Band of the Eternal Champion,Epic,188.50,,Tanaris,Champion's Covenant,3,https://tbc.wowhead.com/item=29301,,87,,29
,5,Band of the Ranger-General,Band of the Ranger-General,Epic,179.96,152.96,Tempest Keep,Kael'thas Sunstrider,2,https://tbc.wowhead.com/item=29997,,56,,,18,28
,6,Garona's Signet Ring,Garona's Signet Ring,Epic,167.60,140.60,Karazhan,The Curator,1,https://tbc.wowhead.com/item=28649,,40,,20,18
,7,Band of Eternity (revered),Band of Eternity (revered),Epic,161.50,,Tanaris,Champion's Oath,3,https://tbc.wowhead.com/item=29300,,60,,29
,8,Ring of a Thousand Marks,Ring of a Thousand Marks,Epic,159.31,130.81,Karazhan,Prince Malchezaar,1,https://tbc.wowhead.com/item=28757,,44,,,19,23
,9,Ring of Reciprocity,Ring of Reciprocity,Epic,155.03,132.53,Hellfire Peninsula,Doom Lord Kazzak,1,https://tbc.wowhead.com/item=30738,,62,,,15,19
,10,Unstoppable Aggressor's Ring,Unstoppable Aggressor's Ring,Epic,152.68,,Black Temple,Gurtogg Bloodboil,3,https://tbc.wowhead.com/item=32335,,,36,,,30
,11,Shapeshifter's Signet,Shapeshifter's Signet,Epic,151.50,,Lower City,Exalted,1,https://tbc.wowhead.com/item=30834,,,,25,,,,,20
,12,Band of Eternity (honored),Band of Eternity (honored),Epic,150.50,,Tanaris,Champion's Vow,3,https://tbc.wowhead.com/item=29299,,56,,27
,13,Ring of the Overseer,Ring of the Overseer,Epic,150.40,132.40,Blade's Edge Mountains,Shartuul,3,https://tbc.wowhead.com/item=32942,,56,,16,12
,14,Shaffar's Band of Brutality,Shaffar's Band of Brutality,Epic,148.20,119.70,Mana-Tombs,Yor,1,https://tbc.wowhead.com/item=31920,,40,,,19,20
,15,Ancestral Ring of Conquest,Ancestral Ring of Conquest,Epic,146.01,,Serpentshrine Cavern,The Lurker Below,2,https://tbc.wowhead.com/item=30061,,,32,21
,,Legs,,,,,,,,,,ap,str,agi,hit,crit,haste,arp,exp,socket
,1,Thunderheart Leggings,Thunderheart Leggings,Epic,385.00,344.50,Black Temple,Illidari Council,3,https://tbc.wowhead.com/item=31044,,,53,41,27,,,,,Blue
,2,Skulker's Greaves,Skulker's Greaves,Epic,370.60,328.60,Karazhan,Netherspite,1,https://tbc.wowhead.com/item=28741,,64,,32,28,,,,,Red,Red,Blue
,3,Shady Dealer's Pantaloons,Shady Dealer's Pantaloons,Epic,359.25,,Hyjal Summit,Azgalor,3,https://tbc.wowhead.com/item=30898,,102,,50,,,,175
,4,Leggings of Murderous Intent,Leggings of Murderous Intent,Epic,337.19,,Tempest Keep,Kael'thas Sunstrider,2,https://tbc.wowhead.com/item=29995,,92,,45,,37
,5,Nordrassil Feral-Kilt,Nordrassil Feral-Kilt,Epic,326.34,299.34,Serpentshrine Cavern,Fathom-Lord Karathress,2,https://tbc.wowhead.com/item=30229,,,46,37,18,,,,,Blue
,6,Vengeful Gladiator's Dragonhide Legguards,Vengeful Gladiator's Dragonhide Legguards,Epic,319.77,301.77,Season 3,PvP,3,https://tbc.wowhead.com/item=33673,,,36,37,12,13,,84
,7,Wastewalker Leggings,Wastewalker Leggings,Rare,302.30,273.80,Mana-Tombs,Nexus-Prince Shaffar,1,https://tbc.wowhead.com/item=27837,,28,,31,19,,,,,Red,Red,Blue
,8,Fel Leather Leggings,Fel Leather Leggings,Rare,296.25,258.75,Leatherworking,Crafted,1,https://tbc.wowhead.com/item=25687,,52,,,25,25,,,,Red,Yellow,Yellow
,9,Midnight Legguards,Midnight Legguards,Epic,287.39,261.89,Slave Pens,Quagmirran,1,https://tbc.wowhead.com/item=30538,,64,,,17,27,,,,Red,Red,Blue
,10,Clefthoof Hide Leggings,Clefthoof Hide Leggings,Rare,284.98,259.48,Blade's Edge Mountains,Showdown,1,https://tbc.wowhead.com/item=31544,,,30,30,17,,,,18
,11,Forestwalker Kilt,Forestwalker Kilt,Epic,270.78,,Mana-Tombs,Nexus-Prince Shaffar,1,https://tbc.wowhead.com/item=30535,,,33,26,,,,,,Red,Blue,Blue
,12,Leggings of Assassination,Leggings of Assassination,Rare,254.40,221.40,Shadow Labyrinth,Murmur,1,https://tbc.wowhead.com/item=27908,,44,,40,22
,13,Leggings of the Unrepentant,Leggings of the Unrepentant,Rare,252.50,,Blood Furnace,Keli'dan the Breaker,1,https://tbc.wowhead.com/item=27514,,60,,25,,,,,,Red,Yellow,Blue
,14,Shattrath Leggings,Shattrath Leggings,Rare,237.21,,Netherstorm,Special Delivery to Shattrath City,1,https://tbc.wowhead.com/item=30257,,,35,25,,,,,22
,15,Mennu's Scaled Leggings,Mennu's Scaled Leggings,Rare,226.84,,Slave Pens,Mennu the Betrayer,1,https://tbc.wowhead.com/item=27545,,46,,,,32,,,,Red,Red,Blue
,,Feet,,,,,,,,,,ap,str,agi,hit,crit,haste,arp,exp,socket
,1,Shadowmaster's Boots,Shadowmaster's Boots,Epic,291.29,,Black Temple,Mother Shahraz,3,https://tbc.wowhead.com/item=32366,,76,,30,,17,,,,Red,Yellow
,2,Edgewalker Longboots,Edgewalker Longboots,Epic,257.10,237.60,Karazhan,Moroes,1,https://tbc.wowhead.com/item=28545,,44,,29,13,,,,,Red,Yellow
,3,Fel Leather Boots,Fel Leather Boots,Rare,226.29,188.79,Leatherworking,Crafted,1,https://tbc.wowhead.com/item=25686,,36,,,25,17,,,,Yellow,Red
,4,Vindicator's Dragonhide Boots,Vindicator's Dragonhide Boots,Epic,219.25,,Season 3,PvP,3,https://tbc.wowhead.com/item=33880,,,30,29,,21
,5,Boots of Utter Darkness,Boots of Utter Darkness,Epic,215.44,180.94,Leatherworking,Crafted,2,https://tbc.wowhead.com/item=30039,,66,,,23,32
,6,Glider's Boots of the Tiger,Glider's Boots of the Tiger,Epic,213.34,,Karazhan,Shadikith the Glider,1,https://tbc.wowhead.com/item=30681/gliders-boots,,,37,37
,7,Boots of Natural Grace,Boots of Natural Grace,Epic,210.58,189.58,Leatherworking,Crafted,2,https://tbc.wowhead.com/item=30041,,,33,26,14
,8,Black Featherlight Boots,Black Featherlight Boots,Epic,206.80,155.80,Hyjal Summit,Kaz'rogal,3,https://tbc.wowhead.com/item=30891,,98,,,34
,9,Boots of Effortless Striking,Boots of Effortless Striking,Epic,205.00,,Serpentshrine Cavern,The Lurker Below,2,https://tbc.wowhead.com/item=30060,,58,,42
,10,Vindicator's Leather Boots,Vindicator's Leather Boots,Epic,200.53,,Season 3,PvP,3,https://tbc.wowhead.com/item=33892,,40,,33,,19
,11,Treads of the Den Mother,Treads of the Den Mother,Epic,198.11,,Black Temple,Trash,3,https://tbc.wowhead.com/item=32593,,,38,32
,12,The Master's Treads,The Master's Treads,Rare,183.20,159.20,,,1,https://tbc.wowhead.com/item=31288,,48,,24,16
,13,Veteran's Leather Boots,Veteran's Leather Boots,Epic,176.92,,Season 2,PvP,2,https://tbc.wowhead.com/item=32790,,34,,30,,16
,14,Zierhut's Lost Treads,Zierhut's Lost Treads,Epic,175.04,,Karazhan,Trash,1,https://tbc.wowhead.com/item=30674,,,34,28
,15,Shadowstep Striders,Shadowstep Striders,Epic,162.50,,Arcatraz,Harbinger Skyriss,1,https://tbc.wowhead.com/item=29248,,54,,31
,,Trinket,,,,,,,,,,ap,str,agi,hit,crit,haste,arp,exp,socket
,1,Madness of the Betrayer,Madness of the Betrayer,Epic,218.50,188.50,Black Temple,High Nethermancer Zerevor,3,https://tbc.wowhead.com/item=32505,,84,,,20,,,150
,2,Dragonspine Trophy,Dragonspine Trophy,Epic,216.80,,Gruul's Lair,Gruul the Dragonkiller,1,https://tbc.wowhead.com/item=28830,,40,,,,,130
,3,Tsunami Talisman,Tsunami Talisman,Epic,183.88,168.88,Serpentshrine Cavern,Leotheras the Blind,2,https://tbc.wowhead.com/item=30627,,61.82,,,10,38
,4,Mark of the Champion (undead/demon),Mark of the Champion (undead/demon),Epic,150.00,,Naxxramas,The Fall of Kel'Thuzad,1,https://tbc.wowhead.com/item=23206,,150
,5,Icon of Unyielding Courage,Icon of Unyielding Courage,Rare,143.00,98.00,Blood Furnace,Keli'dan the Breaker,1,https://tbc.wowhead.com/item=28121,,,,,30,,,100
,6,Hourglass of the Unraveller,Hourglass of the Unraveller,Rare,125.84,,Black Morass,Temporus,1,https://tbc.wowhead.com/item=28034,,50,,,,32
,7,Drake Fang Talisman,Drake Fang Talisman,Epic,120.00,90.00,Blackwing Lair,Ebonroc,0,https://tbc.wowhead.com/item=19406,,56,,,20
,8,Darkmoon Card: Crusade,Darkmoon Card: Crusade,Epic,120.00,,Darkmoon Faire,,2,https://tbc.wowhead.com/item=31856,,120
,9,Bloodlust Brooch,Bloodlust Brooch,Epic,118.00,,Badge of Justice,G'eras,1,https://tbc.wowhead.com/item=29383,,118
,10,Romulo's Poison Vial,Romulo's Poison Vial,Epic,112.00,59.50,Karazhan,Julianne,1,https://tbc.wowhead.com/item=28579,,,,,35
,11,Slayer's Crest,Slayer's Crest,Epic,107.00,,Naxxramas,Sapphiron,0,https://tbc.wowhead.com/item=23041,,107
,12,Kiss of the Spider,Kiss of the Spider,Epic,99.18,84.18,Naxxramas,Maexxna,0,https://tbc.wowhead.com/item=22954,,,,,10,14,25
,13,Bladefist's Breadth,Bladefist's Breadth,Rare,94.62,,Hellfire Peninsula,Overlord,1,https://tbc.wowhead.com/item=28041,,33,,,,26
,14,Terokkar Tablet of Precision,Terokkar Tablet of Precision,Uncommon,93.73,60.73,Terokkar Forest,Torgos!,1,https://tbc.wowhead.com/item=25937,,23.33,,,22
,15,Abacus of Violent Odds,Abacus of Violent Odds,Rare,93.44,,Mechanar,Pathaleon the Calculator,1,https://tbc.wowhead.com/item=28288,,64,,,,,21.65
,,Two Hand,,,,,,,,,,type,ap,stam,str,agi,hit,crit,haste,arp,exp,socket
,1,Vengeful Gladiator's Staff (Feral),Vengeful Gladiator's Staff (Feral),Epic,"1,634.04","1,601.04",Season 3,PvP,3,https://tbc.wowhead.com/item=33716,,Staff,1110,62,46,,22,46
,2,Merciless Gladiator's Maul (Feral),Merciless Gladiator's Maul (Feral),Epic,"1,497.69","1,470.69",Season 2,PvP,2,https://tbc.wowhead.com/item=32014,,Mace,1010,55,42,,18,42
,3,Pillar of Ferocity (Feral),Pillar of Ferocity (Feral),Epic,"1,404.22",,Hyjal Summit,Anetheron,3,https://tbc.wowhead.com/item=30883,,Staff,1059,96,47
,4,Terestian's Stranglestaff (Feral),Terestian's Stranglestaff (Feral),Epic,"1,349.30","1,311.80",Karazhan,Terestian Illhoof,1,https://tbc.wowhead.com/item=28658,,Staff,829,48,38,37,25
,5,Gladiator's Maul (Feral),Gladiator's Maul (Feral),Epic,"1,342.16","1,312.16",Season 1,PvP,1,https://tbc.wowhead.com/item=28476,,Mace,894,48,32,,20,35
,6,Wildfury Greatstaff (Feral),Wildfury Greatstaff (Feral),Epic,"1,226.38",,Serpentshrine Cavern,Trash,2,https://tbc.wowhead.com/item=30021,,Staff,992,75
,7,Feral Staff of Lashing (Feral),Feral Staff of Lashing (Feral),Epic,"1,195.12",,Botanica,Warp Splinter,1,https://tbc.wowhead.com/item=29359,,Staff,754,34,36,35
,8,Staff of Natural Fury (Feral),Staff of Natural Fury (Feral),Epic,"1,011.00",,,World Drop,1,https://tbc.wowhead.com/item=31334,,Staff,712,31,35
,9,Earthwarden,Earthwarden,Epic,"1,008.82",,Cenarion Expedition,Exalted,1,https://tbc.wowhead.com/item=29171,,Mace,712,39,,,,,,,24
,10,Draenic Wildstaff (Feral),Draenic Wildstaff (Feral),Rare,"1,008.45",975.45,Auchenai Crypts,Avatar of the Martyred,1,https://tbc.wowhead.com/item=27877,,Staff,539,33,34,32,22
,11,Fleshling Simulation Staff (Feral),Fleshling Simulation Staff (Feral),Rare,955.61,916.61,,Nexus-King Salhadaar,1,https://tbc.wowhead.com/item=30010,,Staff,457,27,27,27,26,,,,17
,12,Dreamer's Dragonstaff (Feral),Dreamer's Dragonstaff (Feral),Rare,947.74,,Botanica,Thorngrin the Tender,1,https://tbc.wowhead.com/item=28325,,Staff,539,28,46,27
,13,High Warlord's Maul (Feral),High Warlord's Maul (Feral),Rare,936.41,909.41,,PvP,1,https://tbc.wowhead.com/item=28919,,Mace,539,42,28,,18,28
,14,Grand Marshal's Maul (Feral),Grand Marshal's Maul (Feral),Rare,936.41,909.41,,PvP,1,https://tbc.wowhead.com/item=28948,,Mace,539,42,28,,18,28
,15,Wildcaller (Feral),Wildcaller (Feral),Rare,912.63,,,,1,https://tbc.wowhead.com/item=31009,,Staff,457,,45,24,,,,,20
,16,Greatstaff of the Leviathan (Feral),Greatstaff of the Leviathan (Feral),Rare,837.38,,Underbog,Ghaz'an,1,https://tbc.wowhead.com/item=27757,,Staff,539,36,39
,17,"Atiesh, Greatstaff of the Guardian","Atiesh, Greatstaff of the Guardian",Legendary,806.68,,Classic,,0,https://tbc.wowhead.com/item=22632,,Staff,592,28
,18,Vengeful Gladiator's Bonegrinder,Vengeful Gladiator's Bonegrinder,Epic,755.37,732.87,Season 3,PvP,3,https://tbc.wowhead.com/item=33663,,Mace,,62,46,,15,46,,98
,19,Staff of Beasts (Feral),Staff of Beasts (Feral),Rare,751.57,,Nagrand,The Ring of Blood: The Final Challenge,1,https://tbc.wowhead.com/item=25761,,Staff,375,45,31,30
,20,Torch of the Damned,Torch of the Damned,Epic,708.99,,Black Temple,Devourer of Souls,3,https://tbc.wowhead.com/item=32332,,Mace,,45,51,,,38,50
,21,Merciless Gladiator's Bonegrinder,Merciless Gladiator's Bonegrinder,Epic,675.99,648.99,Season 2,PvP,2,https://tbc.wowhead.com/item=31959,,Mace,,55,42,,18,42
,22,Stormherald,Stormherald,Epic,666.19,,Blacksmithing,Crafted,2,https://tbc.wowhead.com/item=28442,,Mace,,61,42,42
,23,Wild Wood Staff,Wild Wood Staff,Uncommon,639.02,,,From the Ashes,0,https://tbc.wowhead.com/item=31414,,Staff,285,22,37,21
,24,Gladiator's Bonegrinder,Gladiator's Bonegrinder,Epic,615.43,585.43,Season 1,PvP,1,https://tbc.wowhead.com/item=28299,,Mace,,48,32,,20,35
,25,Deep Thunder,Deep Thunder,Epic,609.31,,Blacksmithing,Crafted,1,https://tbc.wowhead.com/item=28441,,Mace,,55,37,37
,26,Hammer of the Naaru,Hammer of the Naaru,Epic,605.01,,Gruul's Lair,High King Maulgar,1,https://tbc.wowhead.com/item=28800,,Mace,,41,44,,,,,,,Red,Red,Blue
,27,Thunder,Thunder,Epic,579.26,,Blacksmithing,Crafted,1,https://tbc.wowhead.com/item=28440,,Mace,,55,37,37
,28,Ursol's Claw (Feral),Ursol's Claw (Feral),Rare,546.26,,,,1,https://tbc.wowhead.com/item=24155,,Staff,197,27,28,27
,29,World Breaker,World Breaker,Epic,532.31,,Serpentshrine Cavern,Fathom-Lord Karathress,2,https://tbc.wowhead.com/item=30090,,Mace,,51,50
,30,Arechron's Gift,Arechron's Gift,Rare,529.90,466.90,Kurenai,Exalted,1,https://tbc.wowhead.com/item=29138,,Mace,84,,,,42
