Destruction Phase 3,,,Value Credit: https://kristoferhh.github.io/WarlockSimulatorTBC/
,,Item,,,EPV,If Hit  Capped,Location,Phase,,,Stats
,,Head,,,,,,,,,,sp,int,hit,crit,haste,socket
,1,Cowl of the Illidari High Lord,Cowl of the Illidari High Lord,Epic,224.94,192.60,Black Temple,Illidan Stormrage,3,https://tbc.wowhead.com/item=32525,,64,31,21,47,,Meta,Blue
,2,Hood of the Malefic,Hood of the Malefic,Epic,209.11,184.47,Hyjal Summit,Archimonde,3,https://tbc.wowhead.com/item=31051,,63,36,16,32,,Meta,Yellow
,3,Destruction Holo-gogs,Destruction Holo-gogs,Epic,174.82,,Engineering,Crafted,2,https://tbc.wowhead.com/item=32494,,64,24,,29,,Meta,Blue
,4,Hood of the Corruptor,Hood of the Corruptor,Epic,172.35,,Serpentshrine Cavern,Lady Vashj,2,https://tbc.wowhead.com/item=30212,,55,33,,31,,Meta,Blue
,5,Cowl of the Grand Engineer,Cowl of the Grand Engineer,Epic,172.04,147.40,Tempest Keep,Void Reaver,2,https://tbc.wowhead.com/item=29986,,53,27,16,35,,Yellow,Yellow,Blue
,6,Vengeful Gladiator's Felweave Cowl,Vengeful Gladiator's Felweave Cowl,Epic,148.73,,Season 3,PvP,3,https://tbc.wowhead.com/item=33683,,47,15,,22,,Meta,Red
,7,Spellstrike Hood,Spellstrike Hood,Epic,147.84,123.20,Tailoring,Crafted,1,https://tbc.wowhead.com/item=24266,,46,12,16,24,,Blue,Yellow,Red
,8,Voidheart Crown,Voidheart Crown,Epic,146.32,,Karazhan,Prince Malchezaar,1,https://tbc.wowhead.com/item=28963,,40,36,,19,,Meta,Red
,9,Merciless Gladiator's Felweave Cowl,Merciless Gladiator's Felweave Cowl,Epic,137.40,,Season 2,PvP,2,https://tbc.wowhead.com/item=31980,,42,11,,18,,Meta,Red
,10,Gladiator's Felweave Cowl,Gladiator's Felweave Cowl,Epic,133.00,,Season 1,PvP,1,https://tbc.wowhead.com/item=30187,,37,15,,18,,Meta,Red
,11,Mana-Binders Cowl,Mana-Binders Cowl,Epic,132.77,,Badge of Justice,G'eras,1,https://tbc.wowhead.com/item=32089,,34,29,,15,,Yellow,Meta
,12,Vengeful Gladiator's Dreadweave Hood,Vengeful Gladiator's Dreadweave Hood,Epic,131.25,,Season 3,PvP,3,https://tbc.wowhead.com/item=33677,,42,25,,,,Meta,Red
,13,Hood of Oblivion,Hood of Oblivion,Rare,128.54,,Archatraz,Harbinger Skyriss,1,https://tbc.wowhead.com/item=28415,,40,32,,,,Blue,Meta
,14,Incanter's Cowl,Incanter's Cowl,Rare,127.41,,Mechanar,Pathaleon the Calculator,1,https://tbc.wowhead.com/item=28278,,29,27,,19,,Yellow,Meta
,15,Uni-Mind Headdress,Uni-Mind Headdress,Epic,123.81,94.55,Karazhan,Netherspite,1,https://tbc.wowhead.com/item=28744,,46,40,19,25
,,Neck,,,,,,,,,,sp,int,hit,crit,haste,socket
,1,Translucent Spellthread Necklace,Translucent Spellthread Necklace,Epic,95.74,72.64,Black Temple,Devourer of Souls,3,https://tbc.wowhead.com/item=32349,,46,,15,24
,2,Hellfire-Encased Pendant (Fire),Hellfire-Encased Pendant (Fire),Epic,87.73,,Hyjal Summit,Trash,3,https://tbc.wowhead.com/item=32589,,51,17,,24
,3,Eye of the Night (GROUP BUFF),Eye of the Night (GROUP BUFF),Rare,84.61,59.97,Jewelcrafting,Crafted,1,https://tbc.wowhead.com/item=24116,,34,,16,26
,4,The Sun King's Talisman,The Sun King's Talisman,Epic,75.83,,Tempest Keep,Kael'thas and the Verdant Sphere,2,https://tbc.wowhead.com/item=30015,,41,16,,24
,5,Vindicator's Pendant of Reprieve,Vindicator's Pendant of Reprieve,Epic,75.82,,Season 3,PvP,3,https://tbc.wowhead.com/item=35317,,17,16,,,23,Yellow
,6,Vindicator's Pendant of Conquest,Vindicator's Pendant of Conquest,Epic,69.56,,Season 3,PvP,3,https://tbc.wowhead.com/item=33920,,25,15,,21,,Yellow
,7,Chain of the Twilight Owl (GROUP BUFF),Chain of the Twilight Owl (GROUP BUFF),Rare,67.43,,Jewelcrafting,Crafted,1,https://tbc.wowhead.com/item=24121,,21,19,,44.08
,8,Brooch of Unquenchable Fury,Brooch of Unquenchable Fury,Epic,65.46,42.36,Karazhan,Moroes,1,https://tbc.wowhead.com/item=28530,,26,21,15
,9,Vindicator's Pendant of Dominance,Vindicator's Pendant of Dominance,Epic,62.14,,Season 3,PvP,3,https://tbc.wowhead.com/item=33921,,30,20,,,,Yellow
,10,Ritssyn's Lost Pendant (Shadow),Ritssyn's Lost Pendant (Shadow),Epic,61.89,,Karazhan,Trash,1,https://tbc.wowhead.com/item=30666,,51
,11,Adornment of Stolen Souls,Adornment of Stolen Souls,Epic,61.35,,Karazhan,Prince Malchezaar,1,https://tbc.wowhead.com/item=28762,,28,20,,23
,12,Veteran's Pendant of Conquest,Veteran's Pendant of Conquest,Epic,60.85,,Season 2,PvP,2,https://tbc.wowhead.com/item=33067,,21,12,,18,,Yellow
,13,Brooch of Heightened Potential,Brooch of Heightened Potential,Rare,58.20,44.34,Shadow Labyrinth,Blackheart the Inciter,1,https://tbc.wowhead.com/item=28134,,22,14,9,14
,14,Hydra-fang Necklace,Hydra-fang Necklace,Rare,55.87,31.23,Underbog,Ghaz'an,1,https://tbc.wowhead.com/item=27758,,19,16,16
,15,Veteran's Pendant of Dominance,Veteran's Pendant of Dominance,Epic,55.23,,Season 2,PvP,2,https://tbc.wowhead.com/item=33065,,26,16,,,,Yellow
,,Shoulders,,,,,,,,,,sp,int,hit,crit,haste,socket
,1,Mantle of the Malefic,Mantle of the Malefic,Epic,139.09,106.75,Black Temple,Mother Shahraz,3,https://tbc.wowhead.com/item=31054,,46,22,21,13,,Blue,Yellow
,2,Blood-cursed Shoulderpads,Blood-cursed Shoulderpads,Epic,122.49,94.77,Black Temple,Gurtogg Bloodboil,3,https://tbc.wowhead.com/item=32338,,55,19,18,25
,3,Hatefury Mantle,Hatefury Mantle,Epic,121.84,,Hyjal Summit,Anetheron,3,https://tbc.wowhead.com/item=30884,,55,18,,24,,Blue,Yellow
,4,Mantle of the Corruptor,Mantle of the Corruptor,Epic,119.69,91.97,Tempest Keep,Void Reaver,2,https://tbc.wowhead.com/item=30215,,41,24,18,,,Yellow,Yellow
,5,Mantle of Nimble Thought,Mantle of Nimble Thought,Epic,119.48,,Tailoring,Crafted,3,https://tbc.wowhead.com/item=32587,,44,26,,,38
,6,Vengeful Gladiator's Dreadweave Mantle,Vengeful Gladiator's Dreadweave Mantle,Epic,110.38,85.74,Season 3,PvP,3,https://tbc.wowhead.com/item=33679,,40,13,16,,,Blue,Yellow
,7,Voidheart Mantle,Voidheart Mantle,Epic,106.51,84.95,Gruul's Lair,High King Maulgar,1,https://tbc.wowhead.com/item=28967,,37,22,14,,,Blue,Yellow
,8,Mantle of the Elven Kings,Mantle of the Elven Kings,Epic,103.24,75.52,Tempest Keep,Trash,2,https://tbc.wowhead.com/item=30024,,39,18,18,25
,9,Illidari Shoulderpads,Illidari Shoulderpads,Epic,101.11,,Serpentshrine Cavern,Morogrim Tidewalker,2,https://tbc.wowhead.com/item=30079,,39,23,,16,,Yellow,Yellow
,10,Merciless Gladiator's Dreadweave Mantle,Merciless Gladiator's Dreadweave Mantle,Epic,99.33,79.31,Season 2,PvP,2,https://tbc.wowhead.com/item=31976,,36,10,13,,,Blue,Yellow
,11,Vengeful Gladiator's Felweave Amice,Vengeful Gladiator's Felweave Amice,Epic,98.74,,Season 3,PvP,3,https://tbc.wowhead.com/item=33682,,40,13,,17,,Blue,Yellow
,12,Frozen Shadoweave Shoulders (Shadow/Frost),Frozen Shadoweave Shoulders (Shadow/Frost),Epic,96.64,,Tailoring,Crafted,1,https://tbc.wowhead.com/item=21869,,50,15,,,,Yellow,Blue
,13,Gladiator's Dreadweave Mantle,Gladiator's Dreadweave Mantle,Epic,94.77,76.29,Season 1,PvP,1,https://tbc.wowhead.com/item=24554,,32,14,12,,,Blue,Yellow
,14,Merciless Gladiator's Felweave Amice,Merciless Gladiator's Felweave Amice,Epic,90.03,,Season 2,PvP,2,https://tbc.wowhead.com/item=31979,,36,10,,14,,Blue,Yellow
,15,Gladiator's Felweave Amice,Gladiator's Felweave Amice,Epic,85.42,,Season 1,PvP,1,https://tbc.wowhead.com/item=30186,,32,14,,12,,Blue,Yellow
,,Back,,,,,,,,,,sp,int,hit,crit,haste,socket
,1,Nethervoid Cloak (Shadow),Nethervoid Cloak (Shadow),Epic,100.76,73.04,Hyjal Summit,Trash,3,https://tbc.wowhead.com/item=32590,,53,18,18
,2,Shroud of the Highborne,Shroud of the Highborne,Epic,84.05,,Black Temple,Illidan Stormrage,3,https://tbc.wowhead.com/item=32524,,23,23,,,32
,3,Cloak of the Illidari Council,Cloak of the Illidari Council,Epic,77.91,,Black Temple,High Nethermancer Zerevor,3,https://tbc.wowhead.com/item=32331,,42,16,,25
,4,Ruby Drape of the Mysticant,Ruby Drape of the Mysticant,Epic,74.67,46.95,Karazhan,Prince Malchezaar,1,https://tbc.wowhead.com/item=28766,,30,21,18
,5,Royal Cloak of the Sunstriders,Royal Cloak of the Sunstriders,Epic,64.31,,Tempest Keep,Kael'thas Sunstrider,2,https://tbc.wowhead.com/item=29992,,44,22
,6,Ancient Spellcloak of the Highborne,Ancient Spellcloak of the Highborne,Epic,64.17,,Hellfire Peninsula,Doom Lord Kazzak,1,https://tbc.wowhead.com/item=30735,,36,15,,19
,7,Brute Cloak of the Ogre-Magi,Brute Cloak of the Ogre-Magi,Epic,61.35,,Gruul's Lair,High King Maulgar,1,https://tbc.wowhead.com/item=28797,,28,20,,23
,8,Cloak of the Necropolis,Cloak of the Necropolis,Epic,59.76,47.44,Naxxramas,Sapphiron,1,https://tbc.wowhead.com/item=23050,,26,11,8,14
,9,Illidari Cloak of Wrath,Illidari Cloak of Wrath,Rare,55.55,,,World Drop,1,https://tbc.wowhead.com/item=31201,,47
,10,Sethekk Oracle Cloak,Sethekk Oracle Cloak,Rare,54.28,35.80,Sethekk Halls,Talon King Ikiss,1,https://tbc.wowhead.com/item=27981,,22,18,12
,11,Cloak of the Devoured,Cloak of the Devoured,Epic,53.29,40.97,Classic,,0,https://tbc.wowhead.com/item=22731,,30,10,8
,12,Shadow-Cloak of Dalaran,Shadow-Cloak of Dalaran,Epic,52.41,,Karazhan,Moroes,1,https://tbc.wowhead.com/item=28570,,36,18
,13,Shawl of Shifting Probabilities,Shawl of Shifting Probabilities,Epic,50.40,,Badge of Justice,G'eras,1,https://tbc.wowhead.com/item=29369,,21,16,,22
,14,Cloak of the Frigid Winds,Cloak of the Frigid Winds,Epic,50.40,,Slave Pens,Ahune,3,https://tbc.wowhead.com/item=35497,,21,16,,22
,15,Cloak of Entropy,Cloak of Entropy,Rare,50.20,34.80,,World Drop,1,https://tbc.wowhead.com/item=31140,,25,11,10
,,Chest,,,,,,,,,,sp,int,hit,crit,haste,socket
,1,Vestments of the Sea-Witch,Vestments of the Sea-Witch,Epic,191.55,149.97,Serpentshrine Cavern,Lady Vashj,2,https://tbc.wowhead.com/item=30107,,57,28,27,31,,Yellow,Yellow,Blue
,2,Robe of the Malefic,Robe of the Malefic,Epic,179.61,136.49,Black Temple,Illidan Stormrage,3,https://tbc.wowhead.com/item=31052,,63,29,28,,,Yellow,Yellow,Blue
,3,Robes of Rhonin,Robes of Rhonin,Epic,177.40,135.82,Hyjal Summit,Archimonde,3,https://tbc.wowhead.com/item=30913,,81,38,27,24
,4,Robe of the Corruptor,Robe of the Corruptor,Epic,163.76,128.34,Tempest Keep,Kael'thas Sunstrider,2,https://tbc.wowhead.com/item=30214,,55,33,23,,,Yellow,Yellow,Yellow
,5,Spellfire Robe (Fire/Arcane),Spellfire Robe (Fire/Arcane),Epic,143.50,,Tailoring,Crafted,1,https://tbc.wowhead.com/item=21848,,72,17,,28,,Yellow,Blue
,6,Robe of Hateful Echoes,Robe of Hateful Echoes,Epic,141.95,,Serpentshrine Cavern,Hydross the Unstable,2,https://tbc.wowhead.com/item=30056,,50,36,,25,,Red,Yellow,Yellow
,7,Voidheart Robe,Voidheart Robe,Epic,132.60,112.58,Magtheridon's Lair,Magtheridon,1,https://tbc.wowhead.com/item=28964,,42,33,13,,,Yellow,Yellow,Red
,8,Robe of the Shadow Council,Robe of the Shadow Council,Epic,127.25,,Black Temple,Teron Gorefiend,3,https://tbc.wowhead.com/item=32327,,73,36,,28
,9,Vengeful Gladiator's Felweave Raiment,Vengeful Gladiator's Felweave Raiment,Epic,126.83,,Season 3,PvP,3,https://tbc.wowhead.com/item=33685,,39,15,,33,,Red,Yellow,Yellow
,10,Frozen Shadoweave Robe (Shadow/Frost),Frozen Shadoweave Robe (Shadow/Frost),Epic,125.63,,Tailoring,Crafted,1,https://tbc.wowhead.com/item=21871,,72,20,,,,Yellow,Blue
,11,Auchenai Anchorite's Robe,Auchenai Anchorite's Robe,Rare,124.34,88.92,Terokkar Forest,Everything Will Be Alright,1,https://tbc.wowhead.com/item=29341,,28,24,23,,,Yellow,Yellow,Red
,12,Vengeful Gladiator's Dreadweave Robe,Vengeful Gladiator's Dreadweave Robe,Epic,118.52,,Season 3,PvP,3,https://tbc.wowhead.com/item=33680,,50,21,,,,Red,Yellow,Yellow
,13,Merciless Gladiator's Felweave Raiment,Merciless Gladiator's Felweave Raiment,Epic,118.12,,Season 2,PvP,2,https://tbc.wowhead.com/item=31982,,35,12,,30,,Red,Yellow,Yellow
,14,Robe of the Crimson Order,Robe of the Crimson Order,Rare,116.27,70.07,,,1,https://tbc.wowhead.com/item=31297,,50,23,30
,15,Gladiator's Felweave Raiment,Gladiator's Felweave Raiment,Epic,113.80,,Season 1,PvP,1,https://tbc.wowhead.com/item=30200,,32,16,,27,,Red,Yellow,Yellow
,,Wrist,,,,,,,,,,sp,int,hit,crit,haste,socket
,1,Bracers of Nimble Thought,Bracers of Nimble Thought,Epic,90.29,,Tailoring,Crafted,3,https://tbc.wowhead.com/item=32586,,34,20,,,28
,2,Focused Mana Bindings,Focused Mana Bindings,Epic,90.25,60.99,Black Temple,Shade of Akama,3,https://tbc.wowhead.com/item=32270,,42,20,19
,3,Cuffs of Devastation,Cuffs of Devastation,Epic,76.65,,Hyjal Summit,Rage Winterchill,3,https://tbc.wowhead.com/item=30870,,34,20,,14,,Yellow
,4,Vindicator's Silk Cuffs,Vindicator's Silk Cuffs,Epic,70.56,,Season 3,PvP,3,https://tbc.wowhead.com/item=33913,,27,22,,15,,Yellow
,5,Ravager's Cuffs of Wrath,Ravager's Cuffs of Wrath,Epic,69.74,,Karazhan,Rokad the Ravager,1,https://tbc.wowhead.com/item=30684/ravagers-cuffs,,59
,6,Mindstorm Wristbands,Mindstorm Wristbands,Epic,67.13,,Tempest Keep,Al'ar,2,https://tbc.wowhead.com/item=29918,,36,13,,23
,7,Veteran's Silk Cuffs,Veteran's Silk Cuffs,Epic,61.71,,Season 2,PvP,2,https://tbc.wowhead.com/item=32820,,22,18,,14,,Yellow
,8,Vindicator's Dreadweave Cuffs,Vindicator's Dreadweave Cuffs,Epic,60.89,,Season 3,PvP,3,https://tbc.wowhead.com/item=33883,,29,20,,,,Yellow
,9,Crystalweave Bracers,Crystalweave Bracers,Epic,58.74,,Tailoring,Crafted,2,https://tbc.wowhead.com/item=32655,,23,16,,12,,Red
,10,General's Silk Cuffs,General's Silk Cuffs,Epic,57.15,,Season 1,PvP,1,https://tbc.wowhead.com/item=28411,,20,17,,12,,Yellow
,11,Marshal's Silk Cuffs,Marshal's Silk Cuffs,Epic,57.15,,,PvP,1,https://tbc.wowhead.com/item=29002,,20,17,,12,,Yellow
,12,Ravager's Cuffs of the Invoker,Ravager's Cuffs of the Invoker,Epic,56.79,,Karazhan,Rokad the Ravager,1,https://tbc.wowhead.com/item=30684/ravagers-cuffs,,25,22,,22
,13,Bracers of Havok,Bracers of Havok,Rare,55.98,,Tailoring,Crafted,1,https://tbc.wowhead.com/item=24250,,30,12,,,,Yellow
,14,Illidari Bindings of Wrath,Illidari Bindings of Wrath,Rare,55.55,,Shadowmoon Valley,Ambassador Jerrikar,1,https://tbc.wowhead.com/item=31225/illidari-bindings,,47
,15,Crimson Bracers of Gloom,Crimson Bracers of Gloom,Rare,54.28,35.80,Hellfire Ramparts,Omor the Unscarred,1,https://tbc.wowhead.com/item=27462,,22,18,12
,,Hands,,,,,,,,,,sp,int,hit,crit,haste,socket
,1,Gloves of the Malefic,Gloves of the Malefic,Epic,117.26,100.32,Hyjal Summit,Azgalor,3,https://tbc.wowhead.com/item=31050,,46,27,11,19,,Yellow
,2,Anger-Spark Gloves,Anger-Spark Gloves,Epic,114.87,84.07,Shadowmoon Valley,Doomwalker,1,https://tbc.wowhead.com/item=30725,,30,,20,25,,Red,Red
,3,Spellfire Gloves (Fire/Arcane),Spellfire Gloves (Fire/Arcane),Epic,110.35,,Tailoring,Crafted,1,https://tbc.wowhead.com/item=21847,,50,10,,23,,Yellow,Blue
,4,Handwraps of Flowing Thought,Handwraps of Flowing Thought,Epic,104.01,82.45,Karazhan,Attumen the Huntsman,1,https://tbc.wowhead.com/item=28507,,35,22,14,,,Yellow,Blue
,5,Soul-Eater's Handwraps,Soul-Eater's Handwraps,Epic,101.03,,Magtheridon's Lair,Magtheridon,1,https://tbc.wowhead.com/item=28780,,36,24,,21,,Yellow,Blue
,6,Gauntlets of the Sun King,Gauntlets of the Sun King,Epic,86.66,,Tempest Keep,Kael'thas Sunstrider,2,https://tbc.wowhead.com/item=29987,,42,29,,28
,7,Gloves of the Corruptor,Gloves of the Corruptor,Epic,83.47,,Serpentshrine Cavern,Leotheras the Blind,2,https://tbc.wowhead.com/item=30211,,42,24,,25
,8,Manaspark Gloves,Manaspark Gloves,Rare,79.21,56.11,The Underbog,Hungarfen,1,https://tbc.wowhead.com/item=24450,,16,14,15,,,Red,Yellow
,9,Vengeful Gladiator's Felweave Handguards,Vengeful Gladiator's Felweave Handguards,Epic,75.96,,Season 3,PvP,3,https://tbc.wowhead.com/item=33684,,40,18,,22
,10,Mana-Etched Gloves,Mana-Etched Gloves,Rare,75.18,,Hellfire Ramparts,Omor the Unscarred,1,https://tbc.wowhead.com/item=27465,,20,17,,16,,Red,Yellow
,11,Gloves of the Deadwatcher,Gloves of the Deadwatcher,Rare,75.05,47.33,Auchenai Crypts,Shirrak the Dead Watcher,1,https://tbc.wowhead.com/item=27493,,29,24,18
,12,Gloves of Oblivion,Gloves of Oblivion,Rare,73.76,42.96,Shattered Halls,Warchief Kargath Bladefist,1,https://tbc.wowhead.com/item=27537,,26,21,20
,13,Voidheart Gloves,Voidheart Gloves,Epic,73.75,,Karazhan,The Curator,1,https://tbc.wowhead.com/item=28968,,35,28,,22
,14,Tempest's Touch,Tempest's Touch,Rare,70.49,,,Return to Andormu,1,https://tbc.wowhead.com/item=29317,,27,20,,,,Blue,Blue
,15,Gloves of Pandemonium,Gloves of Pandemonium,Rare,68.85,53.45,,World Drop,1,https://tbc.wowhead.com/item=31149,,25,15,10,22
,,Waist,,,,,,,,,,sp,int,hit,crit,haste,socket
,1,Belt of Blasting,Belt of Blasting,Epic,146.33,110.91,Tailoring,Crafted,2,https://tbc.wowhead.com/item=30038,,50,,23,30,,Blue,Yellow
,2,Cord of Screaming Terrors,Cord of Screaming Terrors,Epic,135.08,98.12,Serpentshrine Cavern,The Lurker Below,2,https://tbc.wowhead.com/item=30064,,50,15,24,,,Yellow,Yellow
,3,Anetheron's Noose,Anetheron's Noose,Epic,124.70,,Hyjal Summit,Anetheron,3,https://tbc.wowhead.com/item=30888,,55,23,,24,,Yellow,Blue
,4,Waistwrap of Infinity,Waistwrap of Infinity,Epic,123.05,,Black Temple,Supremus,3,https://tbc.wowhead.com/item=32256,,56,22,,,32
,5,Spellfire Belt (Fire/Arcane),Spellfire Belt (Fire/Arcane),Epic,110.36,,Tailoring,Crafted,1,https://tbc.wowhead.com/item=21846,,50,18,,18,,Yellow,Blue
,6,Fire-Cord of the Magus (Fire),Fire-Cord of the Magus (Fire),Epic,106.13,,Tempest Keep,Trash,2,https://tbc.wowhead.com/item=30020,,60,23,,30
,7,Girdle of Ruination,Girdle of Ruination,Epic,98.31,,Tailoring,Crafted,1,https://tbc.wowhead.com/item=24256,,39,13,,20,,Red,Yellow
,8,Inferno Waist Cord (Fire),Inferno Waist Cord (Fire),Epic,96.59,,Karazhan,Trash,1,https://tbc.wowhead.com/item=30673,,59,18,,24
,9,Belt of Divine Inspiration,Belt of Divine Inspiration,Epic,94.01,,Gruul's Lair,High King Maulgar,1,https://tbc.wowhead.com/item=28799,,43,26,,,,Yellow,Blue
,10,Lurker's Cord of the Wrath,Lurker's Cord of the Wrath,Epic,93.38,,Karazhan,Hyakiss the Lurker,1,https://tbc.wowhead.com/item=30675/lurkers-cord,,79
,11,Glyph-Lined Sash,Glyph-Lined Sash,Rare,84.27,,Mana-Tombs,Nexus-Prince Shaffar,1,https://tbc.wowhead.com/item=27843,,30,23,,9,,Yellow,Yellow
,12,Belt of Depravity,Belt of Depravity,Epic,81.32,55.14,Arcatraz,Harbinger Skyriss,1,https://tbc.wowhead.com/item=29241,,34,27,17
,13,Vindicator's Silk Belt,Vindicator's Silk Belt,Epic,79.87,,Season 3,PvP,3,https://tbc.wowhead.com/item=33912,,35,30,,28
,14,Lurker's Cord of Invoker,Lurker's Cord of Invoker,Epic,76.09,,Karazhan,Hyakiss the Lurker,1,https://tbc.wowhead.com/item=30675/lurkers-cord,,34,29,,29
,15,Malefic Girdle,Malefic Girdle,Epic,73.93,,Karazhan,Terestian Illhoof,1,https://tbc.wowhead.com/item=28654,,37,26,,21
,,Ring,,,,,,,,,,sp,int,hit,crit,haste,socket
,1,Ring of Captured Storms,Ring of Captured Storms,Epic,100.97,71.71,Black Temple,High Warlord Naj'entus,3,https://tbc.wowhead.com/item=32247,,42,,19,29
,2,Ring of Ancient Knowledge,Ring of Ancient Knowledge,Epic,100.55,,Black Temple,Trash,3,https://tbc.wowhead.com/item=32527,,39,20,,,31
,3,Band of the Eternal Sage,Band of the Eternal Sage,Epic,89.98,,Tanaris,Sage's Covenant,3,https://tbc.wowhead.com/item=29305,,49,25,,24
,4,Blessed Band of Karabor,Blessed Band of Karabor,Epic,83.99,,Black Temple,Trash,3,https://tbc.wowhead.com/item=32528,,25,20,,,30
,5,Band of Eternity (revered),Band of Eternity (revered),Epic,72.25,,Tanaris,Sage's Oath,3,https://tbc.wowhead.com/item=29304,,34,25,,24
,6,Band of Crimson Fury,Band of Crimson Fury,Epic,69.70,45.06,Magtheridon's Lair,The Fall of Magtheridon,1,https://tbc.wowhead.com/item=28793,,28,22,16
,7,Band of Eternity (honored),Band of Eternity (honored),Epic,67.21,,Tanaris,Sage's Vow,3,https://tbc.wowhead.com/item=29303,,32,23,,22
,8,Ring of Endless Coils,Ring of Endless Coils,Epic,62.55,,Serpentshrine Cavern,Lady Vashj,2,https://tbc.wowhead.com/item=30109,,37,,,22
,9,Band of Eternity (friendly),Band of Eternity (friendly),Epic,62.36,,Tanaris,Sage's Pledge,2,https://tbc.wowhead.com/item=29302,,29,22,,21
,10,Ashyen's Gift,Ashyen's Gift,Epic,61.54,29.20,Cenarion Expedition,Exalted,1,https://tbc.wowhead.com/item=29172,,23,,21
,11,Ring of Recurrence,Ring of Recurrence,Epic,60.44,,Karazhan,Chess Event,1,https://tbc.wowhead.com/item=28753,,32,15,,19
,12,Violet Signet of the Archmage,Violet Signet of the Archmage,Epic,59.79,,Deadwind Pass,Eminence Among the Violet Eye,1,https://tbc.wowhead.com/item=29287,,29,23,,17
,13,Sparking Arcanite Ring,Sparking Arcanite Ring,Rare,59.61,44.21,Old Hillsbrad Foothills,Epoch Hunter,1,https://tbc.wowhead.com/item=28227,,22,14,10,14
,14,Ring of the Fallen God,Ring of the Fallen God,Epic,59.25,46.93,Classic,,0,https://tbc.wowhead.com/item=21709,,37,6,8
,15,Violet Signet,Violet Signet,Epic,58.00,,Deadwind Pass,Distinguished Service,1,https://tbc.wowhead.com/item=29286,,28,22,,17
,,Legs,,,,,,,,,,sp,int,hit,crit,haste,socket
,1,Leggings of Channeled Elements,Leggings of Channeled Elements,Epic,182.13,154.41,Hyjal Summit,Kaz'rogal,3,https://tbc.wowhead.com/item=30916,,59,28,18,34,,Yellow,Yellow,Blue
,2,Leggings of Devastation,Leggings of Devastation,Epic,177.44,137.40,Black Temple,Mother Shahraz,3,https://tbc.wowhead.com/item=32367,,60,42,26,,,Yellow,Yellow,Blue
,3,Leggings of the Malefic,Leggings of the Malefic,Epic,170.17,140.91,Black Temple,Illidari Council,3,https://tbc.wowhead.com/item=31053,,62,44,19,37,,Yellow
,4,Leggings of the Seventh Circle,Leggings of the Seventh Circle,Epic,160.72,133.00,Hellfire Peninsula,Doom Lord Kazzak,1,https://tbc.wowhead.com/item=30734,,50,22,18,25,,Red,Yellow,Yellow
,5,Leggings of the Corruptor,Leggings of the Corruptor,Epic,159.59,122.63,Serpentshrine Cavern,Fathom-Lord Karathress,2,https://tbc.wowhead.com/item=30213,,55,32,24,32,,Yellow
,6,Spellstrike Pants,Spellstrike Pants,Epic,156.43,122.55,Tailoring,Crafted,1,https://tbc.wowhead.com/item=24262,,46,8,22,26,,Blue,Yellow,Red
,7,Trousers of the Astromancer,Trousers of the Astromancer,Epic,126.37,,Tempest Keep,High Astromancer Solarian,2,https://tbc.wowhead.com/item=29972,,54,36,,,,Blue,Yellow,Blue
,8,Trial-Fire Trousers,Trial-Fire Trousers,Epic,124.19,,Karazhan,The Big Bad Wolf,1,https://tbc.wowhead.com/item=28594,,49,40,,,,Yellow,Yellow,Yellow
,9,Voidheart Leggings,Voidheart Leggings,Epic,124.06,97.88,Gruul's Lair,Gruul the Dragonkiller,1,https://tbc.wowhead.com/item=28966,,49,38,17,25
,10,Breeches of the Occultist,Breeches of the Occultist,Epic,116.80,,Black Morass,Aeonus,1,https://tbc.wowhead.com/item=30531,,36,22,,23,,Blue,Yellow,Yellow
,11,Vengeful Gladiator's Felweave Trousers,Vengeful Gladiator's Felweave Trousers,Epic,103.70,,Season 3,PvP,3,https://tbc.wowhead.com/item=33686,,53,24,,33
,12,Aran's Sorcerous Slacks,Aran's Sorcerous Slacks,Rare,102.23,,Old Hillsbrad Foothills,Lieutenant Drake,1,https://tbc.wowhead.com/item=28212,,23,28,,21,,Red,Yellow,Blue
,13,Kirin Tor Master's Trousers,Kirin Tor Master's Trousers,Epic,101.96,,Shadow Labyrinth,Murmur,1,https://tbc.wowhead.com/item=30532,,36,29,,,,Red,Yellow,Blue
,14,Battlecast Pants,Battlecast Pants,Epic,99.04,,Tailoring,Crafted,1,https://tbc.wowhead.com/item=24263,,46,27,,,,Red,Blue
,15,Khadgar's Kilt of Abjuration,Khadgar's Kilt of Abjuration,Rare,97.55,,Black Morass,Temporus,1,https://tbc.wowhead.com/item=28185,,36,22,,,,Yellow,Blue,Blue
,,Feet,,,,,,,,,,sp,int,hit,crit,haste,socket
,1,Slippers of the Seacaller,Slippers of the Seacaller,Epic,113.31,,Black Temple,High Warlord Naj'entus,3,https://tbc.wowhead.com/item=32239,,44,18,,29,,Yellow,Blue
,2,Blue Suede Shoes,Blue Suede Shoes,Epic,111.66,83.94,Hyjal Summit,Kaz'rogal,3,https://tbc.wowhead.com/item=30894,,56,32,18
,3,Boots of the Shifting Nightmare (Shadow),Boots of the Shifting Nightmare (Shadow),Epic,110.70,82.98,Serpentshrine Cavern,Hydross the Unstable,2,https://tbc.wowhead.com/item=30050,,59,22,18
,4,Boots of Blasting,Boots of Blasting,Epic,106.44,78.72,Tailoring,Crafted,2,https://tbc.wowhead.com/item=30037,,39,25,18,25
,5,Frozen Shadoweave Boots (Shadow/Frost),Frozen Shadoweave Boots (Shadow/Frost),Epic,101.65,,Tailoring,Crafted,1,https://tbc.wowhead.com/item=21870,,57,9,,,,Yellow,Blue
,6,Glider's Foot-Wraps of Wrath,Glider's Foot-Wraps of Wrath,Epic,93.38,,Karazhan,Shadikith the Glider,1,https://tbc.wowhead.com/item=30680/gliders-foot-wraps,,79
,7,Velvet Boots of the Guardian,Velvet Boots of the Guardian,Epic,87.61,,Serpentshrine Cavern,The Lurker Below,2,https://tbc.wowhead.com/item=30067,,49,21,,24
,8,Boots of Foretelling,Boots of Foretelling,Epic,87.56,,Karazhan,Maiden of Virtue,1,https://tbc.wowhead.com/item=28517,,26,23,,19,,Red,Yellow
,9,Ruby Slippers,Ruby Slippers,Epic,82.05,57.41,Karazhan,The Crone,1,https://tbc.wowhead.com/item=28585,,35,29,16
,10,Vindicator's Silk Footguards,Vindicator's Silk Footguards,Epic,79.87,,Season 3,PvP,3,https://tbc.wowhead.com/item=33914,,35,30,,28
,11,Sigil-Laced Boots,Sigil-Laced Boots,Rare,76.36,,Arcatraz,Harbinger Skyriss,1,https://tbc.wowhead.com/item=28406,,20,18,,17,,Red,Yellow
,12,Glider's Foot-Wraps of the Invoker,Glider's Foot-Wraps of the Invoker,Epic,76.09,,Karazhan,Shadikith the Glider,1,https://tbc.wowhead.com/item=30680/gliders-foot-wraps,,34,29,,29
,13,Veteran's Silk Footguards,Veteran's Silk Footguards,Epic,73.86,,Season 2,PvP,2,https://tbc.wowhead.com/item=32795,,32,27,,27
,14,Shattrath Jumpers,Shattrath Jumpers,Rare,73.04,,,Into the Heart of the Labyrinth,1,https://tbc.wowhead.com/item=28179,,29,17,,,,Blue,Yellow
,15,Shalassi Oracle's Sandals,Shalassi Oracle's Sandals,Rare,72.29,,,Rescue Deirom!,1,https://tbc.wowhead.com/item=25970,,18,21,,15,,Red,Yellow
,,Trinket,,,,,,,,,,sp,int,hit,crit,haste,socket
,1,The Skull of Gul'dan,The Skull of Gul'dan,Epic,143.65,105.15,Black Temple,Illidan Stormrage,3,https://tbc.wowhead.com/item=32483,,55,,25,,29
,2,Mark of the Champion (undead/demon),Mark of the Champion (undead/demon),Epic,100.47,,Naxxramas,The Fall of Kel'Thuzad,1,https://tbc.wowhead.com/item=23207,,85
,3,Sextant of Unstable Currents,Sextant of Unstable Currents,Epic,100.18,,Serpentshrine Cavern,Fathom-Lord Karathress,2,https://tbc.wowhead.com/item=30626,,59,,,40
,4,Quagmirran's Eye,Quagmirran's Eye,Rare,99.09,,Slave Pens,Quagmirran,1,https://tbc.wowhead.com/item=27683,,37,,,,40
,5,Darkmoon Card: Crusade,Darkmoon Card: Crusade,Epic,94.56,,Darkmoon Faire,,2,https://tbc.wowhead.com/item=31856,,80
,6,Eye of Magtheridon,Eye of Magtheridon,Epic,83.92,,Magtheridon's Lair,Magtheridon,1,https://tbc.wowhead.com/item=28789,,71
,7,Icon of the Silver Crescent,Icon of the Silver Crescent,Epic,81.56,,Badge of Justice,G'eras,1,https://tbc.wowhead.com/item=29370,,69
,8,Dark Iron Smoking Pipe,Dark Iron Smoking Pipe,Epic,81.36,,,,3,https://tbc.wowhead.com/item=38290,,68.83333333
,9,Scryer's Bloodgem,Scryer's Bloodgem,Rare,78.83,29.55,The Scryers,Revered,1,https://tbc.wowhead.com/item=29132,,25,,32
,10,Neltharion's Tear,Neltharion's Tear,Epic,76.65,52.01,Classic,,0,https://tbc.wowhead.com/item=19379,,44,,16
,11,The Restrained Essence of Sapphiron,The Restrained Essence of Sapphiron,Epic,73.28,,Naxxramas,Sapphiron,0,https://tbc.wowhead.com/item=23046,,62
,12,Arcanist's Stone,Arcanist's Stone,Rare,72.78,34.28,Old Hillsbrad Foothills,Epoch Hunter,1,https://tbc.wowhead.com/item=28223,,29,,25
,13,Shiffar's Nexus-Horn,Shiffar's Nexus-Horn,Rare,71.29,,Arcatraz,Harbinger Skyriss,1,https://tbc.wowhead.com/item=28418,,41,,,30
,14,Starkiller's Bauble,Starkiller's Bauble,Uncommon,64.66,24.62,,The Horrors of Pollution,0,https://tbc.wowhead.com/item=30340,,20.83,,26
,15,Void Star Talisman,Void Star Talisman,Epic,56.74,,Tempest Keep,High Astromancer Solarian,2,https://tbc.wowhead.com/item=30449,,48
,,One Hand,,,,,,,,,,sp,int,hit,crit,haste,socket
,1,Tempest of Chaos,Tempest of Chaos,Epic,363.09,336.91,Hyjal Summit,Archimonde,3,https://tbc.wowhead.com/item=30910,,259,22,17,24
,2,Vengeful Gladiator's Spellblade,Vengeful Gladiator's Spellblade,Epic,329.68,303.50,Season 3,PvP,3,https://tbc.wowhead.com/item=33763,,247,20,17
,3,The Maelstrom's Fury,The Maelstrom's Fury,Epic,307.92,,Black Temple,High Warlord Naj'entus,3,https://tbc.wowhead.com/item=32237,,236,21,,22
,4,Merciless Gladiator's Spellblade,Merciless Gladiator's Spellblade,Epic,299.45,276.35,Season 2,PvP,2,https://tbc.wowhead.com/item=32053,,225,18,15
,5,Talon of the Tempest,Talon of the Tempest,Epic,291.98,278.12,Shadowmoon Valley,Doomwalker,1,https://tbc.wowhead.com/item=30723,,194,10,9,19,,Yellow,Yellow
,6,Fang of the Leviathan,Fang of the Leviathan,Epic,288.62,,Serpentshrine Cavern,Leotheras the Blind,2,https://tbc.wowhead.com/item=30095,,221,20,,21
,7,Nathrezim Mindblade,Nathrezim Mindblade,Epic,267.24,,Karazhan,Prince Malchezaar,1,https://tbc.wowhead.com/item=28770,,203,18,,23
,8,Bloodmaw Magus-Blade,Bloodmaw Magus-Blade,Epic,267.20,,Gruul's Lair,Gruul the Dragonkiller,1,https://tbc.wowhead.com/item=28802,,203,15,,25
,9,Gladiator's Spellblade,Gladiator's Spellblade,Epic,245.68,,Season 1,PvP,1,https://tbc.wowhead.com/item=28297,,199,18
,10,Illidari-Bane Mageblade (Demon),Illidari-Bane Mageblade (Demon),Rare,239.94,,Shadowmoon Valley,Quenching the Blade,1,https://tbc.wowhead.com/item=30787,,185,11,,20
,11,Blade of Wizardry,Blade of Wizardry,Epic,230.01,,,World Drop,1,https://tbc.wowhead.com/item=31336,,159,,,,30.4
,12,Eternium Runed Blade,Eternium Runed Blade,Epic,223.62,,Blacksmithing,Crafted,1,https://tbc.wowhead.com/item=23554,,168,19,,21
,13,Stormcaller,Stormcaller,Epic,210.45,,Quartermaster Urgronn,,1,https://tbc.wowhead.com/item=29155,,159,12,,21
,14,Blade of the Archmage,Blade of the Archmage,Epic,210.04,,Logistics Officer,,1,https://tbc.wowhead.com/item=29153,,159,11,,21
,15,Greatsword of Horrid Dreams,Greatsword of Horrid Dreams,Rare,182.90,161.34,Shadow Labyrinth,Murmur,1,https://tbc.wowhead.com/item=27905,,130,14,14
,,Off Hand,,,,,,,,,,sp,int,hit,crit,haste,socket
,1,Chronicle of Dark Secrets,Chronicle of Dark Secrets,Epic,100.12,73.94,Hyjal Summit,Rage Winterchill,3,https://tbc.wowhead.com/item=30872,,42,12,17,23
,2,Blind-Seers Icon,Blind-Seers Icon,Epic,95.91,58.95,Black Temple,Shade of Akama,3,https://tbc.wowhead.com/item=32361,,42,16,24
,3,Flametongue Seal (Fire),Flametongue Seal (Fire),Epic,70.86,,Badge of Justice,G'eras,1,https://tbc.wowhead.com/item=29270,,49,,,17
,4,Jewel of Infinite Possibilities,Jewel of Infinite Possibilities,Epic,69.39,37.05,Karazhan,Netherspite,1,https://tbc.wowhead.com/item=28734,,23,18,21
,5,Fathomstone,Fathomstone,Epic,66.85,,Serpentshrine Cavern,Hydross the Unstable,2,https://tbc.wowhead.com/item=30049,,36,12,,23
,6,Orb of the Soul-Eater (Shadow),Orb of the Soul-Eater (Shadow),Epic,61.49,,Badge of Justice,G'eras,1,https://tbc.wowhead.com/item=29272,,51
,7,Lamp of Peaceful Radiance,Lamp of Peaceful Radiance,Rare,60.74,42.26,Arcatraz,Harbinger Skyriss,1,https://tbc.wowhead.com/item=28412,,21,14,12,13
,8,Khadgar's Knapsack,Khadgar's Knapsack,Epic,57.92,,Badge of Justice,Weapons Vendor,1,https://tbc.wowhead.com/item=29273,,49
,9,Talisman of Nightbane,Talisman of Nightbane,Epic,56.37,,Karazhan,Nightbane,1,https://tbc.wowhead.com/item=28603,,28,19,,17
,10,Star-Heart Lamp,Star-Heart Lamp,Rare,54.21,35.73,Black Morass,Temporus,1,https://tbc.wowhead.com/item=28187,,22,18,12
,11,Karaborian Talisman,Karaborian Talisman,Epic,53.88,,Magtheridon's Lair,Magtheridon,1,https://tbc.wowhead.com/item=28781,,35,23
,12,Draenei Crystal Rod of Wrath,Draenei Crystal Rod of Wrath,Uncommon,53.19,,,World Drop,1,https://tbc.wowhead.com/item=25099,,45
,13,Karrog's Shard,Karrog's Shard,Rare,50.50,,,,1,https://tbc.wowhead.com/item=32533,,35,,,12
,14,Merciless Gladiator's Endgame,Merciless Gladiator's Endgame,Epic,49.88,,Season 2,PvP,2,https://tbc.wowhead.com/item=31978,,33,19
,15,Crystal Orb of Enlightenment,Crystal Orb of Enlightenment,Epic,47.84,,Jho'nass,,1,https://tbc.wowhead.com/item=32651,,33,16
,,Two Hand,,,,,,,,,,sp,int,hit,crit,haste,socket
,1,"Zhar'doom, Greatstaff of the Devourer","Zhar'doom, Greatstaff of the Devourer",Epic,436.76,,Black Temple,Illidan Stormrage,3,https://tbc.wowhead.com/item=32374,,259,47,,36,55
,2,Vengeful Gladiator's Battle Staff,Vengeful Gladiator's Battle Staff,Epic,396.18,353.06,Season 3,PvP,3,https://tbc.wowhead.com/item=34540,,247,46,28,46
,3,Merciless Gladiator's War Staff,Merciless Gladiator's War Staff,Epic,358.59,321.63,Season 2,PvP,2,https://tbc.wowhead.com/item=32055,,225,42,24,42
,4,Vengeful Gladiator's War Staff,Vengeful Gladiator's War Staff,Epic,353.06,353.06,Season 3,PvP,3,https://tbc.wowhead.com/item=33766,,247,46,0,46
,5,The Nexus Key,The Nexus Key,Epic,347.66,,Tempest Keep,Kael'thas Sunstrider,2,https://tbc.wowhead.com/item=29988,,236,52,,51
,6,Gladiator's War Staff,Gladiator's War Staff,Epic,314.87,282.53,Season 1,PvP,1,https://tbc.wowhead.com/item=24557,,199,35,21,36
,7,Staff of Infinite Mysteries,Staff of Infinite Mysteries,Epic,282.50,247.08,Karazhan,The Curator,1,https://tbc.wowhead.com/item=28633,,185,51,23
,8,"Atiesh, Greatstaff of the Guardian","Atiesh, Greatstaff of the Guardian",Legendary,253.46,,Classic,,0,https://tbc.wowhead.com/item=22630,,183,29,,28
,9,Frostscythe of Lord Ahune,Frostscythe of Lord Ahune,Epic,252.52,,Slave Pens,Ahune,3,https://tbc.wowhead.com/item=35514,,176,35,,33
,10,Terokk's Shadowstaff,Terokk's Shadowstaff,Epic,249.45,,Sethekk Halls,Talon King Ikiss,1,https://tbc.wowhead.com/item=29355,,168,42,,37
,11,Auchenai Staff,Auchenai Staff,Rare,214.01,184.75,Quartermaster Endarin,,1,https://tbc.wowhead.com/item=29130,,121,46,19,26
,12,High Warlord's War Staff,High Warlord's War Staff,Rare,213.64,182.84,,PvP,1,https://tbc.wowhead.com/item=28935,,121,30,20,30
,13,Grand Marshal's War Staff,Grand Marshal's War Staff,Rare,213.64,182.84,,PvP,1,https://tbc.wowhead.com/item=28959,,121,30,20,30
,14,Warpstaff of Arcanum,Warpstaff of Arcanum,Rare,208.05,183.41,Botanica,Warp Splinter,1,https://tbc.wowhead.com/item=28341,,121,38,16,26
,15,Grand Scepter of the Nexus-Kings,Grand Scepter of the Nexus-Kings,Rare,195.81,166.55,Mana-Tombs,Nexus-Prince Shaffar,1,https://tbc.wowhead.com/item=27842,,121,43,19
,,Ranged,,,,,,,,,,sp,int,hit,crit,haste,socket
,1,Wand of the Forgotten Star,Wand of the Forgotten Star,Epic,54.78,37.84,Tempest Keep,High Astromancer Solarian,2,https://tbc.wowhead.com/item=29982,,23,,11,14
,2,Wand of Prismatic Focus,Wand of Prismatic Focus,Epic,50.98,30.96,Black Temple,Gurtogg Bloodboil,3,https://tbc.wowhead.com/item=32343,,25,,13
,3,Tirisfal Wand of Ascendancy,Tirisfal Wand of Ascendancy,Epic,39.63,22.69,Karazhan,Shade of Aran,1,https://tbc.wowhead.com/item=28673,,15,9,11
,4,Eredar Wand of Obliteration,Eredar Wand of Obliteration,Epic,35.48,,Magtheridon's Lair,Magtheridon,1,https://tbc.wowhead.com/item=28783,,16,11,,14
,5,Master Firestone (Fire),Master Firestone (Fire),Epic,35.46,,Crafted,Warlock Spell,1,https://tbc.wowhead.com/item=22128,,30
,6,Nether Core's Control Rod,Nether Core's Control Rod,Rare,33.06,20.74,Arcatraz,Dalliah the Doomsayer,1,https://tbc.wowhead.com/item=28386,,13,10,8
,7,The Black Stalk,The Black Stalk,Epic,32.68,,Underbog,The Black Stalker,1,https://tbc.wowhead.com/item=29350,,20,,,11
,8,Wand of Fates,Wand of Fates,Epic,30.31,17.99,Naxxramas,Patchwerk,1,https://tbc.wowhead.com/item=22820,,12,7,8
,9,Illidari Rod of Discipline,Illidari Rod of Discipline,Uncommon,30.15,,,Subdue the Subduer,0,https://tbc.wowhead.com/item=32872,,13,,,,,Blue
,10,Doomfinger,Doomfinger,Epic,29.57,,Naxxramas,Kel'Thuzad,1,https://tbc.wowhead.com/item=22821,,16,,,14
,11,Flawless Wand of Wrath,Flawless Wand of Wrath,Uncommon,29.55,,,World Drop,1,https://tbc.wowhead.com/item=25295,,25
,12,Vengeful Gladiator's Touch of Defeat,Vengeful Gladiator's Touch of Defeat,Epic,29.16,,Season 3,PvP,3,https://tbc.wowhead.com/item=33764,,18,14
,13,Voidfire Wand,Voidfire Wand,Rare,28.68,17.90,Mana-Tombs,Pandemonius,1,https://tbc.wowhead.com/item=25939,,11,9,7
,14,Merciless Gladiator's Touch of Defeat,Merciless Gladiator's Touch of Defeat,Epic,26.12,,Season 2,PvP,2,https://tbc.wowhead.com/item=32962,,16,13
,15,Nesingwary Safari Stick,Nesingwary Safari Stick,Rare,25.68,,,The Ultimate Bloodsport,1,https://tbc.wowhead.com/item=25640,,14,,,12
