Elemental Phase 3,,,Value Credit: https://wowsims.github.io/tbc/elemental_shaman/
,,Item,,,EPV,If Hit  Capped,Location,Phase,,,Stats
,,Head,,,,,,,,,,sp,int,hit,crit,haste,socket
,1,Cowl of the Illidari High Lord,Cowl of the Illidari High Lord,Epic,159.59,152.45,Black Temple,Illidan Stormrage,3,https://tbc.wowhead.com/item=32525,,64,31,21,47,,Meta,Blue
,2,Skyshatter Headguard,Skyshatter Headguard,Epic,144.65,,Hyjal Summit,Archimonde,3,https://tbc.wowhead.com/item=31014,,62,37,,36,,Meta,Blue
,3,Cataclysm Headpiece,Cataclysm Headpiece,Epic,136.91,130.79,Serpentshrine Cavern,Lady Vashj,2,https://tbc.wowhead.com/item=30171,,54,28,18,26,,Meta,Yellow
,4,Gadgetstorm Goggles,Gadgetstorm Goggles,Epic,133.08,129.00,Engineering,Crafted,2,https://tbc.wowhead.com/item=32476,,55,,12,40,,Meta,Blue
,5,Magnified Moon Specs,Magnified Moon Specs,Epic,131.74,,Engineering,Crafted,2,https://tbc.wowhead.com/item=32480,,50,24,,41,,Meta,Blue
,6,Vengeful Gladiator's Mail Helm,Vengeful Gladiator's Mail Helm,Epic,125.75,,Season 3,PvP,3,https://tbc.wowhead.com/item=33713,,49,23,,26,,Meta,Red
,7,Cowl of the Grand Engineer,Cowl of the Grand Engineer,Epic,117.93,112.49,Tempest Keep,Void Reaver,2,https://tbc.wowhead.com/item=29986,,53,27,16,35,,Yellow,Yellow,Blue
,8,Cyclone Faceguard,Cyclone Faceguard,Epic,116.01,,Karazhan,Prince Malchezaar,1,https://tbc.wowhead.com/item=29035,,39,31,,25,,Meta,Yellow
,9,Merciless Gladiator's Mail Helm,Merciless Gladiator's Mail Helm,Epic,115.47,,Season 2,PvP,2,https://tbc.wowhead.com/item=32011,,43,19,,22,,Meta,Red
,10,Storm Master's Helmet,Storm Master's Helmet,Epic,107.80,,Badge of Justice,G'eras,1,https://tbc.wowhead.com/item=32086,,37,32,,24,,Meta,Blue
,11,Gladiator's Mail Helm,Gladiator's Mail Helm,Epic,105.19,,Season 1,PvP,1,https://tbc.wowhead.com/item=27471,,37,15,,18,,Meta,Red
,12,Mana-Binders Cowl,Mana-Binders Cowl,Epic,101.59,,Badge of Justice,G'eras,1,https://tbc.wowhead.com/item=32089,,34,29,,15,,Yellow,Meta
,13,Spellstrike Hood,Spellstrike Hood,Epic,100.32,94.88,Tailoring,Crafted,1,https://tbc.wowhead.com/item=24266,,46,12,16,24,,Blue,Yellow,Red
,14,Lightning Crown (Nature),Lightning Crown (Nature),Epic,99.54,,,World Drop,1,https://tbc.wowhead.com/item=31330,,66,,,43
,15,Incanter's Cowl,Incanter's Cowl,Rare,99.13,,Mechanar,Pathaleon the Calculator,1,https://tbc.wowhead.com/item=28278,,29,27,,19,,Yellow,Meta
,,Neck,,,,,,,,,,sp,int,hit,crit,haste,socket
,1,Translucent Spellthread Necklace,Translucent Spellthread Necklace,Epic,69.82,64.72,Black Temple,Devourer of Souls,3,https://tbc.wowhead.com/item=32349,,46,,15,24
,2,The Sun King's Talisman,The Sun King's Talisman,Epic,64.36,,Tempest Keep,Kael'thas and the Verdant Sphere,2,https://tbc.wowhead.com/item=30015,,41,16,,24
,3,Chain of the Twilight Owl (GROUP BUFF),Chain of the Twilight Owl (GROUP BUFF),Rare,60.89,,Jewelcrafting,Crafted,1,https://tbc.wowhead.com/item=24121,,21,19,,44.08
,4,Eye of the Night (GROUP BUFF),Eye of the Night (GROUP BUFF),Rare,59.72,54.28,Jewelcrafting,Crafted,1,https://tbc.wowhead.com/item=24116,,34,,16,26
,5,Vindicator's Pendant of Reprieve,Vindicator's Pendant of Reprieve,Epic,58.92,,Season 3,PvP,3,https://tbc.wowhead.com/item=35317,,17,16,,,23,Yellow
,6,Vindicator's Pendant of Conquest,Vindicator's Pendant of Conquest,Epic,55.41,,Season 3,PvP,3,https://tbc.wowhead.com/item=33920,,25,15,,21,,Yellow
,7,Adornment of Stolen Souls,Adornment of Stolen Souls,Epic,51.74,,Karazhan,Prince Malchezaar,1,https://tbc.wowhead.com/item=28762,,28,20,,23
,8,Veteran's Pendant of Conquest,Veteran's Pendant of Conquest,Epic,48.20,,Season 2,PvP,2,https://tbc.wowhead.com/item=33067,,21,12,,18,,Yellow
,9,Vindicator's Pendant of Dominance,Vindicator's Pendant of Dominance,Epic,45.48,,Season 3,PvP,3,https://tbc.wowhead.com/item=33921,,30,20,,,,Yellow
,10,Natasha's Ember Necklace,Natasha's Ember Necklace,Rare,41.15,,,The Hound-Master,1,https://tbc.wowhead.com/item=31692,,29,15,,10
,11,Pendant of the Lost Ages,Pendant of the Lost Ages,Epic,40.93,,Serpentshrine Cavern,Morogrim Tidewalker,2,https://tbc.wowhead.com/item=30008,,36,17
,12,Torc of the Sethekk Prophet,Torc of the Sethekk Prophet,Rare,40.60,,Terokkar Forest,Brother Against Brother,1,https://tbc.wowhead.com/item=29333,,19,18,,21
,13,Veteran's Pendant of Dominance,Veteran's Pendant of Dominance,Epic,40.32,,Season 2,PvP,2,https://tbc.wowhead.com/item=33065,,26,16,,,,Yellow
,14,Brooch of Heightened Potential,Brooch of Heightened Potential,Rare,40.04,36.98,Shadow Labyrinth,Blackheart the Inciter,1,https://tbc.wowhead.com/item=28134,,22,14,9,14
,15,Amulet of Vek'nilash,Amulet of Vek'nilash,Epic,39.37,,Classic,,0,https://tbc.wowhead.com/item=21608,,27,5,,14
,,Shoulders,,,,,,,,,,sp,int,hit,crit,haste,socket
,1,Mantle of Nimble Thought,Mantle of Nimble Thought,Epic,97.14,,Tailoring,Crafted,3,https://tbc.wowhead.com/item=32587,,44,26,,,38
,2,Skyshatter Mantle,Skyshatter Mantle,Epic,94.99,91.25,Black Temple,Mother Shahraz,3,https://tbc.wowhead.com/item=31023,,46,31,11,27,,Blue,Yellow
,3,Hatefury Mantle,Hatefury Mantle,Epic,93.62,,Hyjal Summit,Anetheron,3,https://tbc.wowhead.com/item=30884,,55,18,,24,,Blue,Yellow
,4,Blood-cursed Shoulderpads,Blood-cursed Shoulderpads,Epic,86.13,80.01,Black Temple,Gurtogg Bloodboil,3,https://tbc.wowhead.com/item=32338,,55,19,18,25
,5,Cataclysm Shoulderpads,Cataclysm Shoulderpads,Epic,80.69,,Tempest Keep,Void Reaver,2,https://tbc.wowhead.com/item=30173,,41,19,,24,,Blue,Yellow
,6,Illidari Shoulderpads,Illidari Shoulderpads,Epic,77.51,,Serpentshrine Cavern,Morogrim Tidewalker,2,https://tbc.wowhead.com/item=30079,,39,23,,16,,Yellow,Yellow
,7,Vengeful Gladiator's Mail Spaulders,Vengeful Gladiator's Mail Spaulders,Epic,75.00,,Season 3,PvP,3,https://tbc.wowhead.com/item=33715,,29,22,,22,,Red,Yellow
,8,Cyclone Shoulderguards,Cyclone Shoulderguards,Epic,72.26,,Gruul's Lair,High King Maulgar,1,https://tbc.wowhead.com/item=29037,,36,26,,12,,Yellow,Yellow
,9,Mantle of the Elven Kings,Mantle of the Elven Kings,Epic,69.84,63.72,Tempest Keep,Trash,2,https://tbc.wowhead.com/item=30024,,39,18,18,25
,10,Merciless Gladiator's Mail Spaulders,Merciless Gladiator's Mail Spaulders,Epic,69.57,,Season 2,PvP,2,https://tbc.wowhead.com/item=32013,,26,19,,20,,Red,Yellow
,11,Gladiator's Mail Spaulders,Gladiator's Mail Spaulders,Epic,64.99,,Season 1,PvP,1,https://tbc.wowhead.com/item=27473,,22,17,,20,,Red,Yellow
,12,Mana-Etched Spaulders,Mana-Etched Spaulders,Rare,59.09,,Slave Pens,Quagmirran,1,https://tbc.wowhead.com/item=27796,,20,17,,16,,Yellow,Red
,13,Pauldrons of Wild Magic,Pauldrons of Wild Magic,Epic,59.06,,Slave Pens,Quagmirran,1,https://tbc.wowhead.com/item=32078,,33,28,,23
,14,Spaulders of the Torn-heart,Spaulders of the Torn-heart,Rare,56.07,,,The Cipher of Damnation - The Third Fragment Recovered,1,https://tbc.wowhead.com/item=30925,,40,7,,18
,15,Shoulderpads of Renewed Life,Shoulderpads of Renewed Life,Epic,54.01,,Leatherworking,Crafted,3,https://tbc.wowhead.com/item=32583,,,29,,,38
,,Back,,,,,,,,,,sp,int,hit,crit,haste,socket
,1,Shroud of the Highborne,Shroud of the Highborne,Epic,68.07,,Black Temple,Illidan Stormrage,3,https://tbc.wowhead.com/item=32524,,23,23,,,32
,2,Cloak of the Illidari Council,Cloak of the Illidari Council,Epic,66.14,,Black Temple,High Nethermancer Zerevor,3,https://tbc.wowhead.com/item=32331,,42,16,,25
,3,Ancient Spellcloak of the Highborne,Ancient Spellcloak of the Highborne,Epic,55.17,,Hellfire Peninsula,Doom Lord Kazzak,1,https://tbc.wowhead.com/item=30735,,36,15,,19
,4,Brute Cloak of the Ogre-Magi,Brute Cloak of the Ogre-Magi,Epic,51.74,,Gruul's Lair,High King Maulgar,1,https://tbc.wowhead.com/item=28797,,28,20,,23
,5,Royal Cloak of the Sunstriders,Royal Cloak of the Sunstriders,Epic,50.38,,Tempest Keep,Kael'thas Sunstrider,2,https://tbc.wowhead.com/item=29992,,44,22
,6,Illidari Cloak of Wrath,Illidari Cloak of Wrath,Rare,47.00,,,World Drop,1,https://tbc.wowhead.com/item=31201,,47
,7,Cloak of the Necropolis,Cloak of the Necropolis,Epic,42.83,40.11,Naxxramas,Sapphiron,1,https://tbc.wowhead.com/item=23050,,26,11,8,14
,8,Shawl of Shifting Probabilities,Shawl of Shifting Probabilities,Epic,42.80,,Badge of Justice,G'eras,1,https://tbc.wowhead.com/item=29369,,21,16,,22
,9,Cloak of the Frigid Winds,Cloak of the Frigid Winds,Epic,42.80,,Slave Pens,Ahune,3,https://tbc.wowhead.com/item=35497,,21,16,,22
,10,Ruby Drape of the Mysticant,Ruby Drape of the Mysticant,Epic,42.21,36.09,Karazhan,Prince Malchezaar,1,https://tbc.wowhead.com/item=28766,,30,21,18
,11,Ambusher's Cloak of Wrath,Ambusher's Cloak of Wrath,Uncommon,42.00,,,World Drop,1,https://tbc.wowhead.com/item=25041,,42
,12,Shadow-Cloak of Dalaran,Shadow-Cloak of Dalaran,Epic,41.22,,Karazhan,Moroes,1,https://tbc.wowhead.com/item=28570,,36,18
,13,Cloak of the Black Void,Cloak of the Black Void,Rare,38.19,,Tailoring,Crafted,1,https://tbc.wowhead.com/item=24252,,35,11
,14,Ogre Slayer's Cover,Ogre Slayer's Cover,Rare,37.70,,Nagrand,Cho'war the Pillager,1,https://tbc.wowhead.com/item=25777,,20,18,,16
,15,Terokk's Wisdom,Terokk's Wisdom,Epic,37.64,,Terokkar Forest,Terokk,1,https://tbc.wowhead.com/item=32541,,33,16
,,Chest,,,,,,,,,,sp,int,hit,crit,haste,socket
,1,Skyshatter Breastplate,Skyshatter Breastplate,Epic,126.00,120.22,Black Temple,Illidan Stormrage,3,https://tbc.wowhead.com/item=31017,,62,41,17,27,,Blue,Yellow,Yellow
,2,Vestments of the Sea-Witch,Vestments of the Sea-Witch,Epic,122.84,113.66,Serpentshrine Cavern,Lady Vashj,2,https://tbc.wowhead.com/item=30107,,57,28,27,31,,Yellow,Yellow,Blue
,3,Robes of Rhonin,Robes of Rhonin,Epic,119.92,110.74,Hyjal Summit,Archimonde,3,https://tbc.wowhead.com/item=30913,,81,38,27,24
,4,Chestguard of Relentless Storms,Chestguard of Relentless Storms,Epic,118.58,,Hyjal Summit,Trash,3,https://tbc.wowhead.com/item=32592,,74,30,,46
,5,Robe of Hateful Echoes,Robe of Hateful Echoes,Epic,111.30,,Serpentshrine Cavern,Hydross the Unstable,2,https://tbc.wowhead.com/item=30056,,50,36,,25,,Red,Yellow,Yellow
,6,Cataclysm Chestpiece,Cataclysm Chestpiece,Epic,107.50,,Tempest Keep,Kael'thas Sunstrider,2,https://tbc.wowhead.com/item=30169,,55,28,,24,,Blue,Yellow,Yellow
,7,Robe of the Shadow Council,Robe of the Shadow Council,Epic,105.28,,Black Temple,Teron Gorefiend,3,https://tbc.wowhead.com/item=32327,,73,36,,28
,8,Vengeful Gladiator's Mail Armor,Vengeful Gladiator's Mail Armor,Epic,105.27,,Season 3,PvP,3,https://tbc.wowhead.com/item=33711,,42,28,,29,,Red,Yellow,Yellow
,9,Merciless Gladiator's Mail Armor,Merciless Gladiator's Mail Armor,Epic,95.86,,Season 2,PvP,2,https://tbc.wowhead.com/item=32009,,37,24,,25,,Red,Yellow,Yellow
,10,Cyclone Chestguard,Cyclone Chestguard,Epic,91.60,,Magtheridon's Lair,Magtheridon,1,https://tbc.wowhead.com/item=29033,,39,32,,20,,Red,Yellow,Blue
,11,Netherstrike Breastplate,Netherstrike Breastplate,Epic,89.35,,Leatherworking,Crafted,1,https://tbc.wowhead.com/item=29519,,37,23,,32,,Blue,Yellow,Blue
,12,Windhawk Hauberk,Windhawk Hauberk,Epic,88.91,,Leatherworking,Crafted,1,https://tbc.wowhead.com/item=29522,,46,29,,19,,Blue,Yellow,Blue
,13,Gladiator's Mail Armor,Gladiator's Mail Armor,Epic,88.88,,Season 1,PvP,1,https://tbc.wowhead.com/item=27469,,32,23,,23,,Red,Yellow,Yellow
,14,Will of Edward the Odd,Will of Edward the Odd,Epic,85.10,,,World Drop,1,https://tbc.wowhead.com/item=31340,,53,30,,30
,15,Mana-Etched Vestments,Mana-Etched Vestments,Rare,76.19,,Old Hillsbrad Foothills,Epoch Hunter,1,https://tbc.wowhead.com/item=28191,,29,25,,17,,Red,Blue,Yellow
,,Wrist,,,,,,,,,,sp,int,hit,crit,haste,socket
,1,Bracers of Nimble Thought,Bracers of Nimble Thought,Epic,73.40,,Tailoring,Crafted,3,https://tbc.wowhead.com/item=32586,,34,20,,,28
,2,Cuffs of Devastation,Cuffs of Devastation,Epic,60.40,,Hyjal Summit,Rage Winterchill,3,https://tbc.wowhead.com/item=30870,,34,20,,14,,Yellow
,3,Ravager's Cuffs of Wrath,Ravager's Cuffs of Wrath,Epic,59.00,,Karazhan,Rokad the Ravager,1,https://tbc.wowhead.com/item=30684/ravagers-cuffs,,59
,4,Bands of the Coming Storm,Bands of the Coming Storm,Epic,58.50,,Black Temple,Supremus,3,https://tbc.wowhead.com/item=32259,,34,28,,21
,5,Vindicator's Mail Bracers,Vindicator's Mail Bracers,Epic,57.99,,Season 3,PvP,3,https://tbc.wowhead.com/item=33897,,27,17,,21,,Yellow
,6,Mindstorm Wristbands,Mindstorm Wristbands,Epic,57.71,,Tempest Keep,Al'ar,2,https://tbc.wowhead.com/item=29918,,36,13,,23
,7,Focused Mana Bindings,Focused Mana Bindings,Epic,54.26,47.80,Black Temple,Shade of Akama,3,https://tbc.wowhead.com/item=32270,,42,20,19
,8,Windhawk Bracers,Windhawk Bracers,Epic,54.09,,Leatherworking,Crafted,1,https://tbc.wowhead.com/item=29523,,27,17,,16,,Yellow
,9,Crystalweave Bracers,Crystalweave Bracers,Epic,49.00,,Tailoring,Crafted,2,https://tbc.wowhead.com/item=32655,,23,16,,12,,Red
,10,Veteran's Mail Bracers,Veteran's Mail Bracers,Epic,49.00,,Season 2,PvP,2,https://tbc.wowhead.com/item=32817,,22,14,,17,,Yellow
,11,Ravager's Cuffs of the Invoker,Ravager's Cuffs of the Invoker,Epic,48.54,,Karazhan,Rokad the Ravager,1,https://tbc.wowhead.com/item=30684/ravagers-cuffs,,25,22,,22
,12,Veteran's Silk Cuffs,Veteran's Silk Cuffs,Epic,47.82,,Season 2,PvP,2,https://tbc.wowhead.com/item=32820,,22,18,,14,,Yellow
,13,Elunite Empowered Bracers,Elunite Empowered Bracers,Epic,47.62,41.16,Black Temple,Devourer of Souls,3,https://tbc.wowhead.com/item=32351,,34,22,19
,14,Netherstrike Bracers,Netherstrike Bracers,Epic,47.49,,Leatherworking,Crafted,1,https://tbc.wowhead.com/item=29521,,20,13,,17,,Yellow
,15,Illidari Bindings of Wrath,Illidari Bindings of Wrath,Rare,47.00,,Shadowmoon Valley,Ambassador Jerrikar,1,https://tbc.wowhead.com/item=31225/illidari-bindings,,47
,,Hands,,,,,,,,,,sp,int,hit,crit,haste,socket
,1,Skyshatter Gauntlets,Skyshatter Gauntlets,Epic,91.41,84.95,Hyjal Summit,Azgalor,3,https://tbc.wowhead.com/item=31008,,46,31,19,26,,Yellow
,2,Anger-Spark Gloves,Anger-Spark Gloves,Epic,80.30,73.50,Shadowmoon Valley,Doomwalker,1,https://tbc.wowhead.com/item=30725,,30,,20,25,,Red,Red
,3,Soul-Eater's Handwraps,Soul-Eater's Handwraps,Epic,74.02,,Magtheridon's Lair,Magtheridon,1,https://tbc.wowhead.com/item=28780,,36,24,,21,,Yellow,Blue
,4,Gauntlets of the Sun King,Gauntlets of the Sun King,Epic,72.25,,Tempest Keep,Kael'thas Sunstrider,2,https://tbc.wowhead.com/item=29987,,42,29,,28
,5,Cataclysm Handgrips,Cataclysm Handgrips,Epic,71.02,64.56,Serpentshrine Cavern,Leotheras the Blind,2,https://tbc.wowhead.com/item=30170,,41,27,19,19
,6,Vengeful Gladiator's Mail Gauntlets,Vengeful Gladiator's Mail Gauntlets,Epic,67.51,,Season 3,PvP,3,https://tbc.wowhead.com/item=33712,,39,23,,28
,7,Botanist's Gloves of Growth,Botanist's Gloves of Growth,Epic,65.17,,Black Temple,Teron Gorefiend,3,https://tbc.wowhead.com/item=32328,,,21,,,37,Yellow,Blue
,8,Handwraps of Flowing Thought,Handwraps of Flowing Thought,Epic,60.82,56.06,Karazhan,Attumen the Huntsman,1,https://tbc.wowhead.com/item=28507,,35,22,14,,,Yellow,Blue
,9,Merciless Gladiator's Mail Gauntlets,Merciless Gladiator's Mail Gauntlets,Epic,60.30,,Season 2,PvP,2,https://tbc.wowhead.com/item=32010,,35,20,,25
,10,Mana-Etched Gloves,Mana-Etched Gloves,Rare,59.09,,Hellfire Ramparts,Omor the Unscarred,1,https://tbc.wowhead.com/item=27465,,20,17,,16,,Red,Yellow
,11,Earth Mantle Handwraps,Earth Mantle Handwraps,Rare,58.38,,The Steamvault,Mekgineer Steamrigger,1,https://tbc.wowhead.com/item=27793,,19,18,,16,,Red,Yellow
,12,Thundercaller's Gauntlets,Thundercaller's Gauntlets,Rare,53.68,,,,1,https://tbc.wowhead.com/item=31280,,35,16,,18
,13,Gladiator's Mail Gauntlets,Gladiator's Mail Gauntlets,Epic,53.60,,Season 1,PvP,1,https://tbc.wowhead.com/item=27470,,32,18,,21
,14,Spiritwalker Gauntlets,Spiritwalker Gauntlets,Epic,52.23,,Black Temple,Shade of Akama,3,https://tbc.wowhead.com/item=32275,,,27,,,37
,15,Gloves of Pandemonium,Gloves of Pandemonium,Rare,49.91,46.51,,World Drop,1,https://tbc.wowhead.com/item=31149,,25,15,10,22
,,Waist,,,,,,,,,,sp,int,hit,crit,haste,socket
,1,Flashfire Girdle,Flashfire Girdle,Epic,109.98,,Black Temple,Shade of Akama,3,https://tbc.wowhead.com/item=32276,,44,26,,18,37
,2,Waistwrap of Infinity,Waistwrap of Infinity,Epic,100.78,,Black Temple,Supremus,3,https://tbc.wowhead.com/item=32256,,56,22,,,32
,3,Belt of Blasting,Belt of Blasting,Epic,95.90,88.08,Tailoring,Crafted,2,https://tbc.wowhead.com/item=30038,,50,,23,30,,Blue,Yellow
,4,Anetheron's Noose,Anetheron's Noose,Epic,95.07,,Hyjal Summit,Anetheron,3,https://tbc.wowhead.com/item=30888,,55,23,,24,,Yellow,Blue
,5,Belt of the Crescent Moon,Belt of the Crescent Moon,Epic,95.03,,Hyjal Summit,Kaz'rogal,3,https://tbc.wowhead.com/item=30914,,44,27,,,36
,6,Cord of Screaming Terrors,Cord of Screaming Terrors,Epic,81.87,73.71,Serpentshrine Cavern,The Lurker Below,2,https://tbc.wowhead.com/item=30064,,50,15,24,,,Yellow,Yellow
,7,Girdle of Ruination,Girdle of Ruination,Epic,80.05,,Tailoring,Crafted,1,https://tbc.wowhead.com/item=24256,,39,13,,20,,Red,Yellow
,8,Lurker's Cord of the Wrath,Lurker's Cord of the Wrath,Epic,79.00,,Karazhan,Hyakiss the Lurker,1,https://tbc.wowhead.com/item=30675/lurkers-cord,,79
,9,Monsoon Belt,Monsoon Belt,Epic,67.78,60.64,Leatherworking,Crafted,2,https://tbc.wowhead.com/item=30044,,39,24,21,,,Blue,Yellow
,10,Windhawk Belt,Windhawk Belt,Epic,66.55,,Leatherworking,Crafted,1,https://tbc.wowhead.com/item=29524,,37,19,,12,,Blue,Yellow
,11,Vindicator's Mail Girdle,Vindicator's Mail Girdle,Epic,66.32,,Season 3,PvP,3,https://tbc.wowhead.com/item=33898,,35,30,,29
,12,Belt of Divine Inspiration,Belt of Divine Inspiration,Epic,65.22,,Gruul's Lair,High King Maulgar,1,https://tbc.wowhead.com/item=28799,,43,26,,,,Yellow,Blue
,13,Lurker's Cord of Invoker,Lurker's Cord of Invoker,Epic,65.03,,Karazhan,Hyakiss the Lurker,1,https://tbc.wowhead.com/item=30675/lurkers-cord,,34,29,,29
,14,Netherstrike Belt,Netherstrike Belt,Epic,63.26,,Leatherworking,Crafted,1,https://tbc.wowhead.com/item=29520,,30,17,,16,,Blue,Yellow
,15,Glyph-Lined Sash,Glyph-Lined Sash,Rare,63.05,,Mana-Tombs,Nexus-Prince Shaffar,1,https://tbc.wowhead.com/item=27843,,30,23,,9,,Yellow,Yellow
,,Ring,,,,,,,,,,sp,int,hit,crit,haste,socket
,1,Ring of Ancient Knowledge,Ring of Ancient Knowledge,Epic,82.00,,Black Temple,Trash,3,https://tbc.wowhead.com/item=32527,,39,20,,,31
,2,Band of the Eternal Sage,Band of the Eternal Sage,Epic,74.97,,Tanaris,Sage's Covenant,3,https://tbc.wowhead.com/item=29305,,49,25,,24
,3,Ring of Captured Storms,Ring of Captured Storms,Epic,71.08,64.62,Black Temple,High Warlord Naj'entus,3,https://tbc.wowhead.com/item=32247,,42,,19,29
,4,Blessed Band of Karabor,Blessed Band of Karabor,Epic,67.58,,Black Temple,Trash,3,https://tbc.wowhead.com/item=32528,,25,20,,,30
,5,Ring of Unrelenting Storms (Nature),Ring of Unrelenting Storms (Nature),Epic,62.17,,Karazhan,Trash,1,https://tbc.wowhead.com/item=30667,,43,15,,19
,6,Band of Eternity (revered),Band of Eternity (revered),Epic,59.97,,Tanaris,Sage's Oath,3,https://tbc.wowhead.com/item=29304,,34,25,,24
,7,Band of Eternity (honored),Band of Eternity (honored),Epic,55.83,,Tanaris,Sage's Vow,3,https://tbc.wowhead.com/item=29303,,32,23,,22
,8,Ring of Endless Coils,Ring of Endless Coils,Epic,54.16,,Serpentshrine Cavern,Lady Vashj,2,https://tbc.wowhead.com/item=30109,,37,,,22
,9,Band of Eternity (friendly),Band of Eternity (friendly),Epic,51.76,,Tanaris,Sage's Pledge,2,https://tbc.wowhead.com/item=29302,,29,22,,21
,10,Ring of Recurrence,Ring of Recurrence,Epic,51.17,,Karazhan,Chess Event,1,https://tbc.wowhead.com/item=28753,,32,15,,19
,11,Corruptor's Signet,Corruptor's Signet,Epic,48.96,,Blade's Edge Mountains,Shartuul,3,https://tbc.wowhead.com/item=32941,,33,12,,16
,12,Violet Signet of the Archmage,Violet Signet of the Archmage,Epic,48.93,,Deadwind Pass,Eminence Among the Violet Eye,1,https://tbc.wowhead.com/item=29287,,29,23,,17
,13,Violet Signet,Violet Signet,Epic,47.64,,Deadwind Pass,Distinguished Service,1,https://tbc.wowhead.com/item=29286,,28,22,,17
,14,Band of Dominion,Band of Dominion,Rare,44.38,,,,1,https://tbc.wowhead.com/item=31290,,28,,,21
,15,Violet Signet,Violet Signet,Epic,43.79,,Deadwind Pass,Down the Violet Path,1,https://tbc.wowhead.com/item=29285,,26,21,,15
,,Legs,,,,,,,,,,sp,int,hit,crit,haste,socket
,1,Leggings of Channeled Elements,Leggings of Channeled Elements,Epic,124.12,118.00,Hyjal Summit,Kaz'rogal,3,https://tbc.wowhead.com/item=30916,,59,28,18,34,,Yellow,Yellow,Blue
,2,Skyshatter Legguards,Skyshatter Legguards,Epic,114.71,107.91,Black Temple,Illidari Council,3,https://tbc.wowhead.com/item=31020,,62,42,20,29,,Yellow
,3,Leggings of the Seventh Circle,Leggings of the Seventh Circle,Epic,113.36,107.24,Hellfire Peninsula,Doom Lord Kazzak,1,https://tbc.wowhead.com/item=30734,,50,22,18,25,,Red,Yellow,Yellow
,4,Leggings of Devastation,Leggings of Devastation,Epic,105.38,96.54,Black Temple,Mother Shahraz,3,https://tbc.wowhead.com/item=32367,,60,42,26,,,Yellow,Yellow,Blue
,5,Spellstrike Pants,Spellstrike Pants,Epic,102.76,95.28,Tailoring,Crafted,1,https://tbc.wowhead.com/item=24262,,46,8,22,26,,Blue,Yellow,Red
,6,Cataclysm Leggings,Cataclysm Leggings,Epic,100.50,95.74,Serpentshrine Cavern,Fathom-Lord Karathress,2,https://tbc.wowhead.com/item=30172,,54,46,14,24,,Yellow
,7,Tempest Leggings,Tempest Leggings,Rare,92.59,,Provisioner Nasela,,1,https://tbc.wowhead.com/item=29141,,44,11,,18,,Red,Yellow,Yellow
,8,Kurenai Kilt,Kurenai Kilt,Rare,92.59,,Trader Narasu,,1,https://tbc.wowhead.com/item=29142,,44,11,,18,,Red,Yellow,Yellow
,9,Stormsong Kilt,Stormsong Kilt,Epic,90.66,,Underbog,The Black Stalker,1,https://tbc.wowhead.com/item=30541,,35,30,,26,,Red,Yellow,Blue
,10,Vengeful Gladiator's Mail Leggings,Vengeful Gladiator's Mail Leggings,Epic,86.36,,Season 3,PvP,3,https://tbc.wowhead.com/item=33714,,53,33,,29
,11,Breeches of the Occultist,Breeches of the Occultist,Epic,84.68,,Black Morass,Aeonus,1,https://tbc.wowhead.com/item=30531,,36,22,,23,,Blue,Yellow,Yellow
,12,Trousers of the Astromancer,Trousers of the Astromancer,Epic,84.12,,Tempest Keep,High Astromancer Solarian,2,https://tbc.wowhead.com/item=29972,,54,36,,,,Blue,Yellow,Blue
,13,Haramad's Leggings of the Third Coin,Haramad's Leggings of the Third Coin,Rare,79.25,,,Undercutting the Competition,1,https://tbc.wowhead.com/item=29343,,27,29,,16,,Yellow,Yellow,Red
,14,Merciless Gladiator's Mail Leggings,Merciless Gladiator's Mail Leggings,Epic,77.95,,Season 2,PvP,2,https://tbc.wowhead.com/item=32012,,49,29,,25
,15,Moonchild Leggings,Moonchild Leggings,Rare,76.54,,Blood Furnace,Broggok,1,https://tbc.wowhead.com/item=27492,,23,20,,21,,Red,Yellow,Yellow
,,Feet,,,,,,,,,,sp,int,hit,crit,haste,socket
,1,Slippers of the Seacaller,Slippers of the Seacaller,Epic,86.52,,Black Temple,High Warlord Naj'entus,3,https://tbc.wowhead.com/item=32239,,44,18,,29,,Yellow,Blue
,2,Boots of Oceanic Fury,Boots of Oceanic Fury,Epic,85.72,,Black Temple,High Warlord Naj'entus,3,https://tbc.wowhead.com/item=32242,,55,36,,26
,3,Naturewarden's Treads,Naturewarden's Treads,Epic,85.09,,Black Temple,Devourer of Souls,3,https://tbc.wowhead.com/item=32352,,44,18,,26,,Yellow,Blue
,4,Glider's Foot-Wraps of Wrath,Glider's Foot-Wraps of Wrath,Epic,79.00,,Karazhan,Shadikith the Glider,1,https://tbc.wowhead.com/item=30680/gliders-foot-wraps,,79
,5,Velvet Boots of the Guardian,Velvet Boots of the Guardian,Epic,73.81,,Serpentshrine Cavern,The Lurker Below,2,https://tbc.wowhead.com/item=30067,,49,21,,24
,6,Boots of Blasting,Boots of Blasting,Epic,71.87,65.75,Tailoring,Crafted,2,https://tbc.wowhead.com/item=30037,,39,25,18,25
,7,Blue Suede Shoes,Blue Suede Shoes,Epic,71.40,65.28,Hyjal Summit,Kaz'rogal,3,https://tbc.wowhead.com/item=30894,,56,32,18
,8,Boots of Foretelling,Boots of Foretelling,Epic,69.17,,Karazhan,Maiden of Virtue,1,https://tbc.wowhead.com/item=28517,,26,23,,19,,Red,Yellow
,9,Hurricane Boots,Hurricane Boots,Epic,67.60,,Leatherworking,Crafted,2,https://tbc.wowhead.com/item=30043,,39,26,,26
,10,Vindicator's Mail Sabatons,Vindicator's Mail Sabatons,Epic,66.32,,Season 3,PvP,3,https://tbc.wowhead.com/item=33899,,35,30,,29
,11,Glider's Foot-Wraps of the Invoker,Glider's Foot-Wraps of the Invoker,Epic,65.03,,Karazhan,Shadikith the Glider,1,https://tbc.wowhead.com/item=30680/gliders-foot-wraps,,34,29,,29
,12,Veteran's Silk Footguards,Veteran's Silk Footguards,Epic,60.89,,Season 2,PvP,2,https://tbc.wowhead.com/item=32795,,32,27,,27
,13,Sigil-Laced Boots,Sigil-Laced Boots,Rare,60.16,,Arcatraz,Harbinger Skyriss,1,https://tbc.wowhead.com/item=28406,,20,18,,17,,Red,Yellow
,14,Veteran's Mail Sabatons,Veteran's Mail Sabatons,Epic,60.11,,Season 2,PvP,2,https://tbc.wowhead.com/item=32792,,32,27,,26
,15,Shalassi Oracle's Sandals,Shalassi Oracle's Sandals,Rare,57.47,,,Rescue Deirom!,1,https://tbc.wowhead.com/item=25970,,18,21,,15,,Red,Yellow
,,Trinket,,,,,,,,,,sp,int,hit,crit,haste,socket
,1,The Skull of Gul'dan,The Skull of Gul'dan,Epic,98.30,89.80,Black Temple,Illidan Stormrage,3,https://tbc.wowhead.com/item=32483,,55,,25,,29
,2,Sextant of Unstable Currents,Sextant of Unstable Currents,Epic,90.20,,Serpentshrine Cavern,Fathom-Lord Karathress,2,https://tbc.wowhead.com/item=30626,,59,,,40
,3,Mark of the Champion (undead/demon),Mark of the Champion (undead/demon),Epic,85.00,,Naxxramas,The Fall of Kel'Thuzad,1,https://tbc.wowhead.com/item=23207,,85
,4,Quagmirran's Eye,Quagmirran's Eye,Rare,85.00,,Slave Pens,Quagmirran,1,https://tbc.wowhead.com/item=27683,,37,,,,40
,5,Darkmoon Card: Crusade,Darkmoon Card: Crusade,Epic,80.00,,Darkmoon Faire,,2,https://tbc.wowhead.com/item=31856,,80
,6,Eye of Magtheridon,Eye of Magtheridon,Epic,71.00,,Magtheridon's Lair,Magtheridon,1,https://tbc.wowhead.com/item=28789,,71
,7,Icon of the Silver Crescent,Icon of the Silver Crescent,Epic,69.00,,Badge of Justice,G'eras,1,https://tbc.wowhead.com/item=29370,,69
,8,Dark Iron Smoking Pipe,Dark Iron Smoking Pipe,Epic,68.83,,,,3,https://tbc.wowhead.com/item=38290,,68.83333333
,9,Shiffar's Nexus-Horn,Shiffar's Nexus-Horn,Rare,64.40,,Arcatraz,Harbinger Skyriss,1,https://tbc.wowhead.com/item=28418,,41,,,30
,10,The Restrained Essence of Sapphiron,The Restrained Essence of Sapphiron,Epic,62.00,,Naxxramas,Sapphiron,0,https://tbc.wowhead.com/item=23046,,62
,11,Xi'ri's Gift,Xi'ri's Gift,Rare,49.96,,The Sha'tar,Revered,1,https://tbc.wowhead.com/item=29179,,25,,,32
,12,Neltharion's Tear,Neltharion's Tear,Epic,49.44,44.00,Classic,,0,https://tbc.wowhead.com/item=19379,,44,,16
,13,Ancient Crystal Talisman,Ancient Crystal Talisman,Uncommon,43.00,,Seer Janidi,A Spirit Ally?,1,https://tbc.wowhead.com/item=25620,,43
,14,Vengeance of the Illidari,Vengeance of the Illidari,Rare,40.28,,,Cruel's Intentions,1,https://tbc.wowhead.com/item=28040,,20,,,26
,15,Arcanist's Stone,Arcanist's Stone,Rare,37.50,29.00,Old Hillsbrad Foothills,Epoch Hunter,1,https://tbc.wowhead.com/item=28223,,29,,25
,,One Hand,,,,,,,,,,sp,int,hit,crit,haste,socket
,1,The Maelstrom's Fury,The Maelstrom's Fury,Epic,259.25,,Black Temple,High Warlord Naj'entus,3,https://tbc.wowhead.com/item=32237,,236,21,,22
,2,Vengeful Gladiator's Gavel,Vengeful Gladiator's Gavel,Epic,258.58,252.80,Season 3,PvP,3,https://tbc.wowhead.com/item=33687,,247,20,17
,3,Vengeful Gladiator's Spellblade,Vengeful Gladiator's Spellblade,Epic,258.58,252.80,Season 3,PvP,3,https://tbc.wowhead.com/item=33763,,247,20,17
,4,Hammer of Judgement,Hammer of Judgement,Epic,249.86,242.38,Hyjal Summit,Trash,3,https://tbc.wowhead.com/item=34009,,236,22,22
,5,Merciless Gladiator's Spellblade,Merciless Gladiator's Spellblade,Epic,235.32,230.22,Season 2,PvP,2,https://tbc.wowhead.com/item=32053,,225,18,15
,6,Merciless Gladiator's Gavel,Merciless Gladiator's Gavel,Epic,235.32,230.22,Season 2,PvP,2,https://tbc.wowhead.com/item=32963,,225,18,15
,7,Talon of the Tempest,Talon of the Tempest,Epic,234.14,231.08,Shadowmoon Valley,Doomwalker,1,https://tbc.wowhead.com/item=30723,,194,10,9,19,,Yellow,Yellow
,8,Nathrezim Mindblade,Nathrezim Mindblade,Epic,226.16,,Karazhan,Prince Malchezaar,1,https://tbc.wowhead.com/item=28770,,203,18,,23
,9,Gladiator's Spellblade,Gladiator's Spellblade,Epic,204.22,,Season 1,PvP,1,https://tbc.wowhead.com/item=28297,,199,18
,10,Gladiator's Gavel,Gladiator's Gavel,Epic,204.22,,Season 1,PvP,1,https://tbc.wowhead.com/item=32450,,199,18
,11,Illidari-Bane Mageblade (Demon),Illidari-Bane Mageblade (Demon),Rare,203.79,,Shadowmoon Valley,Quenching the Blade,1,https://tbc.wowhead.com/item=30787,,185,11,,20
,12,Eternium Runed Blade,Eternium Runed Blade,Epic,189.89,,Blacksmithing,Crafted,1,https://tbc.wowhead.com/item=23554,,168,19,,21
,13,Gavel of Unearthed Secrets,Gavel of Unearthed Secrets,Epic,175.34,,Lower City,Exalted,1,https://tbc.wowhead.com/item=30832,,159,16,,15
,14,Runesong Dagger,Runesong Dagger,Rare,139.79,,Shattered Halls,Warbringer O'mrogg,1,https://tbc.wowhead.com/item=27868,,121,11,,20
,15,Bleeding Hollow Warhammer,Bleeding Hollow Warhammer,Rare,138.41,,Slave Pens,Quagmirran,1,https://tbc.wowhead.com/item=27741,,121,17,,16
,,Off Hand,,,,,,,,,,sp,int,hit,crit,haste,socket
,1,Chronicle of Dark Secrets,Chronicle of Dark Secrets,Epic,69.20,63.42,Hyjal Summit,Rage Winterchill,3,https://tbc.wowhead.com/item=30872,,42,12,17,23
,2,Antonidas's Aegis of Rapt Concentration,Antonidas's Aegis of Rapt Concentration,Epic,63.40,,Hyjal Summit,Archimonde,3,https://tbc.wowhead.com/item=30909,,42,20,,20
,3,Fathomstone,Fathomstone,Epic,57.42,,Serpentshrine Cavern,Hydross the Unstable,2,https://tbc.wowhead.com/item=30049,,36,12,,23
,4,Blind-Seers Icon,Blind-Seers Icon,Epic,54.80,46.64,Black Temple,Shade of Akama,3,https://tbc.wowhead.com/item=32361,,42,16,24
,5,Khadgar's Knapsack,Khadgar's Knapsack,Epic,49.00,,Badge of Justice,Weapons Vendor,1,https://tbc.wowhead.com/item=29273,,49
,6,Talisman of Nightbane,Talisman of Nightbane,Epic,46.77,,Karazhan,Nightbane,1,https://tbc.wowhead.com/item=28603,,28,19,,17
,7,Draenei Crystal Rod of Wrath,Draenei Crystal Rod of Wrath,Uncommon,45.00,,,World Drop,1,https://tbc.wowhead.com/item=25099,,45
,8,Karrog's Shard,Karrog's Shard,Rare,44.36,,,,1,https://tbc.wowhead.com/item=32533,,35,,,12
,9,Mazthoril Honor Shield,Mazthoril Honor Shield,Epic,44.31,,Badge of Justice,G'eras,1,https://tbc.wowhead.com/item=29268,,23,17,,21
,10,Illidari Runeshield,Illidari Runeshield,Epic,41.83,,Black Temple,Trash,3,https://tbc.wowhead.com/item=34011,,34,27
,11,Karaborian Talisman,Karaborian Talisman,Epic,41.67,,Magtheridon's Lair,Magtheridon,1,https://tbc.wowhead.com/item=28781,,35,23
,12,Manual of the Nethermancer,Manual of the Nethermancer,Rare,40.17,,Mechanar,Nethermancer Sepethrea,1,https://tbc.wowhead.com/item=28260,,21,15,,19
,13,Draenei Honor Guard Shield,Draenei Honor Guard Shield,Rare,40.02,,,,1,https://tbc.wowhead.com/item=31287,,19,16,,21
,14,Lamp of Peaceful Radiance,Lamp of Peaceful Radiance,Rare,39.28,35.20,Arcatraz,Harbinger Skyriss,1,https://tbc.wowhead.com/item=28412,,21,14,12,13
,15,Sapphiron's Left Eye,Sapphiron's Left Eye,Epic,39.24,,Naxxramas,Sapphiron,1,https://tbc.wowhead.com/item=23049,,26,8,,14
,,Two Hand,,,,,,,,,,sp,int,hit,crit,haste,socket
,1,"Zhar'doom, Greatstaff of the Devourer","Zhar'doom, Greatstaff of the Devourer",Epic,366.71,,Black Temple,Illidan Stormrage,3,https://tbc.wowhead.com/item=32374,,259,47,,36,55
,2,Vengeful Gladiator's Battle Staff,Vengeful Gladiator's Battle Staff,Epic,305.74,296.22,Season 3,PvP,3,https://tbc.wowhead.com/item=34540,,247,46,28,46
,3,Vengeful Gladiator's War Staff,Vengeful Gladiator's War Staff,Epic,296.22,296.22,Season 3,PvP,3,https://tbc.wowhead.com/item=33766,,247,46,0,46
,4,The Nexus Key,The Nexus Key,Epic,290.86,,Tempest Keep,Kael'thas Sunstrider,2,https://tbc.wowhead.com/item=29988,,236,52,,51
,5,Merciless Gladiator's War Staff,Merciless Gladiator's War Staff,Epic,278.10,269.94,Season 2,PvP,2,https://tbc.wowhead.com/item=32055,,225,42,24,42
,6,Gladiator's War Staff,Gladiator's War Staff,Epic,244.37,237.23,Season 1,PvP,1,https://tbc.wowhead.com/item=24557,,199,35,21,36
,7,Frostscythe of Lord Ahune,Frostscythe of Lord Ahune,Epic,211.89,,Slave Pens,Ahune,3,https://tbc.wowhead.com/item=35514,,176,35,,33
,8,Terokk's Shadowstaff,Terokk's Shadowstaff,Epic,209.04,,Sethekk Halls,Talon King Ikiss,1,https://tbc.wowhead.com/item=29355,,168,42,,37
,9,Staff of Infinite Mysteries,Staff of Infinite Mysteries,Epic,207.61,199.79,Karazhan,The Curator,1,https://tbc.wowhead.com/item=28633,,185,51,23
,10,Hammer of Righteous Might,Hammer of Righteous Might,Epic,180.68,,Blacksmithing,Crafted,1,https://tbc.wowhead.com/item=32854,,168,37
,11,The Bringer of Death,The Bringer of Death,Rare,162.75,,,,1,https://tbc.wowhead.com/item=31308,,121,31,,42
,12,Auchenai Staff,Auchenai Staff,Rare,161.08,154.62,Quartermaster Endarin,,1,https://tbc.wowhead.com/item=29130,,121,46,19,26
,13,High Warlord's War Staff,High Warlord's War Staff,Rare,159.90,153.10,,PvP,1,https://tbc.wowhead.com/item=28935,,121,30,20,30
,14,Grand Marshal's War Staff,Grand Marshal's War Staff,Rare,159.90,153.10,,PvP,1,https://tbc.wowhead.com/item=28959,,121,30,20,30
,15,Warpstaff of Arcanum,Warpstaff of Arcanum,Rare,157.74,152.30,Botanica,Warp Splinter,1,https://tbc.wowhead.com/item=28341,,121,38,16,26
