Enhancement Phase 3,,,Value Credit: NIJannon's Shaman https://docs.google.com/spreadsheets/d/1uD7an1IgVpt0Z5efdCQbXTA8956jvTCmgijiWqcHLPk/edit#gid=1826091692
,,Item,,,EPV,If Hit  Capped,Location,Phase,,,Stats
,,Head,,,,,,,,,,ap,str,agi,hit,crit,haste,arp,exp,socket
,1,Cursed Vision of Sargeras,Cursed Vision of Sargeras,Epic,351.56,316.20,Black Temple,Illidan Stormrage,3,https://tbc.wowhead.com/item=32235,,108,,39,21,38,,,,Meta,Yellow
,2,Forest Prowler's Helm,Forest Prowler's Helm,Epic,291.23,,Black Temple,High Nethermancer Zerevor,3,https://tbc.wowhead.com/item=32376,,100,,42,,20,,,,Red,Meta
,3,Skyshatter Cover,Skyshatter Cover,Epic,289.76,256.08,Hyjal Summit,Archimonde,3,https://tbc.wowhead.com/item=31015,,,53,,20,28,,,,Meta,Yellow
,4,Cataclysm Helm,Cataclysm Helm,Epic,269.24,233.88,Serpentshrine Cavern,Lady Vashj,2,https://tbc.wowhead.com/item=30190,,,41,32,21,,,,,Meta,Yellow
,5,Surestrike Goggles v2.0,Surestrike Goggles v2.0,Epic,265.93,244.04,Engineering,Crafted,2,https://tbc.wowhead.com/item=32474,,96,,,13,38,,,,Meta,Blue
,6,Vengeful Gladiator's Linked Helm,Vengeful Gladiator's Linked Helm,Epic,264.63,244.43,Season 3,PvP,3,https://tbc.wowhead.com/item=33708,,,34,,12,33,,84,,Meta,Red
,7,Mask of the Deceiver,Mask of the Deceiver,Epic,232.44,205.49,Badge of Justice,G'eras,1,https://tbc.wowhead.com/item=32087,,64,,32,16,,,,,Yellow,Meta
,8,Merciless Gladiator's Linked Helm,Merciless Gladiator's Linked Helm,Epic,221.15,,Season 2,PvP,2,https://tbc.wowhead.com/item=32006,,,37,,,28,,,,Meta,Red
,9,Helm of the Claw,Helm of the Claw,Rare,220.95,197.37,Zangarmarsh,The Warlord's Hideout,1,https://tbc.wowhead.com/item=28182,,66,,25,14,,,,,Yellow,Meta
,10,Cyclone Helm,Cyclone Helm,Epic,218.87,,Karazhan,Prince Malchezaar,1,https://tbc.wowhead.com/item=29040,,,36,27,,,,,,Meta,Red
,11,Gladiator's Linked Helm,Gladiator's Linked Helm,Epic,211.57,,Season 1,PvP,1,https://tbc.wowhead.com/item=25998,,,34,,,26,,,,Meta,Red
,12,Wastewalker Helm,Wastewalker Helm,Rare,210.53,180.22,Old Hillsbrad Foothills,Epoch Hunter,1,https://tbc.wowhead.com/item=28224,,56,,,18,22,,,,Blue,Meta
,13,Malefic Mask of the Shadows,Malefic Mask of the Shadows,Epic,198.74,146.54,Gruul's Lair,High King Maulgar,1,https://tbc.wowhead.com/item=28796,,84,,,31,42
,14,Cowl of Beastly Rage,Cowl of Beastly Rage,Epic,198.52,,Badge of Justice,G'eras,1,https://tbc.wowhead.com/item=32088,,,29,26,,,,,,Yellow,Meta
,15,Helm of Assassination,Helm of Assassination,Rare,198.45,,Arcatraz,Harbinger Skyriss,1,https://tbc.wowhead.com/item=28414,,66,,,,25,,,,Yellow,Meta
,,Neck,,,,,,,,,,ap,str,agi,hit,crit,haste,arp,exp,socket
,1,Choker of Endless Nightmares,Choker of Endless Nightmares,Epic,147.57,112.20,Black Temple,Supremus,3,https://tbc.wowhead.com/item=32260,,72,,,21,27
,2,Braided Eternium Chain (GROUP BUFF),Braided Eternium Chain (GROUP BUFF),Rare,117.06,81.69,Jewelcrafting,Crafted,1,https://tbc.wowhead.com/item=24114,,40,,,21,28
,3,Choker of Serrated Blades,Choker of Serrated Blades,Epic,116.73,,Hyjal Summit,Trash,3,https://tbc.wowhead.com/item=32591,,70,,,,,,175
,4,Telonicus's Pendant of Mayhem,Telonicus's Pendant of Mayhem,Epic,109.04,,Tempest Keep,Kael'thas and the Verdant Sphere,2,https://tbc.wowhead.com/item=30017,,70,,27
,5,Pendant of the Perilous,Pendant of the Perilous,Epic,104.65,,Serpentshrine Cavern,Trash,2,https://tbc.wowhead.com/item=30022,,,32,,,23
,6,Choker of Vile Intent,Choker of Vile Intent,Epic,101.23,70.92,Badge of Justice,G'eras,1,https://tbc.wowhead.com/item=29381,,42,,20,18
,7,Amulet of Bitter Hatred,Amulet of Bitter Hatred,Epic,101.23,70.92,Slave Pens,Ahune,3,https://tbc.wowhead.com/item=35507,,42,,20,18
,8,Worgen Claw Necklace,Worgen Claw Necklace,Epic,99.55,70.92,Karazhan,Attumen the Huntsman,1,https://tbc.wowhead.com/item=28509,,42,,20,17
,9,Choker of Animalistic Fury,Choker of Animalistic Fury,Epic,98.25,,Serpentshrine Cavern,The Lurker Below,2,https://tbc.wowhead.com/item=30059,,64,,,,23
,10,Vindicator's Pendant of Triumph,Vindicator's Pendant of Triumph,Epic,97.52,,Season 3,PvP,3,https://tbc.wowhead.com/item=33923,,50,,,,22,,,,Yellow
,11,Necklace of Trophies,Necklace of Trophies,Rare,93.67,70.09,,World Drop,1,https://tbc.wowhead.com/item=31275,,,22,15,14
,12,Mithril Chain of Heroism,Mithril Chain of Heroism,Epic,93.41,,Karazhan,Chess Event,1,https://tbc.wowhead.com/item=28745,,,28,22
,13,Haramad's Bargain,Haramad's Bargain,Epic,93.35,,The Consortium,Exalted,1,https://tbc.wowhead.com/item=29119,,,26,25
,14,Natasha's Choker,Natasha's Choker,Rare,89.18,72.34,Blade's Edge Mountains,The Hound-Master,1,https://tbc.wowhead.com/item=31695,,50,,,10,15
,15,Bone Chain Necklace,Bone Chain Necklace,Rare,85.37,63.47,Underbog,The Black Stalker,1,https://tbc.wowhead.com/item=27779,,36,,19,13
,,Shoulders,,,,,,,,,,ap,str,agi,hit,crit,haste,arp,exp,socket
,1,Swiftstrike Shoulders,Swiftstrike Shoulders,Epic,186.01,,Leatherworking,Crafted,3,https://tbc.wowhead.com/item=32581,,74,,29,,,38
,2,Shoulders of Lightning Reflexes,Shoulders of Lightning Reflexes,Epic,183.27,,Leatherworking,Crafted,3,https://tbc.wowhead.com/item=32575,,74,,27,,,37
,3,Mantle of Darkness,Mantle of Darkness,Epic,180.19,143.14,Black Temple,High Warlord Naj'entus,3,https://tbc.wowhead.com/item=32377,,94,,,22,33
,4,Shoulderpads of the Stranger,Shoulderpads of the Stranger,Epic,177.84,,Serpentshrine Cavern,Hydross the Unstable,2,https://tbc.wowhead.com/item=30055,,60,,33,,16,,,10,Red
,5,Shoulders of the Hidden Predator,Shoulders of the Hidden Predator,Epic,169.66,,Black Temple,Shade of Akama,3,https://tbc.wowhead.com/item=32264,,76,,38,,26
,6,Skyshatter Pauldrons,Skyshatter Pauldrons,Epic,163.36,144.84,Black Temple,Mother Shahraz,3,https://tbc.wowhead.com/item=31024,,,34,,11,26,,,,Yellow,Yellow
,7,Razorfury Mantle,Razorfury Mantle,Epic,150.74,,Hyjal Summit,Kaz'rogal,3,https://tbc.wowhead.com/item=30917,,76,,28,,23
,8,Mantle of the Tireless Tracker,Mantle of the Tireless Tracker,Epic,147.13,,Serpentshrine Cavern,Morogrim Tidewalker,2,https://tbc.wowhead.com/item=30085,,64,,22,,33
,9,Cyclone Shoulderplates,Cyclone Shoulderplates,Epic,140.87,117.30,Gruul's Lair,High King Maulgar,1,https://tbc.wowhead.com/item=29043,,,26,18,14,,,,,Red,Yellow
,10,Bladed Shoulderpads of the Merciless,Bladed Shoulderpads of the Merciless,Epic,140.68,118.79,Karazhan,Chess Event,1,https://tbc.wowhead.com/item=28755,,58,,,13,21,,,,Yellow,Yellow
,11,Beast-tamer's Shoulders,Beast-tamer's Shoulders,Epic,134.39,,Hyjal Summit,Kaz'rogal,3,https://tbc.wowhead.com/item=30892,,78,,39
,12,Mantle of Perenolde,Mantle of Perenolde,Rare,128.18,89.45,Old Hillsbrad Foothills,Epoch Hunter,1,https://tbc.wowhead.com/item=27434,,20,,,23,23,,,,Red,Red
,13,Vengeful Gladiator's Linked Spaulders,Vengeful Gladiator's Linked Spaulders,Epic,127.56,,Season 3,PvP,3,https://tbc.wowhead.com/item=33710,,,25,,,27,,,,Red,Yellow
,14,Expedition Scout's Epaulets,Expedition Scout's Epaulets,Rare,126.57,86.15,,Fel Embers,1,https://tbc.wowhead.com/item=25790,,50,,25,24
,15,Cataclysm Shoulderplates,Cataclysm Shoulderplates,Epic,126.51,,Tempest Keep,Void Reaver,2,https://tbc.wowhead.com/item=30194,,,30,,,22,,,,Blue,Yellow
,,Back,,,,,,,,,,ap,str,agi,hit,crit,haste,arp,exp,socket
,1,Shadowmoon Destroyer's Drape,Shadowmoon Destroyer's Drape,Epic,136.36,107.74,Black Temple,Teron Gorefiend,3,https://tbc.wowhead.com/item=32323,,72,,,17,24
,2,Thalassian Wildercloak,Thalassian Wildercloak,Epic,108.49,,Tempest Keep,Kael'thas Sunstrider,2,https://tbc.wowhead.com/item=29994,,68,,28
,3,Razor-Scale Battlecloak,Razor-Scale Battlecloak,Epic,105.86,,Serpentshrine Cavern,Morogrim Tidewalker,2,https://tbc.wowhead.com/item=30098,,,33,23
,4,Black-Iron Battlecloak,Black-Iron Battlecloak,Epic,104.67,,Shadowmoon Valley,Doomwalker,1,https://tbc.wowhead.com/item=30729,,60,,,,30
,5,Vengeance Wrap,Vengeance Wrap,Epic,103.85,,Tailoring,Crafted,1,https://tbc.wowhead.com/item=24259,,52,,,,23,,,,Red
,6,Cloak of Darkness (melee),Cloak of Darkness (melee),Epic,97.34,,Tailoring,Crafted,3,https://tbc.wowhead.com/item=33122,,,23,,,24,,,,Blue
,7,Drape of the Dark Reavers,Drape of the Dark Reavers,Epic,97.33,68.70,Karazhan,Shade of Aran,1,https://tbc.wowhead.com/item=28672,,34,,24,17
,8,Cloak of the Pit Stalker,Cloak of the Pit Stalker,Epic,91.74,,Magtheridon's Lair,Magtheridon,1,https://tbc.wowhead.com/item=28777,,56,,,,24
,9,Auchenai Death Shroud,Auchenai Death Shroud,Rare,86.32,57.69,Auchenai Crypts,Avatar of the Martyred,1,https://tbc.wowhead.com/item=27878,,36,,15,17
,10,Royal Cloak of Arathi Kings,Royal Cloak of Arathi Kings,Epic,84.14,57.20,Karazhan,Moroes,1,https://tbc.wowhead.com/item=28529,,,26,,16
,11,Cloak of the Inciter,Cloak of the Inciter,Rare,83.75,56.80,Shadow Labyrinth,Blackheart the Inciter,1,https://tbc.wowhead.com/item=27892,,30,,,16,18
,12,Blood Knight War Cloak,Blood Knight War Cloak,Epic,81.26,,Badge of Justice,G'eras,1,https://tbc.wowhead.com/item=29382,,48,,23
,13,The Frost Lord's War Cloak,The Frost Lord's War Cloak,Epic,81.26,,Slave Pens,Ahune,3,https://tbc.wowhead.com/item=35495,,48,,23
,14,Terokk's Might,Terokk's Might,Epic,79.14,,Terokkar Forest,Terokk,1,https://tbc.wowhead.com/item=32540,,56,,16
,15,Cloak of the Craft,Cloak of the Craft,Rare,78.04,56.15,,World Drop,1,https://tbc.wowhead.com/item=31255,,20,,25,13
,,Chest,,,,,,,,,,ap,str,agi,hit,crit,haste,arp,exp,socket
,1,Midnight Chestguard,Midnight Chestguard,Epic,266.69,217.85,Hyjal Summit,Archimonde,3,https://tbc.wowhead.com/item=30905,,106,,,29,46,,,,Blue,Red,Yellow
,2,Nether Shadow Tunic,Nether Shadow Tunic,Epic,240.36,181.42,Black Temple,Supremus,3,https://tbc.wowhead.com/item=32252,,86,,36,35,,,,,Red,Yellow,Blue
,3,Bloodsea Brigand's Vest,Bloodsea Brigand's Vest,Epic,231.59,186.12,Serpentshrine Cavern,Fathom-Lord Karathress,2,https://tbc.wowhead.com/item=30101,,92,,,27,36,,,,Yellow,Yellow,Blue
,4,Mail of Fevered Pursuit,Mail of Fevered Pursuit,Epic,222.04,,Hyjal Summit,Archimonde,3,https://tbc.wowhead.com/item=30907,,108,,49,,29
,5,Terrorweave Tunic,Terrorweave Tunic,Epic,215.71,180.35,Shadowmoon Valley,Doomwalker,1,https://tbc.wowhead.com/item=30730,,96,,,21,25,,,,Red,Yellow,Yellow
,6,Cataclysm Chestplate,Cataclysm Chestplate,Epic,214.49,182.49,Tempest Keep,Kael'thas Sunstrider,2,https://tbc.wowhead.com/item=30185,,,41,32,19,,,,,Red,Blue,Yellow
,7,Skyshatter Tunic,Skyshatter Tunic,Epic,209.37,184.11,Black Temple,Illidan Stormrage,3,https://tbc.wowhead.com/item=31018,,,46,,15,27,,,,Blue,Yellow,Yellow
,8,Ranger-General's Chestguard,Ranger-General's Chestguard,Epic,207.11,,Serpentshrine Cavern,Hydross the Unstable,2,https://tbc.wowhead.com/item=30054,,88,,36,,14,,,,Blue,Red,Yellow
,9,Vest of Mounting Assault,Vest of Mounting Assault,Epic,201.58,,Black Temple,Gurtogg Bloodboil,3,https://tbc.wowhead.com/item=32334,,116,,58
,10,Vengeful Gladiator's Linked Armor,Vengeful Gladiator's Linked Armor,Epic,196.67,176.46,Season 3,PvP,3,https://tbc.wowhead.com/item=33706,,,27,,12,30,,84,,Red,Red,Yellow
,11,Shadowprowler's Chestguard,Shadowprowler's Chestguard,Epic,185.07,171.60,Leatherworking,Crafted,3,https://tbc.wowhead.com/item=33204,,,32,40,8,,,,,Red,Blue,Yellow
,12,Primalstrike Vest,Primalstrike Vest,Epic,183.16,162.95,Leatherworking,Crafted,1,https://tbc.wowhead.com/item=29525,,108,,38,12
,13,Chestguard of the Conniver,Chestguard of the Conniver,Epic,180.55,143.50,Karazhan,Nightbane,1,https://tbc.wowhead.com/item=28601,,90,,37,22
,14,Ebon Netherscale Breastplate,Ebon Netherscale Breastplate,Epic,165.10,,Leatherworking,Crafted,1,https://tbc.wowhead.com/item=29515,,80,,,,31,,,,Blue,Yellow,Blue
,15,Merciless Gladiator's Linked Armor,Merciless Gladiator's Linked Armor,Epic,162.83,,Season 2,PvP,2,https://tbc.wowhead.com/item=32004,,,31,,,30,,,,Red,Red,Yellow
,,Wrist,,,,,,,,,,ap,str,agi,hit,crit,haste,arp,exp,socket
,1,Bindings of Lightning Reflexes,Bindings of Lightning Reflexes,Epic,137.67,,Leatherworking,Crafted,3,https://tbc.wowhead.com/item=32574,,56,,21,,,27
,2,Deadly Cuffs,Deadly Cuffs,Epic,134.66,114.45,Hyjal Summit,Rage Winterchill,3,https://tbc.wowhead.com/item=30863,,58,,,12,28,,,,Yellow
,3,Insidious Bands,Insidious Bands,Epic,133.46,113.25,Black Temple,Teron Gorefiend,3,https://tbc.wowhead.com/item=32324,,58,,28,12,,,,,Yellow
,4,Swiftstrike Bracers,Swiftstrike Bracers,Epic,128.71,,Leatherworking,Crafted,3,https://tbc.wowhead.com/item=32580,,50,,20,,,27
,5,Wraps of Precise Flight,Wraps of Precise Flight,Epic,114.22,,Black Temple,Supremus,3,https://tbc.wowhead.com/item=32251,,58,,18,,19
,6,Vindicator's Linked Bracers,Vindicator's Linked Bracers,Epic,102.36,,Season 3,PvP,3,https://tbc.wowhead.com/item=33894,,,25,,,21,,,,Yellow
,7,True-Aim Stalker Bands,True-Aim Stalker Bands,Epic,101.64,,Serpentshrine Cavern,Leotheras the Blind,2,https://tbc.wowhead.com/item=30091,,50,,,,24,,,,Yellow
,8,Bands of the Celestial Archer,Bands of the Celestial Archer,Epic,100.18,,Tempest Keep,Trash,2,https://tbc.wowhead.com/item=30026,,48,,17,,17
,9,Ravager's Wrist-Wraps of the Tiger,Ravager's Wrist-Wraps of the Tiger,Epic,98.44,,Karazhan,Rokad the Ravager,1,https://tbc.wowhead.com/item=30685/ravagers-wrist-wraps,,,27,27
,10,Vambraces of Ending,Vambraces of Ending,Epic,97.70,,Tempest Keep,High Astromancer Solarian,2,https://tbc.wowhead.com/item=29966,,52,,24,,,,,,Blue
,11,Bracers of the Pathfinder,Bracers of the Pathfinder,Epic,97.43,,Hyjal Summit,Rage Winterchill,3,https://tbc.wowhead.com/item=30864,,48,,25,,,,,,Blue
,12,Vindicator's Chain Bracers,Vindicator's Chain Bracers,Epic,89.63,,Season 3,PvP,3,https://tbc.wowhead.com/item=33876,,24,,23,,11,,,,Yellow
,13,Veteran's Linked Bracers,Veteran's Linked Bracers,Epic,87.32,,Season 2,PvP,2,https://tbc.wowhead.com/item=32816,,,21,,,17,,,,Yellow
,14,Primalstrike Bracers,Primalstrike Bracers,Epic,85.69,,Leatherworking,Crafted,1,https://tbc.wowhead.com/item=29527,,64,,15
,15,Veteran's Dragonhide Bracers,Veteran's Dragonhide Bracers,Epic,85.43,,Season 2,PvP,2,https://tbc.wowhead.com/item=32810,,,19,18,,,,,,Red
,,Hands,,,,,,,,,,ap,str,agi,hit,crit,haste,arp,exp,socket
,1,Grips of Damnation,Grips of Damnation,Epic,183.27,,Black Temple,Devourer of Souls,3,https://tbc.wowhead.com/item=32347,,76,,27,,,37
,2,Fists of Mukoa,Fists of Mukoa,Epic,181.99,,Black Temple,High Warlord Naj'entus,3,https://tbc.wowhead.com/item=32234,,76,,25,,,37
,3,Gloves of the Searing Grip,Gloves of the Searing Grip,Epic,165.38,,Tempest Keep,Al'ar,2,https://tbc.wowhead.com/item=29947,,66,,33,,,,,18
,4,Skyshatter Grips,Skyshatter Grips,Epic,156.57,134.68,,Tydormu,3,https://tbc.wowhead.com/item=31011,,,39,,13,21,,,,Yellow
,5,Cataclysm Gauntlets,Cataclysm Gauntlets,Epic,154.31,113.89,,,2,https://tbc.wowhead.com/item=30189,,,35,24,24
,6,Grips of Deftness,Grips of Deftness,Epic,144.98,,Karazhan,Trash,1,https://tbc.wowhead.com/item=30644,,60,,29,,,,,15
,7,Windslayer Wraps,Windslayer Wraps,Epic,133.86,105.23,Leatherworking,Crafted,1,https://tbc.wowhead.com/item=29507,,,36,18,17
,8,Windstrike Gloves,Windstrike Gloves,Epic,133.86,105.23,Leatherworking,Crafted,1,https://tbc.wowhead.com/item=29509,,,36,18,17
,9,Fel Leather Gloves,Fel Leather Gloves,Rare,132.72,104.10,Leatherworking,Crafted,1,https://tbc.wowhead.com/item=25685,,36,,,17,24,,,,Yellow,Red
,10,Liar's Tongue Gloves,Liar's Tongue Gloves,Epic,132.71,,Magtheridon's Lair,Magtheridon,1,https://tbc.wowhead.com/item=28776,,72,,,,26,,,,Blue,Blue
,11,Cyclone Gauntlets,Cyclone Gauntlets,Epic,124.04,92.05,,,1,https://tbc.wowhead.com/item=29039,,,27,21,19
,12,Gloves of Dexterous Manipulation,Gloves of Dexterous Manipulation,Epic,121.21,,Karazhan,Attumen the Huntsman,1,https://tbc.wowhead.com/item=28506,,42,,35,,,,,,Red,Blue
,13,Cobrascale Gloves,Cobrascale Gloves,Epic,120.91,87.23,Leatherworking,Crafted,1,https://tbc.wowhead.com/item=29503,,50,,,20,25
,14,Gauntlets of the Dragonslayer,Gauntlets of the Dragonslayer,Epic,120.47,,Gruul's Lair,Gruul the Dragonkiller,1,https://tbc.wowhead.com/item=28827,,48,,24,,,,,,Red,Red
,15,Vengeful Gladiator's Linked Gauntlets,Vengeful Gladiator's Linked Gauntlets,Epic,120.25,,Season 3,PvP,3,https://tbc.wowhead.com/item=33707,,,33,,,32
,,Waist,,,,,,,,,,ap,str,agi,hit,crit,haste,arp,exp,socket
,1,Belt of One-Hundred Deaths,Belt of One-Hundred Deaths,Epic,216.28,,Serpentshrine Cavern,Lady Vashj,2,https://tbc.wowhead.com/item=30106,,74,,29,,,,,25,Red,Blue
,2,Boneweave Girdle,Boneweave Girdle,Epic,197.78,169.15,Black Temple,Devourer of Souls,3,https://tbc.wowhead.com/item=32346,,76,,38,17,24
,3,Shadow-walker's Cord,Shadow-walker's Cord,Epic,183.27,,Black Temple,Shade of Akama,3,https://tbc.wowhead.com/item=32265,,76,,27,,,37
,4,Valestalker Girdle,Valestalker Girdle,Epic,183.14,,Hyjal Summit,Kaz'rogal,3,https://tbc.wowhead.com/item=30919,,76,,27,,,36
,5,Don Alejandro's Money Belt,Don Alejandro's Money Belt,Epic,178.59,,Hyjal Summit,Anetheron,3,https://tbc.wowhead.com/item=30879,,76,,29,,19,,,,Red,Yellow
,6,Belt of Deep Shadow,Belt of Deep Shadow,Epic,164.58,134.27,Leatherworking,Crafted,2,https://tbc.wowhead.com/item=30040,,66,,32,18,,,,,Blue,Blue
,7,Belt of the Black Eagle,Belt of the Black Eagle,Epic,143.84,,Leatherworking,Crafted,2,https://tbc.wowhead.com/item=30046,,66,,17,,17,,,,Blue,Yellow
,8,Gronn-Stitched Girdle,Gronn-Stitched Girdle,Epic,134.99,,Gruul's Lair,Gruul the Dragonkiller,1,https://tbc.wowhead.com/item=28828,,72,,,,25,,,,Blue,Yellow
,9,Lurker's Grasp of the Tiger,Lurker's Grasp of the Tiger,Epic,134.90,,Karazhan,Hyakiss the Lurker,1,https://tbc.wowhead.com/item=30676/lurkers-grasp,,,37,37
,10,Girdle of the Deathdealer,Girdle of the Deathdealer,Epic,130.17,96.49,Black Morass,Aeonus,1,https://tbc.wowhead.com/item=29247,,56,,28,20
,11,Belt of Natural Power,Belt of Natural Power,Epic,129.06,,Leatherworking,Crafted,2,https://tbc.wowhead.com/item=30042,,,29,20,,,,,,Red,Red
,12,Girdle of the Tidal Call,Girdle of the Tidal Call,Epic,128.04,,Serpentshrine Cavern,Morogrim Tidewalker,2,https://tbc.wowhead.com/item=30068,,,35,,,33
,13,Rune-Engraved Belt,Rune-Engraved Belt,Rare,126.57,86.15,,Fel Embers,1,https://tbc.wowhead.com/item=25789,,50,,25,24
,14,Vindicator's Linked Girdle,Vindicator's Linked Girdle,Epic,126.12,,Season 3,PvP,3,https://tbc.wowhead.com/item=33895,,,34,,,33
,15,Girdle of Treachery,Girdle of Treachery,Epic,119.23,,Karazhan,Chess Event,1,https://tbc.wowhead.com/item=28750,,58,,18,,,,,,Red,Red
,,Ring,,,,,,,,,,ap,str,agi,hit,crit,haste,arp,exp,socket
,1,Stormrage Signet Ring,Stormrage Signet Ring,Epic,150.16,99.64,Black Temple,Illidan Stormrage,3,https://tbc.wowhead.com/item=32497,,66,,,30,,,126
,2,Band of the Eternal Champion,Band of the Eternal Champion,Epic,128.93,,Tanaris,Champion's Covenant,3,https://tbc.wowhead.com/item=29301,,87,,29
,3,Band of the Ranger-General,Band of the Ranger-General,Epic,128.00,97.69,Tempest Keep,Kael'thas Sunstrider,2,https://tbc.wowhead.com/item=29997,,56,,,18,28
,4,Unstoppable Aggressor's Ring,Unstoppable Aggressor's Ring,Epic,123.87,,Black Temple,Gurtogg Bloodboil,3,https://tbc.wowhead.com/item=32335,,,36,,,30
,5,Band of Devastation,Band of Devastation,Epic,123.16,,Black Temple,Trash,3,https://tbc.wowhead.com/item=32526,,66,,,,,31
,6,Ring of Deceitful Intent,Ring of Deceitful Intent,Epic,120.36,88.37,Black Temple,Shade of Akama,3,https://tbc.wowhead.com/item=32266,,58,,21,19
,7,Ring of Lethality,Ring of Lethality,Epic,116.70,84.70,Serpentshrine Cavern,Hydross the Unstable,2,https://tbc.wowhead.com/item=30052,,50,,24,19
,8,Ring of Reciprocity,Ring of Reciprocity,Epic,115.55,90.29,Hellfire Peninsula,Doom Lord Kazzak,1,https://tbc.wowhead.com/item=30738,,62,,,15,19
,9,Ring of a Thousand Marks,Ring of a Thousand Marks,Epic,110.24,78.25,Karazhan,Prince Malchezaar,1,https://tbc.wowhead.com/item=28757,,44,,,19,23
,10,Band of Eternity (revered),Band of Eternity (revered),Epic,101.93,,Tanaris,Champion's Oath,3,https://tbc.wowhead.com/item=29300,,60,,29
,11,Shaffar's Band of Brutality,Shaffar's Band of Brutality,Epic,101.78,69.78,Mana-Tombs,Yor,1,https://tbc.wowhead.com/item=31920,,40,,,19,20
,12,Ancestral Ring of Conquest,Ancestral Ring of Conquest,Epic,100.77,,Serpentshrine Cavern,The Lurker Below,2,https://tbc.wowhead.com/item=30061,,,32,21
,13,Ring of the Overseer,Ring of the Overseer,Epic,99.34,79.14,Blade's Edge Mountains,Shartuul,3,https://tbc.wowhead.com/item=32942,,56,,16,12
,14,Garona's Signet Ring,Garona's Signet Ring,Epic,99.23,68.92,Karazhan,The Curator,1,https://tbc.wowhead.com/item=28649,,40,,20,18
,15,Violet Signet of the Master Assassin,Violet Signet of the Master Assassin,Epic,98.10,56.00,Deadwind Pass,Eminence Among the Violet Eye,1,https://tbc.wowhead.com/item=29283,,56,,,25
,,Legs,,,,,,,,,,ap,str,agi,hit,crit,haste,arp,exp,socket
,1,Bow-stitched Leggings,Bow-stitched Leggings,Epic,236.53,,Hyjal Summit,Azgalor,3,https://tbc.wowhead.com/item=30900,,100,,42,,20,,,,Red,Yellow,Blue
,2,Shady Dealer's Pantaloons,Shady Dealer's Pantaloons,Epic,221.03,,Hyjal Summit,Azgalor,3,https://tbc.wowhead.com/item=30898,,102,,50,,,,175
,3,Leggings of Murderous Intent,Leggings of Murderous Intent,Epic,212.16,,Tempest Keep,Kael'thas Sunstrider,2,https://tbc.wowhead.com/item=29995,,92,,45,,37
,4,Scaled Greaves of the Marksman,Scaled Greaves of the Marksman,Epic,209.25,182.30,Hellfire Peninsula,Doom Lord Kazzak,1,https://tbc.wowhead.com/item=30739,,76,,37,16,,,,,Red,Red,Red
,5,Skyshatter Pants,Skyshatter Pants,Epic,208.58,173.22,Black Temple,Illidari Council,3,https://tbc.wowhead.com/item=31021,,,46,,21,39,,,,Blue
,6,Skulker's Greaves,Skulker's Greaves,Epic,203.62,156.47,Karazhan,Netherspite,1,https://tbc.wowhead.com/item=28741,,64,,32,28,,,,,Red,Red,Blue
,7,Cataclysm Legplates,Cataclysm Legplates,Epic,192.38,157.02,Serpentshrine Cavern,Fathom-Lord Karathress,2,https://tbc.wowhead.com/item=30192,,,41,32,21,,,,,Red
,8,Clefthoof Hide Leggings,Clefthoof Hide Leggings,Rare,189.67,161.04,Blade's Edge Mountains,Showdown,1,https://tbc.wowhead.com/item=31544,,,30,30,17,,,,18
,9,Void Reaver Greaves,Void Reaver Greaves,Epic,187.14,,Tempest Keep,Void Reaver,2,https://tbc.wowhead.com/item=29985,,88,,37,,,,,,Red,Yellow,Blue
,10,Vengeful Gladiator's Linked Leggings,Vengeful Gladiator's Linked Leggings,Epic,182.98,162.77,Season 3,PvP,3,https://tbc.wowhead.com/item=33709,,,38,,12,36,,84
,11,Midnight Legguards,Midnight Legguards,Epic,179.03,150.40,Slave Pens,Quagmirran,1,https://tbc.wowhead.com/item=30538,,64,,,17,27,,,,Red,Red,Blue
,12,Fel Leather Leggings,Fel Leather Leggings,Rare,178.45,136.35,Leatherworking,Crafted,1,https://tbc.wowhead.com/item=25687,,52,,,25,25,,,,Red,Yellow,Yellow
,13,Shattrath Leggings,Shattrath Leggings,Rare,176.29,,Netherstorm,Special Delivery to Shattrath City,1,https://tbc.wowhead.com/item=30257,,,35,25,,,,,22
,14,Forestwalker Kilt,Forestwalker Kilt,Epic,152.36,,Mana-Tombs,Nexus-Prince Shaffar,1,https://tbc.wowhead.com/item=30535,,,33,26,,,,,,Red,Blue,Blue
,15,Wastewalker Leggings,Wastewalker Leggings,Rare,151.02,119.03,Mana-Tombs,Nexus-Prince Shaffar,1,https://tbc.wowhead.com/item=27837,,28,,31,19,,,,,Red,Red,Blue
,,Feet,,,,,,,,,,ap,str,agi,hit,crit,haste,arp,exp,socket
,1,Softstep Boots of Tracking,Softstep Boots of Tracking,Epic,185.14,156.51,Black Temple,Teron Gorefiend,3,https://tbc.wowhead.com/item=32510,,76,,27,17,26
,2,Shadowmaster's Boots,Shadowmaster's Boots,Epic,177.05,,Black Temple,Mother Shahraz,3,https://tbc.wowhead.com/item=32366,,76,,30,,17,,,,Red,Yellow
,3,Quickstrider Moccasins,Quickstrider Moccasins,Epic,159.05,133.79,Hyjal Summit,Anetheron,3,https://tbc.wowhead.com/item=30880,,58,,28,15,,,,,Red,Yellow
,4,Black Featherlight Boots,Black Featherlight Boots,Epic,155.26,98.00,Hyjal Summit,Kaz'rogal,3,https://tbc.wowhead.com/item=30891,,98,,,34
,5,Boots of Utter Darkness,Boots of Utter Darkness,Epic,152.38,113.65,Leatherworking,Crafted,2,https://tbc.wowhead.com/item=30039,,66,,,23,32
,6,Cobra-Lash Boots,Cobra-Lash Boots,Epic,144.69,,Serpentshrine Cavern,Lady Vashj,2,https://tbc.wowhead.com/item=30104,,66,,33,,,,,,Blue,Red
,7,Edgewalker Longboots,Edgewalker Longboots,Epic,140.19,118.29,Karazhan,Moroes,1,https://tbc.wowhead.com/item=28545,,44,,29,13,,,,,Red,Yellow
,8,Star-Strider Boots,Star-Strider Boots,Epic,137.43,,Tempest Keep,High Astromancer Solarian,2,https://tbc.wowhead.com/item=29951,,66,,33,,,,,,Blue,Blue
,9,Fel Leather Boots,Fel Leather Boots,Rare,135.77,93.67,Leatherworking,Crafted,1,https://tbc.wowhead.com/item=25686,,36,,,25,17,,,,Yellow,Red
,10,Boots of Natural Grace,Boots of Natural Grace,Epic,135.01,111.43,Leatherworking,Crafted,2,https://tbc.wowhead.com/item=30041,,,33,26,14
,11,Glider's Boots of the Tiger,Glider's Boots of the Tiger,Epic,134.90,,Karazhan,Shadikith the Glider,1,https://tbc.wowhead.com/item=30681/gliders-boots,,,37,37
,12,Treads of the Den Mother,Treads of the Den Mother,Epic,131.20,,Black Temple,Trash,3,https://tbc.wowhead.com/item=32593,,,38,32
,13,Fiend Slayer Boots,Fiend Slayer Boots,Epic,130.34,101.72,Karazhan,Chess Event,1,https://tbc.wowhead.com/item=28746,,34,,26,17,,,,,Red,Blue
,14,Boots of the Crimson Hawk,Boots of the Crimson Hawk,Epic,129.34,,Leatherworking,Crafted,2,https://tbc.wowhead.com/item=30045,,58,,28,,19
,15,Vindicator's Linked Sabatons,Vindicator's Linked Sabatons,Epic,125.41,,Season 3,PvP,3,https://tbc.wowhead.com/item=33896,,,33,,,34
,,Trinket,,,,,,,,,,ap,str,agi,hit,crit,haste,arp,exp,socket
,1,Dragonspine Trophy,Dragonspine Trophy,Epic,279.72,,Gruul's Lair,Gruul the Dragonkiller,1,https://tbc.wowhead.com/item=28830,,40,,,,,130
,2,Madness of the Betrayer,Madness of the Betrayer,Epic,157.73,124.05,Black Temple,High Nethermancer Zerevor,3,https://tbc.wowhead.com/item=32505,,84,,,20,,,150
,3,Darkmoon Card: Crusade,Darkmoon Card: Crusade,Epic,157.12,,Darkmoon Faire,,2,https://tbc.wowhead.com/item=31856,,120
,4,Mark of the Champion (undead/demon),Mark of the Champion (undead/demon),Epic,150.00,,Naxxramas,The Fall of Kel'Thuzad,1,https://tbc.wowhead.com/item=23206,,150
,5,Ashtongue Talisman of Vision,Ashtongue Talisman of Vision,Epic,137.50,,,Okuno,3,https://tbc.wowhead.com/item=32491,,137.5
,6,Tsunami Talisman,Tsunami Talisman,Epic,135.24,118.40,Serpentshrine Cavern,Leotheras the Blind,2,https://tbc.wowhead.com/item=30627,,61.82,,,10,38
,7,Bloodlust Brooch,Bloodlust Brooch,Epic,118.00,,Badge of Justice,G'eras,1,https://tbc.wowhead.com/item=29383,,118
,8,Slayer's Crest,Slayer's Crest,Epic,107.00,,Naxxramas,Sapphiron,0,https://tbc.wowhead.com/item=23041,,107
,9,Abacus of Violent Odds,Abacus of Violent Odds,Rare,103.92,,Mechanar,Pathaleon the Calculator,1,https://tbc.wowhead.com/item=28288,,64,,,,,21.65
,10,Hourglass of the Unraveller,Hourglass of the Unraveller,Rare,97.65,,Black Morass,Temporus,1,https://tbc.wowhead.com/item=28034,,50,,,,32
,11,Drake Fang Talisman,Drake Fang Talisman,Epic,89.68,56.00,Blackwing Lair,Ebonroc,0,https://tbc.wowhead.com/item=19406,,56,,,20
,12,Core of Ar'kelos,Core of Ar'kelos,Uncommon,85.00,,Archmage Vargoth,Ar'kelos the Guardian,1,https://tbc.wowhead.com/item=29776,,85
,13,Kiss of the Spider,Kiss of the Spider,Epic,83.79,66.95,Naxxramas,Maexxna,0,https://tbc.wowhead.com/item=22954,,,,,10,14,25
,14,Icon of Unyielding Courage,Icon of Unyielding Courage,Rare,77.22,26.70,Blood Furnace,Keli'dan the Breaker,1,https://tbc.wowhead.com/item=28121,,,,,30,,,100
,15,Empty Mug of Direbrew,Empty Mug of Direbrew,Epic,72.00,,,,3,https://tbc.wowhead.com/item=38287,,72
,,One Hand,,,,,,,,,,type,dps,spd,ap,str,agi,hit,crit,haste,arp,exp,socket
,1,Swiftsteel Bludgeon,Swiftsteel Bludgeon,Epic,854.38,822.38,Black Temple,Trash,3,https://tbc.wowhead.com/item=32943,,One Hand,Mace,100.3,1.5,40,,,19,,27
,2,Vengeful Gladiator's Right Ripper,Vengeful Gladiator's Right Ripper,Epic,844.87,831.39,Season 3,PvP,3,https://tbc.wowhead.com/item=33737,,Main Hand,Fist,103.1,2.6,34,,,8,21,,49
,3,Vengeful Gladiator's Chopper,Vengeful Gladiator's Chopper,Epic,844.87,831.39,Season 3,PvP,3,https://tbc.wowhead.com/item=34015,,Off Hand,Axe,103.1,2.6,34,,,8,21,,49
,4,Vengeful Gladiator's Left Render,Vengeful Gladiator's Left Render,Epic,844.87,831.39,Season 3,PvP,3,https://tbc.wowhead.com/item=34016,,Off Hand,Fist,103.1,2.6,34,,,8,21,,49
,5,Vengeful Gladiator's Cleaver,Vengeful Gladiator's Cleaver,Epic,844.87,831.39,Season 3,PvP,3,https://tbc.wowhead.com/item=33669,,One Hand,Axe,103.1,2.6,34,,,8,21,,49
,6,Vengeful Gladiator's Pummeler,Vengeful Gladiator's Pummeler,Epic,844.87,831.39,Season 3,PvP,3,https://tbc.wowhead.com/item=33733,,One Hand,Mace,103.1,2.6,34,,,8,21,,49
,7,Vengeful Gladiator's Bonecracker,Vengeful Gladiator's Bonecracker,Epic,844.14,830.66,Season 3,PvP,3,https://tbc.wowhead.com/item=33662,,Off Hand,Mace,103,1.5,34,,,8,21,,49
,8,Vengeful Gladiator's Hacker,Vengeful Gladiator's Hacker,Epic,844.14,830.66,Season 3,PvP,3,https://tbc.wowhead.com/item=33689,,Off Hand,Axe,103,1.5,34,,,8,21,,49
,9,Vengeful Gladiator's Left Ripper,Vengeful Gladiator's Left Ripper,Epic,844.14,830.66,Season 3,PvP,3,https://tbc.wowhead.com/item=33705,,Off Hand,Fist,103,1.5,34,,,8,21,,49
,10,Dragonstrike (melee proc),Dragonstrike (melee proc),Epic,830.15,,Blacksmithing,Crafted,2,https://tbc.wowhead.com/item=28439,,Main Hand,Mace,97.6,2.7,,,,,,63.6
,11,Rising Tide,Rising Tide,Epic,811.22,775.86,Black Temple,High Warlord Naj'entus,3,https://tbc.wowhead.com/item=32236,,One Hand,Axe,100.2,2.6,44,,,21
,12,Talon of the Phoenix,Talon of the Phoenix,Epic,810.39,785.13,Tempest Keep,Al'ar,2,https://tbc.wowhead.com/item=32944,,Main Hand,Fist,96.5,2.7,52,,,15,19
,13,Fist of Molten Fury,Fist of Molten Fury,Epic,799.51,,Hyjal Summit,Trash,3,https://tbc.wowhead.com/item=32945,,Off Hand,Fist,100.3,1.5,38,,20
,14,Claw of Molten Fury,Claw of Molten Fury,Epic,798.78,,Hyjal Summit,Trash,3,https://tbc.wowhead.com/item=32946,,Main Hand,Fist,100.2,2.7,38,,20
,15,Wicked Edge of the Planes,Wicked Edge of the Planes,Epic,795.12,,Blacksmithing,Crafted,2,https://tbc.wowhead.com/item=28433,,Main Hand,Axe,97.6,2.7,48,,,,23
,16,The Brutalizer,The Brutalizer,Epic,792.86,,Black Temple,Supremus,3,https://tbc.wowhead.com/item=32254,,One Hand,Axe,100.3,1.6,,,,,,,,21
,17,Merciless Gladiator's Bonecracker,Merciless Gladiator's Bonecracker,Epic,788.73,771.89,Season 2,PvP,2,https://tbc.wowhead.com/item=31958,,Off Hand,Mace,97.7,1.5,30,,,10,19
,18,Merciless Gladiator's Hacker,Merciless Gladiator's Hacker,Epic,788.73,771.89,Season 2,PvP,2,https://tbc.wowhead.com/item=31985,,Off Hand,Axe,97.7,1.5,30,,,10,19
,19,Merciless Gladiator's Left Ripper,Merciless Gladiator's Left Ripper,Epic,788.73,771.89,Season 2,PvP,2,https://tbc.wowhead.com/item=32003,,Off Hand,Fist,97.7,1.5,30,,,10,19
,20,Merciless Gladiator's Right Ripper,Merciless Gladiator's Right Ripper,Epic,787.27,770.43,Season 2,PvP,2,https://tbc.wowhead.com/item=32028,,Main Hand,Fist,97.5,2.6,30,,,10,19
,21,Merciless Gladiator's Cleaver,Merciless Gladiator's Cleaver,Epic,787.27,770.43,Season 2,PvP,2,https://tbc.wowhead.com/item=31965,,One Hand,Axe,97.5,2.6,30,,,10,19
,22,Merciless Gladiator's Pummeler,Merciless Gladiator's Pummeler,Epic,787.27,770.43,Season 2,PvP,2,https://tbc.wowhead.com/item=32026,,One Hand,Mace,97.5,2.6,30,,,10,19
,23,Rod of the Sun King,Rod of the Sun King,Epic,783.86,,Tempest Keep,Kael'thas Sunstrider,2,https://tbc.wowhead.com/item=29996,,One Hand,Mace,100.2,2.7,52
,24,Dragonmaw (melee proc),Dragonmaw (melee proc),Epic,782.67,,Blacksmithing,Crafted,1,https://tbc.wowhead.com/item=28438,,Main Hand,Mace,91.1,2.7,,,,,,63.6
,25,Syphon of the Nathrezim,Syphon of the Nathrezim,Epic,781.86,,Black Temple,Supremus,3,https://tbc.wowhead.com/item=32262,,One Hand,Mace,100.2,2.8,50
,26,Netherbane,Netherbane,Epic,780.99,,Tempest Keep,Al'ar,2,https://tbc.wowhead.com/item=29924,,One Hand,Axe,96.5,2.6,40,,25
,27,Claw of the Phoenix,Claw of the Phoenix,Epic,776.66,,Tempest Keep,Al'ar,2,https://tbc.wowhead.com/item=29948,,Off Hand,Fist,96.7,1.5,40,,21
,28,Mallet of the Tides,Mallet of the Tides,Epic,747.21,,Serpentshrine Cavern,The Lurker Below,2,https://tbc.wowhead.com/item=30058,,One Hand,Mace,96.8,1.7,,,,,,,,14
,29,Black Planar Edge,Black Planar Edge,Epic,740.66,,Blacksmithing,Crafted,1,https://tbc.wowhead.com/item=28432,,Main Hand,Axe,91.1,2.7,44,,,,21
,30,Drakefist Hammer (melee proc),Drakefist Hammer (melee proc),Epic,733.01,,Blacksmithing,Crafted,1,https://tbc.wowhead.com/item=28437,,Main Hand,Mace,84.3,2.7,,,,,,63.6
,31,Gladiator's Right Ripper,Gladiator's Right Ripper,Epic,732.35,717.19,Season 1,PvP,1,https://tbc.wowhead.com/item=28313,,Main Hand,Fist,91.3,2.6,28,,,9,15
,32,Gladiator's Pummeler,Gladiator's Pummeler,Epic,731.62,716.46,Season 1,PvP,1,https://tbc.wowhead.com/item=28305,,One Hand,Mace,91.2,2.6,28,,,9,15
,33,Gladiator's Cleaver,Gladiator's Cleaver,Epic,731.62,716.46,Season 1,PvP,1,https://tbc.wowhead.com/item=28308,,One Hand,Axe,91.2,2.6,28,,,9,15
,34,Gladiator's Bonecracker,Gladiator's Bonecracker,Epic,730.16,715.00,Season 1,PvP,1,https://tbc.wowhead.com/item=28302,,Off Hand,Mace,91,1.5,28,,,9,15
,35,Gladiator's Hacker,Gladiator's Hacker,Epic,730.16,715.00,Season 1,PvP,1,https://tbc.wowhead.com/item=28309,,Off Hand,Axe,91,1.5,28,,,9,15
,36,Gladiator's Left Ripper,Gladiator's Left Ripper,Epic,730.16,715.00,Season 1,PvP,1,https://tbc.wowhead.com/item=28314,,Off Hand,Fist,91,1.5,28,,,9,15
,37,Fool's Bane,Fool's Bane,Epic,719.60,,Karazhan,Terestian Illhoof,1,https://tbc.wowhead.com/item=28657,,Main Hand,Mace,87.5,2.6,30,,,,24,,,,Yellow
,38,The Decapitator,The Decapitator,Epic,712.90,,Karazhan,Prince Malchezaar,1,https://tbc.wowhead.com/item=28767,,Main Hand,Axe,92.1,2.6,,,,,27
,39,Big Bad Wolf's Paw,Big Bad Wolf's Paw,Epic,694.19,,Karazhan,The Big Bad Wolf,1,https://tbc.wowhead.com/item=28584,,Main Hand,Fist,87.6,2.5,,,17,,20
,40,The Planar Edge,The Planar Edge,Epic,687.51,,Blacksmithing,Crafted,1,https://tbc.wowhead.com/item=28431,,Main Hand,Axe,84.3,2.7,42,,,,20
,41,Fel Edged Battleaxe,Fel Edged Battleaxe,Epic,681.60,658.02,Amani'shi Axe,,1,https://tbc.wowhead.com/item=23542,,One Hand,Axe,83.4,2.2,,,,14,21,,,,Red
,42,Runic Hammer,Runic Hammer,Epic,659.88,,Blacksmithing,Crafted,1,https://tbc.wowhead.com/item=23544,,One Hand,Mace,83.5,2.4,50
,43,Blackout Truncheon,Blackout Truncheon,Rare,618.53,,Shadow Labyrinth,Grandmaster Vorpil,1,https://tbc.wowhead.com/item=27901,,One Hand,Mace,69.7,1.5,,,,,,41.8,,,Red,Yellow
,44,The Bladefist,The Bladefist,Epic,611.34,,Shattered Halls,Warchief Kargath Bladefist,1,https://tbc.wowhead.com/item=29348,,Main Hand,Fist,83.7,2.6
,45,Warbringer,Warbringer,Epic,604.14,592.35,Thrallmar,Exalted,1,https://tbc.wowhead.com/item=29165,,One Hand,Axe,81.1,1.8,,,,7
