Fire Phase 3,,,TIER SET BONUS IS NOT BEING CALCULATED.,Value Credit: Elitist Jerks Mage Guide + RAWR b16.1
,,Item,Item,,EPV,If Hit  Capped,Location,Phase,,,Stats
,,Head,,,,,,,,,,SP,int,hit,crit,haste,Sockets
,1,Cowl of the Illidari High Lord,Cowl of the Illidari High Lord,Epic,200.35,168.85,Black Temple,Illidan Stormrage,3,https://tbc.wowhead.com/item=32525,,64,31,21,47,,Meta,Blue
,2,Cowl of the Grand Engineer,Cowl of the Grand Engineer,Epic,179.11,155.11,Tempest Keep,Void Reaver,2,https://tbc.wowhead.com/item=29986,,53,27,16,35,,Yellow,Yellow,Blue
,3,Cowl of the Tempest,Cowl of the Tempest,Epic,173.67,154.17,Hyjal Summit,Archimonde,3,https://tbc.wowhead.com/item=31056,,62,40,13,29,,Meta,Yellow
,4,Spellstrike Hood,Spellstrike Hood,Epic,152.28,128.28,Tailoring,Crafted,1,https://tbc.wowhead.com/item=24266,,46,12,16,24,,Blue,Yellow,Red
,5,Destruction Holo-gogs,Destruction Holo-gogs,Epic,148.11,,Engineering,Crafted,2,https://tbc.wowhead.com/item=32494,,64,24,,29,,Meta,Blue
,6,Cowl of Tirisfal,Cowl of Tirisfal,Epic,138.85,,Serpentshrine Cavern,Lady Vashj,2,https://tbc.wowhead.com/item=30206,,55,36,,24,,Meta,Yellow
,7,Uni-Mind Headdress,Uni-Mind Headdress,Epic,129.01,100.51,Karazhan,Netherspite,1,https://tbc.wowhead.com/item=28744,,46,40,19,25
,8,Collar of the Aldor,Collar of the Aldor,Epic,124.22,,Karazhan,Prince Malchezaar,1,https://tbc.wowhead.com/item=29076,,41,35,,27,,Meta,Blue
,9,Vengeful Gladiator's Silk Cowl,Vengeful Gladiator's Silk Cowl,Epic,122.28,,Season 3,PvP,3,https://tbc.wowhead.com/item=33758,,47,23,,24,,Meta,Red
,10,Evoker's Helmet of Second Sight,Evoker's Helmet of Second Sight,Rare,116.56,,,"Teron Gorefiend, I am...",1,https://tbc.wowhead.com/item=31104,,35,15,,24,,Blue,Blue,Yellow
,11,Merciless Gladiator's Silk Cowl,Merciless Gladiator's Silk Cowl,Epic,114.04,,Season 2,PvP,2,https://tbc.wowhead.com/item=32048,,42,26,,20,,Meta,Red
,12,Gnomish Power Goggles,Gnomish Power Goggles,Epic,109.01,,Engineering,Crafted,1,https://tbc.wowhead.com/item=23828,,59,21,,28
,13,Wicked Witch's Hat,Wicked Witch's Hat,Epic,102.44,,Karazhan,The Crone,1,https://tbc.wowhead.com/item=28586,,43,38,,32
,14,Collar of Cho'gall,Collar of Cho'gall,Epic,101.36,,Gruul's Lair,Gruul the Dragonkiller,1,https://tbc.wowhead.com/item=28804,,68,36
,15,Mana-Binders Cowl,Mana-Binders Cowl,Epic,101.22,,Badge of Justice,G'eras,1,https://tbc.wowhead.com/item=32089,,34,29,,15,,Yellow,Meta
,,Neck,,,,,,,,,,SP,int,hit,crit,haste,Sockets
,1,Translucent Spellthread Necklace,Translucent Spellthread Necklace,Epic,100.86,78.36,Black Temple,Devourer of Souls,3,https://tbc.wowhead.com/item=32349,,46,,15,24
,2,Hellfire-Encased Pendant (Fire),Hellfire-Encased Pendant (Fire),Epic,93.42,,Hyjal Summit,Trash,3,https://tbc.wowhead.com/item=32589,,51,17,,24
,3,Eye of the Night (GROUP BUFF),Eye of the Night (GROUP BUFF),Rare,89.74,65.74,Jewelcrafting,Crafted,1,https://tbc.wowhead.com/item=24116,,34,,16,26
,4,The Sun King's Talisman,The Sun King's Talisman,Epic,80.79,,Tempest Keep,Kael'thas and the Verdant Sphere,2,https://tbc.wowhead.com/item=30015,,41,16,,24
,5,Chain of the Twilight Owl (GROUP BUFF),Chain of the Twilight Owl (GROUP BUFF),Rare,77.18,,Jewelcrafting,Crafted,1,https://tbc.wowhead.com/item=24121,,21,19,,44.08
,6,Vindicator's Pendant of Conquest,Vindicator's Pendant of Conquest,Epic,72.59,,Season 3,PvP,3,https://tbc.wowhead.com/item=33920,,25,15,,21,,Yellow
,7,Vindicator's Pendant of Reprieve,Vindicator's Pendant of Reprieve,Epic,69.56,,Season 3,PvP,3,https://tbc.wowhead.com/item=35317,,17,16,,,23,Yellow
,8,Adornment of Stolen Souls,Adornment of Stolen Souls,Epic,66.24,,Karazhan,Prince Malchezaar,1,https://tbc.wowhead.com/item=28762,,28,20,,23
,9,Brooch of Unquenchable Fury,Brooch of Unquenchable Fury,Epic,65.09,42.59,Karazhan,Moroes,1,https://tbc.wowhead.com/item=28530,,26,21,15
,10,Veteran's Pendant of Conquest,Veteran's Pendant of Conquest,Epic,63.32,,Season 2,PvP,2,https://tbc.wowhead.com/item=33067,,21,12,,18,,Yellow
,11,Vindicator's Pendant of Dominance,Vindicator's Pendant of Dominance,Epic,61.42,,Season 3,PvP,3,https://tbc.wowhead.com/item=33921,,30,20,,,,Yellow
,12,Brooch of Heightened Potential,Brooch of Heightened Potential,Rare,60.78,47.28,Shadow Labyrinth,Blackheart the Inciter,1,https://tbc.wowhead.com/item=28134,,22,14,9,14
,13,Hydra-fang Necklace,Hydra-fang Necklace,Rare,55.47,31.47,Underbog,Ghaz'an,1,https://tbc.wowhead.com/item=27758,,19,16,16
,14,Veteran's Pendant of Dominance,Veteran's Pendant of Dominance,Epic,54.46,,Season 2,PvP,2,https://tbc.wowhead.com/item=33065,,26,16,,,,Yellow
,15,Pendant of the Lost Ages,Pendant of the Lost Ages,Epic,52.57,,Serpentshrine Cavern,Morogrim Tidewalker,2,https://tbc.wowhead.com/item=30008,,36,17
,,Shoulders,,,,,,,,,,SP,int,hit,crit,haste,Sockets
,1,Hatefury Mantle,Hatefury Mantle,Epic,127.83,,Hyjal Summit,Anetheron,3,https://tbc.wowhead.com/item=30884,,55,18,,24,,Blue,Yellow
,2,Blood-cursed Shoulderpads,Blood-cursed Shoulderpads,Epic,127.27,100.27,Black Temple,Gurtogg Bloodboil,3,https://tbc.wowhead.com/item=32338,,55,19,18,25
,3,Mantle of the Tempest,Mantle of the Tempest,Epic,118.88,,Black Temple,Mother Shahraz,3,https://tbc.wowhead.com/item=31059,,46,27,,21,,Yellow,Blue
,4,Mantle of Nimble Thought,Mantle of Nimble Thought,Epic,109.96,,Tailoring,Crafted,3,https://tbc.wowhead.com/item=32587,,44,26,,,38
,5,Mantle of the Elven Kings,Mantle of the Elven Kings,Epic,107.38,80.38,Tempest Keep,Trash,2,https://tbc.wowhead.com/item=30024,,39,18,18,25
,6,Mantle of Tirisfal,Mantle of Tirisfal,Epic,106.24,,Tempest Keep,Void Reaver,2,https://tbc.wowhead.com/item=30210,,40,24,,17,,Yellow,Blue
,7,Illidari Shoulderpads,Illidari Shoulderpads,Epic,103.56,,Serpentshrine Cavern,Morogrim Tidewalker,2,https://tbc.wowhead.com/item=30079,,39,23,,16,,Yellow,Yellow
,8,Vengeful Gladiator's Silk Amice,Vengeful Gladiator's Silk Amice,Epic,100.41,,Season 3,PvP,3,https://tbc.wowhead.com/item=33757,,40,13,,17,,Blue,Yellow
,9,Merciless Gladiator's Silk Amice,Merciless Gladiator's Silk Amice,Epic,93.79,,Season 2,PvP,2,https://tbc.wowhead.com/item=32047,,36,15,,14,,Blue,Yellow
,10,Pauldrons of the Aldor,Pauldrons of the Aldor,Epic,89.68,,Gruul's Lair,High King Maulgar,1,https://tbc.wowhead.com/item=29079,,27,26,,15,,Yellow,Red
,11,Gladiator's Silk Amice,Gladiator's Silk Amice,Epic,86.95,,Season 1,PvP,1,https://tbc.wowhead.com/item=25854,,32,13,,13,,Blue,Yellow
,12,Mana-Etched Spaulders,Mana-Etched Spaulders,Rare,77.39,,Slave Pens,Quagmirran,1,https://tbc.wowhead.com/item=27796,,20,17,,16,,Yellow,Red
,13,Grand Marshal's Silk Amice,Grand Marshal's Silk Amice,Rare,75.34,,,PvP,1,https://tbc.wowhead.com/item=28714,,25,16,,8,,Blue,Yellow
,14,High Warlord's Silk Amice,High Warlord's Silk Amice,Rare,75.34,,,PvP,1,https://tbc.wowhead.com/item=28866,,25,16,,8,,Blue,Yellow
,15,Evoker's Silk Amice,Evoker's Silk Amice,Rare,75.34,,Quartermaster Urgronn,,1,https://tbc.wowhead.com/item=35343,,25,16,,8,,Blue,Yellow
,,Back,,,,,,,,,,SP,int,hit,crit,haste,Sockets
,1,Cloak of the Illidari Council,Cloak of the Illidari Council,Epic,82.95,,Black Temple,High Nethermancer Zerevor,3,https://tbc.wowhead.com/item=32331,,42,16,,25
,2,Shroud of the Highborne,Shroud of the Highborne,Epic,76.18,,Black Temple,Illidan Stormrage,3,https://tbc.wowhead.com/item=32524,,23,23,,,32
,3,Ruby Drape of the Mysticant,Ruby Drape of the Mysticant,Epic,74.43,47.43,Karazhan,Prince Malchezaar,1,https://tbc.wowhead.com/item=28766,,30,21,18
,4,Ancient Spellcloak of the Highborne,Ancient Spellcloak of the Highborne,Epic,69.48,,Hellfire Peninsula,Doom Lord Kazzak,1,https://tbc.wowhead.com/item=30735,,36,15,,19
,5,Brute Cloak of the Ogre-Magi,Brute Cloak of the Ogre-Magi,Epic,66.24,,Gruul's Lair,High King Maulgar,1,https://tbc.wowhead.com/item=28797,,28,20,,23
,6,Royal Cloak of the Sunstriders,Royal Cloak of the Sunstriders,Epic,64.90,,Tempest Keep,Kael'thas Sunstrider,2,https://tbc.wowhead.com/item=29992,,44,22
,7,Cloak of the Necropolis,Cloak of the Necropolis,Epic,62.53,50.53,Naxxramas,Sapphiron,1,https://tbc.wowhead.com/item=23050,,26,11,8,14
,8,Illidari Cloak of Wrath,Illidari Cloak of Wrath,Rare,56.87,,,World Drop,1,https://tbc.wowhead.com/item=31201,,47
,9,Shawl of Shifting Probabilities,Shawl of Shifting Probabilities,Epic,54.70,,Badge of Justice,G'eras,1,https://tbc.wowhead.com/item=29369,,21,16,,22
,10,Cloak of the Frigid Winds,Cloak of the Frigid Winds,Epic,54.70,,Slave Pens,Ahune,3,https://tbc.wowhead.com/item=35497,,21,16,,22
,11,Sethekk Oracle Cloak,Sethekk Oracle Cloak,Rare,54.16,36.16,Sethekk Halls,Talon King Ikiss,1,https://tbc.wowhead.com/item=27981,,22,18,12
,12,Cloak of the Devoured,Cloak of the Devoured,Epic,53.60,41.60,Classic,,0,https://tbc.wowhead.com/item=22731,,30,10,8
,13,Shadow-Cloak of Dalaran,Shadow-Cloak of Dalaran,Epic,53.10,,Karazhan,Moroes,1,https://tbc.wowhead.com/item=28570,,36,18
,14,Cloak of Entropy,Cloak of Entropy,Rare,51.08,36.08,,World Drop,1,https://tbc.wowhead.com/item=31140,,25,11,10
,15,Ambusher's Cloak of Wrath,Ambusher's Cloak of Wrath,Uncommon,50.82,,,World Drop,1,https://tbc.wowhead.com/item=25041,,42
,,Chest,,,,,,,,,,SP,int,hit,crit,haste,Sockets
,1,Vestments of the Sea-Witch,Vestments of the Sea-Witch,Epic,197.20,156.70,Serpentshrine Cavern,Lady Vashj,2,https://tbc.wowhead.com/item=30107,,57,28,27,31,,Yellow,Yellow,Blue
,2,Robes of Rhonin,Robes of Rhonin,Epic,181.35,140.85,Hyjal Summit,Archimonde,3,https://tbc.wowhead.com/item=30913,,81,38,27,24
,3,Robes of the Tempest,Robes of the Tempest,Epic,180.51,161.01,Black Temple,Illidan Stormrage,3,https://tbc.wowhead.com/item=31057,,62,39,13,23,,Yellow,Yellow,Blue
,4,Spellfire Robe (Fire/Arcane),Spellfire Robe (Fire/Arcane),Epic,151.66,,Tailoring,Crafted,1,https://tbc.wowhead.com/item=21848,,72,17,,28,,Yellow,Blue
,5,Robe of Hateful Echoes,Robe of Hateful Echoes,Epic,146.79,,Serpentshrine Cavern,Hydross the Unstable,2,https://tbc.wowhead.com/item=30056,,50,36,,25,,Red,Yellow,Yellow
,6,Robes of Tirisfal,Robes of Tirisfal,Epic,146.63,,Tempest Keep,Kael'thas Sunstrider,2,https://tbc.wowhead.com/item=30196,,55,35,,19,,Yellow,Yellow,Blue
,7,Robe of the Shadow Council,Robe of the Shadow Council,Epic,133.90,,Black Temple,Teron Gorefiend,3,https://tbc.wowhead.com/item=32327,,73,36,,28
,8,Vengeful Gladiator's Silk Raiment,Vengeful Gladiator's Silk Raiment,Epic,129.92,,Season 3,PvP,3,https://tbc.wowhead.com/item=33760,,39,15,,33,,Red,Yellow,Yellow
,9,Merciless Gladiator's Silk Raiment,Merciless Gladiator's Silk Raiment,Epic,125.42,,Season 2,PvP,2,https://tbc.wowhead.com/item=32050,,35,21,,30,,Red,Yellow,Yellow
,10,Auchenai Anchorite's Robe,Auchenai Anchorite's Robe,Rare,124.66,90.16,Terokkar Forest,Everything Will Be Alright,1,https://tbc.wowhead.com/item=29341,,28,24,23,,,Yellow,Yellow,Red
,11,Vestments of the Aldor,Vestments of the Aldor,Epic,119.81,,Magtheridon's Lair,Magtheridon,1,https://tbc.wowhead.com/item=29077,,49,32,,,,Yellow,Blue,Blue
,12,Robe of the Crimson Order,Robe of the Crimson Order,Rare,117.69,72.69,,,1,https://tbc.wowhead.com/item=31297,,50,23,30
,13,Gladiator's Silk Raiment,Gladiator's Silk Raiment,Epic,115.47,,Season 1,PvP,1,https://tbc.wowhead.com/item=25856,,32,18,,25,,Red,Yellow,Yellow
,14,Warp Infused Drape,Warp Infused Drape,Rare,112.70,94.70,Botanica,Warp Splinter,1,https://tbc.wowhead.com/item=28342,,30,28,12,,,Red,Blue,Yellow
,15,Will of Edward the Odd,Will of Edward the Odd,Epic,108.41,,,World Drop,1,https://tbc.wowhead.com/item=31340,,53,30,,30
,,Wrist,,,,,,,,,,SP,int,hit,crit,haste,Sockets
,1,Focused Mana Bindings,Focused Mana Bindings,Epic,89.92,61.42,Black Temple,Shade of Akama,3,https://tbc.wowhead.com/item=32270,,42,20,19
,2,Bracers of Nimble Thought,Bracers of Nimble Thought,Epic,83.38,,Tailoring,Crafted,3,https://tbc.wowhead.com/item=32586,,34,20,,,28
,3,Cuffs of Devastation,Cuffs of Devastation,Epic,79.50,,Hyjal Summit,Rage Winterchill,3,https://tbc.wowhead.com/item=30870,,34,20,,14,,Yellow
,4,Vindicator's Silk Cuffs,Vindicator's Silk Cuffs,Epic,73.04,,Season 3,PvP,3,https://tbc.wowhead.com/item=33913,,27,22,,15,,Yellow
,5,Mindstorm Wristbands,Mindstorm Wristbands,Epic,72.21,,Tempest Keep,Al'ar,2,https://tbc.wowhead.com/item=29918,,36,13,,23
,6,Ravager's Cuffs of Wrath,Ravager's Cuffs of Wrath,Epic,71.39,,Karazhan,Rokad the Ravager,1,https://tbc.wowhead.com/item=30684/ravagers-cuffs,,59
,7,Veteran's Silk Cuffs,Veteran's Silk Cuffs,Epic,63.92,,Season 2,PvP,2,https://tbc.wowhead.com/item=32820,,22,18,,14,,Yellow
,8,Ravager's Cuffs of the Invoker,Ravager's Cuffs of the Invoker,Epic,62.72,,Karazhan,Rokad the Ravager,1,https://tbc.wowhead.com/item=30684/ravagers-cuffs,,25,22,,22
,9,Crystalweave Bracers,Crystalweave Bracers,Epic,62.18,,Tailoring,Crafted,2,https://tbc.wowhead.com/item=32655,,23,16,,12,,Red
,10,Vindicator's Dreadweave Cuffs,Vindicator's Dreadweave Cuffs,Epic,60.21,,Season 3,PvP,3,https://tbc.wowhead.com/item=33883,,29,20,,,,Yellow
,11,General's Silk Cuffs,General's Silk Cuffs,Epic,59.08,,Season 1,PvP,1,https://tbc.wowhead.com/item=28411,,20,17,,12,,Yellow
,12,Marshal's Silk Cuffs,Marshal's Silk Cuffs,Epic,59.08,,,PvP,1,https://tbc.wowhead.com/item=29002,,20,17,,12,,Yellow
,13,Bracers of Havok,Bracers of Havok,Rare,57.18,,Tailoring,Crafted,1,https://tbc.wowhead.com/item=24250,,30,12,,,,Yellow
,14,Illidari Bindings of Wrath,Illidari Bindings of Wrath,Rare,56.87,,Shadowmoon Valley,Ambassador Jerrikar,1,https://tbc.wowhead.com/item=31225/illidari-bindings,,47
,15,Elementalist Bracelets of Wrath,Elementalist Bracelets of Wrath,Uncommon,54.45,,,World Drop,1,https://tbc.wowhead.com/item=24692,,45
,,Hands,,,,,,,,,,SP,int,hit,crit,haste,Sockets
,1,Gloves of the Tempest,Gloves of the Tempest,Epic,131.93,101.93,Hyjal Summit,Azgalor,3,https://tbc.wowhead.com/item=31055,,46,26,20,19,,Yellow
,2,Anger-Spark Gloves,Anger-Spark Gloves,Epic,118.99,88.99,Shadowmoon Valley,Doomwalker,1,https://tbc.wowhead.com/item=30725,,30,,20,25,,Red,Red
,3,Spellfire Gloves (Fire/Arcane),Spellfire Gloves (Fire/Arcane),Epic,116.60,,Tailoring,Crafted,1,https://tbc.wowhead.com/item=21847,,50,10,,23,,Yellow,Blue
,4,Soul-Eater's Handwraps,Soul-Eater's Handwraps,Epic,105.19,,Magtheridon's Lair,Magtheridon,1,https://tbc.wowhead.com/item=28780,,36,24,,21,,Yellow,Blue
,5,Handwraps of Flowing Thought,Handwraps of Flowing Thought,Epic,104.05,83.05,Karazhan,Attumen the Huntsman,1,https://tbc.wowhead.com/item=28507,,35,22,14,,,Yellow,Blue
,6,Gloves of the Aldor,Gloves of the Aldor,Epic,97.48,71.98,Karazhan,The Curator,1,https://tbc.wowhead.com/item=29080,,35,22,17,19
,7,Gauntlets of the Sun King,Gauntlets of the Sun King,Epic,92.68,,Tempest Keep,Kael'thas Sunstrider,2,https://tbc.wowhead.com/item=29987,,42,29,,28
,8,Gloves of Tirisfal,Gloves of Tirisfal,Epic,89.46,,Serpentshrine Cavern,Leotheras the Blind,2,https://tbc.wowhead.com/item=30205,,41,27,,27
,9,Vengeful Gladiator's Silk Handguards,Vengeful Gladiator's Silk Handguards,Epic,78.75,,Season 3,PvP,3,https://tbc.wowhead.com/item=33759,,40,18,,22
,10,Manaspark Gloves,Manaspark Gloves,Rare,78.32,55.82,The Underbog,Hungarfen,1,https://tbc.wowhead.com/item=24450,,16,14,15,,,Red,Yellow
,11,Mana-Etched Gloves,Mana-Etched Gloves,Rare,77.39,,Hellfire Ramparts,Omor the Unscarred,1,https://tbc.wowhead.com/item=27465,,20,17,,16,,Red,Yellow
,12,Gloves of the Deadwatcher,Gloves of the Deadwatcher,Rare,74.81,47.81,Auchenai Crypts,Shirrak the Dead Watcher,1,https://tbc.wowhead.com/item=27493,,29,24,18
,13,Gloves of Pandemonium,Gloves of Pandemonium,Rare,74.01,59.01,,World Drop,1,https://tbc.wowhead.com/item=31149,,25,15,10,22
,14,Hands of the Sun (Fire),Hands of the Sun (Fire),Rare,73.20,,Underbog,Swamplord Musel'ek,1,https://tbc.wowhead.com/item=27764,,34,23,,21
,15,Gloves of Oblivion,Gloves of Oblivion,Rare,72.59,42.59,Shattered Halls,Warchief Kargath Bladefist,1,https://tbc.wowhead.com/item=27537,,26,21,20
,,Waist,,,,,,,,,,SP,int,hit,crit,haste,Sockets
,1,Belt of Blasting,Belt of Blasting,Epic,152.42,117.92,Tailoring,Crafted,2,https://tbc.wowhead.com/item=30038,,50,,23,30,,Blue,Yellow
,2,Cord of Screaming Terrors,Cord of Screaming Terrors,Epic,133.49,97.49,Serpentshrine Cavern,The Lurker Below,2,https://tbc.wowhead.com/item=30064,,50,15,24,,,Yellow,Yellow
,3,Anetheron's Noose,Anetheron's Noose,Epic,130.48,,Hyjal Summit,Anetheron,3,https://tbc.wowhead.com/item=30888,,55,23,,24,,Yellow,Blue
,4,Spellfire Belt (Fire/Arcane),Spellfire Belt (Fire/Arcane),Epic,116.11,,Tailoring,Crafted,1,https://tbc.wowhead.com/item=21846,,50,18,,18,,Yellow,Blue
,5,Waistwrap of Infinity,Waistwrap of Infinity,Epic,115.58,,Black Temple,Supremus,3,https://tbc.wowhead.com/item=32256,,56,22,,,32
,6,Fire-Cord of the Magus (Fire),Fire-Cord of the Magus (Fire),Epic,113.17,,Tempest Keep,Trash,2,https://tbc.wowhead.com/item=30020,,60,23,,30
,7,Inferno Waist Cord (Fire),Inferno Waist Cord (Fire),Epic,103.63,,Karazhan,Trash,1,https://tbc.wowhead.com/item=30673,,59,18,,24
,8,Girdle of Ruination,Girdle of Ruination,Epic,102.04,,Tailoring,Crafted,1,https://tbc.wowhead.com/item=24256,,39,13,,20,,Red,Yellow
,9,Lurker's Cord of the Wrath,Lurker's Cord of the Wrath,Epic,95.59,,Karazhan,Hyakiss the Lurker,1,https://tbc.wowhead.com/item=30675/lurkers-cord,,79
,10,Belt of Divine Inspiration,Belt of Divine Inspiration,Epic,94.85,,Gruul's Lair,High King Maulgar,1,https://tbc.wowhead.com/item=28799,,43,26,,,,Yellow,Blue
,11,Glyph-Lined Sash,Glyph-Lined Sash,Rare,86.04,,Mana-Tombs,Nexus-Prince Shaffar,1,https://tbc.wowhead.com/item=27843,,30,23,,9,,Yellow,Yellow
,12,Vindicator's Silk Belt,Vindicator's Silk Belt,Epic,84.74,,Season 3,PvP,3,https://tbc.wowhead.com/item=33912,,35,30,,28
,13,Lurker's Cord of Invoker,Lurker's Cord of Invoker,Epic,83.94,,Karazhan,Hyakiss the Lurker,1,https://tbc.wowhead.com/item=30675/lurkers-cord,,34,29,,29
,14,Belt of Depravity,Belt of Depravity,Epic,80.95,55.45,Arcatraz,Harbinger Skyriss,1,https://tbc.wowhead.com/item=29241,,34,27,17
,15,Veteran's Silk Belt,Veteran's Silk Belt,Epic,78.57,,Season 2,PvP,2,https://tbc.wowhead.com/item=32807,,32,27,,27
,,Ring,,,,,,,,,,SP,int,hit,crit,haste,Sockets
,1,Ring of Captured Storms,Ring of Captured Storms,Epic,106.75,78.25,Black Temple,High Warlord Naj'entus,3,https://tbc.wowhead.com/item=32247,,42,,19,29
,2,Band of the Eternal Sage,Band of the Eternal Sage,Epic,95.24,,Tanaris,Sage's Covenant,3,https://tbc.wowhead.com/item=29305,,49,25,,24
,3,Ring of Ancient Knowledge,Ring of Ancient Knowledge,Epic,92.82,,Black Temple,Trash,3,https://tbc.wowhead.com/item=32527,,39,20,,,31
,4,Band of Eternity (revered),Band of Eternity (revered),Epic,77.09,,Tanaris,Sage's Oath,3,https://tbc.wowhead.com/item=29304,,34,25,,24
,5,Blessed Band of Karabor,Blessed Band of Karabor,Epic,74.75,,Black Temple,Trash,3,https://tbc.wowhead.com/item=32528,,25,20,,,30
,6,Band of Eternity (honored),Band of Eternity (honored),Epic,71.72,,Tanaris,Sage's Vow,3,https://tbc.wowhead.com/item=29303,,32,23,,22
,7,Band of Crimson Fury,Band of Crimson Fury,Epic,69.54,45.54,Magtheridon's Lair,The Fall of Magtheridon,1,https://tbc.wowhead.com/item=28793,,28,22,16
,8,Band of Eternity (friendly),Band of Eternity (friendly),Epic,66.62,,Tanaris,Sage's Pledge,2,https://tbc.wowhead.com/item=29302,,29,22,,21
,9,Ring of Endless Coils,Ring of Endless Coils,Epic,65.58,,Serpentshrine Cavern,Lady Vashj,2,https://tbc.wowhead.com/item=30109,,37,,,22
,10,Ring of Recurrence,Ring of Recurrence,Epic,64.64,,Karazhan,Chess Event,1,https://tbc.wowhead.com/item=28753,,32,15,,19
,11,Violet Signet of the Archmage,Violet Signet of the Archmage,Epic,63.36,,Deadwind Pass,Eminence Among the Violet Eye,1,https://tbc.wowhead.com/item=29287,,29,23,,17
,12,Sparking Arcanite Ring,Sparking Arcanite Ring,Rare,62.28,47.28,Old Hillsbrad Foothills,Epoch Hunter,1,https://tbc.wowhead.com/item=28227,,22,14,10,14
,13,Violet Signet,Violet Signet,Epic,61.62,,Deadwind Pass,Distinguished Service,1,https://tbc.wowhead.com/item=29286,,28,22,,17
,14,Corruptor's Signet,Corruptor's Signet,Epic,61.43,,Blade's Edge Mountains,Shartuul,3,https://tbc.wowhead.com/item=32941,,33,12,,16
,15,Ring of the Fallen God,Ring of the Fallen God,Epic,59.95,47.95,Classic,,0,https://tbc.wowhead.com/item=21709,,37,6,8
,,Legs,,,,,,,,,,SP,int,hit,crit,haste,Sockets
,1,Leggings of Channeled Elements,Leggings of Channeled Elements,Epic,188.95,161.95,Hyjal Summit,Kaz'rogal,3,https://tbc.wowhead.com/item=30916,,59,28,18,34,,Yellow,Yellow,Blue
,2,Leggings of Devastation,Leggings of Devastation,Epic,177.42,138.42,Black Temple,Mother Shahraz,3,https://tbc.wowhead.com/item=32367,,60,42,26,,,Yellow,Yellow,Blue
,3,Leggings of the Tempest,Leggings of the Tempest,Epic,171.88,141.88,Black Temple,Illidari Council,3,https://tbc.wowhead.com/item=31058,,62,47,20,29,,Blue
,4,Leggings of the Seventh Circle,Leggings of the Seventh Circle,Epic,166.37,139.37,Hellfire Peninsula,Doom Lord Kazzak,1,https://tbc.wowhead.com/item=30734,,50,22,18,25,,Red,Yellow,Yellow
,5,Spellstrike Pants,Spellstrike Pants,Epic,161.06,128.06,Tailoring,Crafted,1,https://tbc.wowhead.com/item=24262,,46,8,22,26,,Blue,Yellow,Red
,6,Leggings of Tirisfal,Leggings of Tirisfal,Epic,154.02,115.02,Serpentshrine Cavern,Fathom-Lord Karathress,2,https://tbc.wowhead.com/item=30207,,54,36,26,17,,Yellow
,7,Trousers of the Astromancer,Trousers of the Astromancer,Epic,127.98,,Tempest Keep,High Astromancer Solarian,2,https://tbc.wowhead.com/item=29972,,54,36,,,,Blue,Yellow,Blue
,8,Trial-Fire Trousers,Trial-Fire Trousers,Epic,124.05,,Karazhan,The Big Bad Wolf,1,https://tbc.wowhead.com/item=28594,,49,40,,,,Yellow,Yellow,Yellow
,9,Breeches of the Occultist,Breeches of the Occultist,Epic,120.54,,Black Morass,Aeonus,1,https://tbc.wowhead.com/item=30531,,36,22,,23,,Blue,Yellow,Yellow
,10,Legwraps of the Aldor,Legwraps of the Aldor,Epic,116.49,80.49,Gruul's Lair,Gruul the Dragonkiller,1,https://tbc.wowhead.com/item=29078,,49,40,24
,11,Vengeful Gladiator's Silk Trousers,Vengeful Gladiator's Silk Trousers,Epic,113.37,,Season 3,PvP,3,https://tbc.wowhead.com/item=33761,,53,34,,33
,12,Aran's Sorcerous Slacks,Aran's Sorcerous Slacks,Rare,106.10,,Old Hillsbrad Foothills,Lieutenant Drake,1,https://tbc.wowhead.com/item=28212,,23,28,,21,,Red,Yellow,Blue
,13,Merciless Gladiator's Silk Trousers,Merciless Gladiator's Silk Trousers,Epic,105.80,,Season 2,PvP,2,https://tbc.wowhead.com/item=32051,,49,36,,29
,14,Kirin Tor Master's Trousers,Kirin Tor Master's Trousers,Epic,102.49,,Shadow Labyrinth,Murmur,1,https://tbc.wowhead.com/item=30532,,36,29,,,,Red,Yellow,Blue
,15,Battlecast Pants,Battlecast Pants,Epic,99.01,,Tailoring,Crafted,1,https://tbc.wowhead.com/item=24263,,46,27,,,,Red,Blue
,,Feet,,,,,,,,,,SP,int,hit,crit,haste,Sockets
,1,Slippers of the Seacaller,Slippers of the Seacaller,Epic,119.25,,Black Temple,High Warlord Naj'entus,3,https://tbc.wowhead.com/item=32239,,44,18,,29,,Yellow,Blue
,2,Blue Suede Shoes,Blue Suede Shoes,Epic,111.72,84.72,Hyjal Summit,Kaz'rogal,3,https://tbc.wowhead.com/item=30894,,56,32,18
,3,Boots of Blasting,Boots of Blasting,Epic,111.09,84.09,Tailoring,Crafted,2,https://tbc.wowhead.com/item=30037,,39,25,18,25
,4,Glider's Foot-Wraps of Wrath,Glider's Foot-Wraps of Wrath,Epic,95.59,,Karazhan,Shadikith the Glider,1,https://tbc.wowhead.com/item=30680/gliders-foot-wraps,,79
,5,Velvet Boots of the Guardian,Velvet Boots of the Guardian,Epic,93.12,,Serpentshrine Cavern,The Lurker Below,2,https://tbc.wowhead.com/item=30067,,49,21,,24
,6,Boots of Foretelling,Boots of Foretelling,Epic,90.66,,Karazhan,Maiden of Virtue,1,https://tbc.wowhead.com/item=28517,,26,23,,19,,Red,Yellow
,7,Vindicator's Silk Footguards,Vindicator's Silk Footguards,Epic,84.74,,Season 3,PvP,3,https://tbc.wowhead.com/item=33914,,35,30,,28
,8,Glider's Foot-Wraps of the Invoker,Glider's Foot-Wraps of the Invoker,Epic,83.94,,Karazhan,Shadikith the Glider,1,https://tbc.wowhead.com/item=30680/gliders-foot-wraps,,34,29,,29
,9,Ruby Slippers,Ruby Slippers,Epic,81.72,57.72,Karazhan,The Crone,1,https://tbc.wowhead.com/item=28585,,35,29,16
,10,Sigil-Laced Boots,Sigil-Laced Boots,Rare,78.86,,Arcatraz,Harbinger Skyriss,1,https://tbc.wowhead.com/item=28406,,20,18,,17,,Red,Yellow
,11,Veteran's Silk Footguards,Veteran's Silk Footguards,Epic,78.57,,Season 2,PvP,2,https://tbc.wowhead.com/item=32795,,32,27,,27
,12,Shalassi Oracle's Sandals,Shalassi Oracle's Sandals,Rare,76.14,,,Rescue Deirom!,1,https://tbc.wowhead.com/item=25970,,18,21,,15,,Red,Yellow
,13,Shattrath Jumpers,Shattrath Jumpers,Rare,73.14,,,Into the Heart of the Labyrinth,1,https://tbc.wowhead.com/item=28179,,29,17,,,,Blue,Yellow
,14,Extravagant Boots of Malice,Extravagant Boots of Malice,Rare,70.02,49.02,Mana-Tombs,Tavarok,1,https://tbc.wowhead.com/item=27821,,30,24,14
,15,General's Silk Footguards,General's Silk Footguards,Epic,68.77,,Season 1,PvP,1,https://tbc.wowhead.com/item=28410,,28,23,,24
,,Trinket,,,,,,,,,,SP,int,hit,crit,haste,Sockets
,1,The Skull of Gul'dan,The Skull of Gul'dan,Epic,136.82,99.32,Black Temple,Illidan Stormrage,3,https://tbc.wowhead.com/item=32483,,55,,25,,29
,2,Sextant of Unstable Currents,Sextant of Unstable Currents,Epic,109.23,,Serpentshrine Cavern,Fathom-Lord Karathress,2,https://tbc.wowhead.com/item=30626,,59,,,40
,3,Mark of the Champion (undead/demon),Mark of the Champion (undead/demon),Epic,102.85,,Naxxramas,The Fall of Kel'Thuzad,1,https://tbc.wowhead.com/item=23207,,85
,4,Darkmoon Card: Crusade,Darkmoon Card: Crusade,Epic,96.80,,Darkmoon Faire,,2,https://tbc.wowhead.com/item=31856,,80
,5,Quagmirran's Eye,Quagmirran's Eye,Rare,89.97,,Slave Pens,Quagmirran,1,https://tbc.wowhead.com/item=27683,,37,,,,40
,6,Eye of Magtheridon,Eye of Magtheridon,Epic,85.91,,Magtheridon's Lair,Magtheridon,1,https://tbc.wowhead.com/item=28789,,71
,7,Icon of the Silver Crescent,Icon of the Silver Crescent,Epic,83.49,,Badge of Justice,G'eras,1,https://tbc.wowhead.com/item=29370,,69
,8,Dark Iron Smoking Pipe,Dark Iron Smoking Pipe,Epic,83.29,,,,3,https://tbc.wowhead.com/item=38290,,68.83333333
,9,Serpent-Coil Braid,Serpent-Coil Braid,Epic,80.26,62.26,Serpentshrine Cavern,Morogrim Tidewalker,2,https://tbc.wowhead.com/item=30720,,28,,12,30
,10,Scryer's Bloodgem,Scryer's Bloodgem,Rare,78.25,30.25,The Scryers,Revered,1,https://tbc.wowhead.com/item=29132,,25,,32
,11,Shiffar's Nexus-Horn,Shiffar's Nexus-Horn,Rare,77.99,,Arcatraz,Harbinger Skyriss,1,https://tbc.wowhead.com/item=28418,,41,,,30
,12,Neltharion's Tear,Neltharion's Tear,Epic,77.24,53.24,Classic,,0,https://tbc.wowhead.com/item=19379,,44,,16
,13,The Restrained Essence of Sapphiron,The Restrained Essence of Sapphiron,Epic,75.02,,Naxxramas,Sapphiron,0,https://tbc.wowhead.com/item=23046,,62
,14,Arcanist's Stone,Arcanist's Stone,Rare,72.59,35.09,Old Hillsbrad Foothills,Epoch Hunter,1,https://tbc.wowhead.com/item=28223,,29,,25
,15,Starkiller's Bauble,Starkiller's Bauble,Uncommon,64.20,25.20,,The Horrors of Pollution,0,https://tbc.wowhead.com/item=30340,,20.83,,26
,,One Hand,,,,,,,,,,SP,int,hit,crit,haste,Sockets
,1,Tempest of Chaos,Tempest of Chaos,Epic,373.25,347.75,Hyjal Summit,Archimonde,3,https://tbc.wowhead.com/item=30910,,259,22,17,24
,2,Vengeful Gladiator's Spellblade,Vengeful Gladiator's Spellblade,Epic,334.97,309.47,Season 3,PvP,3,https://tbc.wowhead.com/item=33763,,247,20,17
,3,The Maelstrom's Fury,The Maelstrom's Fury,Epic,317.50,,Black Temple,High Warlord Naj'entus,3,https://tbc.wowhead.com/item=32237,,236,21,,22
,4,Merciless Gladiator's Spellblade,Merciless Gladiator's Spellblade,Epic,304.29,281.79,Season 2,PvP,2,https://tbc.wowhead.com/item=32053,,225,18,15
,5,Talon of the Tempest,Talon of the Tempest,Epic,300.55,287.05,Shadowmoon Valley,Doomwalker,1,https://tbc.wowhead.com/item=30723,,194,10,9,19,,Yellow,Yellow
,6,Fang of the Leviathan,Fang of the Leviathan,Epic,297.88,,Serpentshrine Cavern,Leotheras the Blind,2,https://tbc.wowhead.com/item=30095,,221,20,,21
,7,Bloodmaw Magus-Blade,Bloodmaw Magus-Blade,Epic,277.23,,Gruul's Lair,Gruul the Dragonkiller,1,https://tbc.wowhead.com/item=28802,,203,15,,25
,8,Nathrezim Mindblade,Nathrezim Mindblade,Epic,276.93,,Karazhan,Prince Malchezaar,1,https://tbc.wowhead.com/item=28770,,203,18,,23
,9,Gladiator's Spellblade,Gladiator's Spellblade,Epic,250.33,,Season 1,PvP,1,https://tbc.wowhead.com/item=28297,,199,18
,10,Illidari-Bane Mageblade (Demon),Illidari-Bane Mageblade (Demon),Rare,248.60,,Shadowmoon Valley,Quenching the Blade,1,https://tbc.wowhead.com/item=30787,,185,11,,20
,11,Eternium Runed Blade,Eternium Runed Blade,Epic,233.22,,Blacksmithing,Crafted,1,https://tbc.wowhead.com/item=23554,,168,19,,21
,12,Blade of Wizardry,Blade of Wizardry,Epic,226.74,,,World Drop,1,https://tbc.wowhead.com/item=31336,,159,,,,30.4
,13,Stormcaller,Stormcaller,Epic,218.62,,Quartermaster Urgronn,,1,https://tbc.wowhead.com/item=29155,,159,12,,21
,14,Blade of the Archmage,Blade of the Archmage,Epic,218.09,,Logistics Officer,,1,https://tbc.wowhead.com/item=29153,,159,11,,21
,15,Greatsword of Horrid Dreams,Greatsword of Horrid Dreams,Rare,185.72,164.72,Shadow Labyrinth,Murmur,1,https://tbc.wowhead.com/item=27905,,130,14,14
,,Off Hand,,,,,,,,,,SP,int,hit,crit,haste,Sockets
,1,Chronicle of Dark Secrets,Chronicle of Dark Secrets,Epic,104.44,78.94,Hyjal Summit,Rage Winterchill,3,https://tbc.wowhead.com/item=30872,,42,12,17,23
,2,Blind-Seers Icon,Blind-Seers Icon,Epic,95.30,59.30,Black Temple,Shade of Akama,3,https://tbc.wowhead.com/item=32361,,42,16,24
,3,Flametongue Seal (Fire),Flametongue Seal (Fire),Epic,75.37,,Badge of Justice,G'eras,1,https://tbc.wowhead.com/item=29270,,49,,,17
,4,Fathomstone,Fathomstone,Epic,71.68,,Serpentshrine Cavern,Hydross the Unstable,2,https://tbc.wowhead.com/item=30049,,36,12,,23
,5,Jewel of Infinite Possibilities,Jewel of Infinite Possibilities,Epic,68.87,37.37,Karazhan,Netherspite,1,https://tbc.wowhead.com/item=28734,,23,18,21
,6,Lamp of Peaceful Radiance,Lamp of Peaceful Radiance,Rare,63.13,45.13,Arcatraz,Harbinger Skyriss,1,https://tbc.wowhead.com/item=28412,,21,14,12,13
,7,Talisman of Nightbane,Talisman of Nightbane,Epic,60.03,,Karazhan,Nightbane,1,https://tbc.wowhead.com/item=28603,,28,19,,17
,8,Khadgar's Knapsack,Khadgar's Knapsack,Epic,59.29,,Badge of Justice,Weapons Vendor,1,https://tbc.wowhead.com/item=29273,,49
,9,Karaborian Talisman,Karaborian Talisman,Epic,54.54,,Magtheridon's Lair,Magtheridon,1,https://tbc.wowhead.com/item=28781,,35,23
,10,Draenei Crystal Rod of Wrath,Draenei Crystal Rod of Wrath,Uncommon,54.45,,,World Drop,1,https://tbc.wowhead.com/item=25099,,45
,11,Star-Heart Lamp,Star-Heart Lamp,Rare,54.16,36.16,Black Morass,Temporus,1,https://tbc.wowhead.com/item=28187,,22,18,12
,12,Karrog's Shard,Karrog's Shard,Rare,53.70,,,,1,https://tbc.wowhead.com/item=32533,,35,,,12
,13,Manual of the Nethermancer,Manual of the Nethermancer,Rare,51.33,,Mechanar,Nethermancer Sepethrea,1,https://tbc.wowhead.com/item=28260,,21,15,,19
,14,Merciless Gladiator's Endgame,Merciless Gladiator's Endgame,Epic,50.00,,Season 2,PvP,2,https://tbc.wowhead.com/item=31978,,33,19
,15,Sapphiron's Left Eye,Sapphiron's Left Eye,Epic,48.94,,Naxxramas,Sapphiron,1,https://tbc.wowhead.com/item=23049,,26,8,,14
,,Two Hand,,,,,,,,,,SP,int,hit,crit,haste,Sockets
,1,"Zhar'doom, Greatstaff of the Devourer","Zhar'doom, Greatstaff of the Devourer",Epic,434.51,,Black Temple,Illidan Stormrage,3,https://tbc.wowhead.com/item=32374,,259,47,,36,55
,2,Vengeful Gladiator's Battle Staff,Vengeful Gladiator's Battle Staff,Epic,408.77,366.77,Season 3,PvP,3,https://tbc.wowhead.com/item=34540,,247,46,28,46
,3,Merciless Gladiator's War Staff,Merciless Gladiator's War Staff,Epic,370.24,334.24,Season 2,PvP,2,https://tbc.wowhead.com/item=32055,,225,42,24,42
,4,Vengeful Gladiator's War Staff,Vengeful Gladiator's War Staff,Epic,366.77,366.77,Season 3,PvP,3,https://tbc.wowhead.com/item=33766,,247,46,0,46
,5,The Nexus Key,The Nexus Key,Epic,361.37,,Tempest Keep,Kael'thas Sunstrider,2,https://tbc.wowhead.com/item=29988,,236,52,,51
,6,Gladiator's War Staff,Gladiator's War Staff,Epic,324.90,293.40,Season 1,PvP,1,https://tbc.wowhead.com/item=24557,,199,35,21,36
,7,Staff of Infinite Mysteries,Staff of Infinite Mysteries,Epic,285.38,250.88,Karazhan,The Curator,1,https://tbc.wowhead.com/item=28633,,185,51,23
,8,Terokk's Shadowstaff,Terokk's Shadowstaff,Epic,260.54,,Sethekk Halls,Talon King Ikiss,1,https://tbc.wowhead.com/item=29355,,168,42,,37
,9,"Atiesh, Greatstaff of the Guardian","Atiesh, Greatstaff of the Guardian",Legendary,248.95,224.95,Classic,,0,https://tbc.wowhead.com/item=22589,,150,32,16,28
,10,Auchenai Staff,Auchenai Staff,Rare,223.89,195.39,Quartermaster Endarin,,1,https://tbc.wowhead.com/item=29130,,121,46,19,26
,11,High Warlord's War Staff,High Warlord's War Staff,Rare,220.69,190.69,,PvP,1,https://tbc.wowhead.com/item=28935,,121,30,20,30
,12,Grand Marshal's War Staff,Grand Marshal's War Staff,Rare,220.69,190.69,,PvP,1,https://tbc.wowhead.com/item=28959,,121,30,20,30
,13,Warpstaff of Arcanum,Warpstaff of Arcanum,Rare,215.15,191.15,Botanica,Warp Splinter,1,https://tbc.wowhead.com/item=28341,,121,38,16,26
,14,The Bringer of Death,The Bringer of Death,Rare,202.57,,,,1,https://tbc.wowhead.com/item=31308,,121,31,,42
,15,Grand Scepter of the Nexus-Kings,Grand Scepter of the Nexus-Kings,Rare,197.70,169.20,Mana-Tombs,Nexus-Prince Shaffar,1,https://tbc.wowhead.com/item=27842,,121,43,19
,,Ranged,,,,,,,,,,SP,int,hit,crit,haste,Sockets
,1,Wand of the Forgotten Star,Wand of the Forgotten Star,Epic,57.57,41.07,Tempest Keep,High Astromancer Solarian,2,https://tbc.wowhead.com/item=29982,,23,,11,14
,2,Wand of Prismatic Focus,Wand of Prismatic Focus,Epic,49.75,30.25,Black Temple,Gurtogg Bloodboil,3,https://tbc.wowhead.com/item=32343,,25,,13
,3,Tirisfal Wand of Ascendancy,Tirisfal Wand of Ascendancy,Epic,39.42,22.92,Karazhan,Shade of Aran,1,https://tbc.wowhead.com/item=28673,,15,9,11
,4,Eredar Wand of Obliteration,Eredar Wand of Obliteration,Epic,38.43,,Magtheridon's Lair,Magtheridon,1,https://tbc.wowhead.com/item=28783,,16,11,,14
,5,The Black Stalk,The Black Stalk,Epic,34.61,,Underbog,The Black Stalker,1,https://tbc.wowhead.com/item=29350,,20,,,11
,6,Nether Core's Control Rod,Nether Core's Control Rod,Rare,33.03,21.03,Arcatraz,Dalliah the Doomsayer,1,https://tbc.wowhead.com/item=28386,,13,10,8
,7,Doomfinger,Doomfinger,Epic,32.60,,Naxxramas,Kel'Thuzad,1,https://tbc.wowhead.com/item=22821,,16,,,14
,8,Illidari Rod of Discipline,Illidari Rod of Discipline,Uncommon,30.25,,,Subdue the Subduer,0,https://tbc.wowhead.com/item=32872,,13,,,,,Blue
,9,Flawless Wand of Wrath,Flawless Wand of Wrath,Uncommon,30.25,,,World Drop,1,https://tbc.wowhead.com/item=25295,,25
,10,Wand of Fates,Wand of Fates,Epic,30.23,18.23,Naxxramas,Patchwerk,1,https://tbc.wowhead.com/item=22820,,12,7,8
,11,Vengeful Gladiator's Touch of Defeat,Vengeful Gladiator's Touch of Defeat,Epic,29.20,,Season 3,PvP,3,https://tbc.wowhead.com/item=33764,,18,14
,12,Voidfire Wand,Voidfire Wand,Rare,28.58,18.08,Mana-Tombs,Pandemonius,1,https://tbc.wowhead.com/item=25939,,11,9,7
,13,Nesingwary Safari Stick,Nesingwary Safari Stick,Rare,28.29,,,The Ultimate Bloodsport,1,https://tbc.wowhead.com/item=25640,,14,,,12
,14,Nethekurse's Rod of Torment,Nethekurse's Rod of Torment,Rare,28.07,,Hellfire Peninsula,Turning the Tide,1,https://tbc.wowhead.com/item=25806,,11,10,,10
,15,Rod of Dire Shadows,Rod of Dire Shadows,Rare,28.07,,Hellfire Peninsula,The Will of the Warchief,1,https://tbc.wowhead.com/item=25808,,11,10,,10
