Fury Phase 3,,,"Credit: Custom values, private server"
,,Item,,,EPV,If Hit  Capped,Location,Phase,,,Stats
,,Head,,,,,,,,,,ap,str,agi,hit,crit,haste,arp,exp,socket
,1,Cursed Vision of Sargeras,Cursed Vision of Sargeras,Epic,182.32,168.88,Black Temple,Illidan Stormrage,3,https://tbc.wowhead.com/item=32235,,108,,39,21,38,,,,Meta,Yellow
,2,Helm of the Illidari Shatterer,Helm of the Illidari Shatterer,Epic,166.76,145.00,Black Temple,High Nethermancer Zerevor,3,https://tbc.wowhead.com/item=32373,,,51,,34,42,,,,Meta,Yellow
,3,Onslaught Battle-Helm,Onslaught Battle-Helm,Epic,157.96,,Hyjal Summit,Archimonde,3,https://tbc.wowhead.com/item=30972,,,54,41,,,,105,,Meta,Red
,4,Vengeful Gladiator's Plate Helm,Vengeful Gladiator's Plate Helm,Epic,152.08,144.40,Season 3,PvP,3,https://tbc.wowhead.com/item=33730,,,39,,12,35,,84,,Meta,Yellow
,5,Forest Prowler's Helm,Forest Prowler's Helm,Epic,149.18,,Black Temple,High Nethermancer Zerevor,3,https://tbc.wowhead.com/item=32376,,100,,42,,20,,,,Red,Meta
,6,Destroyer Battle-Helm,Destroyer Battle-Helm,Epic,148.48,135.04,Serpentshrine Cavern,Lady Vashj,2,https://tbc.wowhead.com/item=30120,,,47,,21,36,,,,Meta,Blue
,7,Furious Gizmatic Goggles,Furious Gizmatic Goggles,Epic,146.36,138.04,Engineering,Crafted,2,https://tbc.wowhead.com/item=32461,,,48,,13,38,,,,Meta,Blue
,8,Warbringer Battle-Helm,Warbringer Battle-Helm,Epic,129.84,120.88,Karazhan,Prince Malchezaar,1,https://tbc.wowhead.com/item=29021,,,45,,14,24,,,,Meta,Yellow
,9,Merciless Gladiator's Plate Helm,Merciless Gladiator's Plate Helm,Epic,127.38,118.42,Season 2,PvP,2,https://tbc.wowhead.com/item=30488,,,35,,14,31,,,,Meta,Yellow
,10,Mask of the Deceiver,Mask of the Deceiver,Epic,115.60,105.36,Badge of Justice,G'eras,1,https://tbc.wowhead.com/item=32087,,64,,32,16,,,,,Yellow,Meta
,11,Wastewalker Helm,Wastewalker Helm,Rare,112.08,100.56,Old Hillsbrad Foothills,Epoch Hunter,1,https://tbc.wowhead.com/item=28224,,56,,,18,22,,,,Blue,Meta
,12,Gladiator's Plate Helm,Gladiator's Plate Helm,Epic,110.56,,Season 1,PvP,1,https://tbc.wowhead.com/item=24545,,,30,,,28,,,,Meta,Yellow
,13,Helm of the Claw,Helm of the Claw,Rare,110.03,101.07,Zangarmarsh,The Warlord's Hideout,1,https://tbc.wowhead.com/item=28182,,66,,25,14,,,,,Yellow,Meta
,14,Fel-Steel Warhelm,Fel-Steel Warhelm,Epic,108.24,89.04,Tempest Keep,Void Reaver,2,https://tbc.wowhead.com/item=29983,,,46,,30,44
,15,Helm of Assassination,Helm of Assassination,Rare,108.07,,Arcatraz,Harbinger Skyriss,1,https://tbc.wowhead.com/item=28414,,66,,,,25,,,,Yellow,Meta
,,Neck,,,,,,,,,,ap,str,agi,hit,crit,haste,arp,exp,socket
,1,Choker of Endless Nightmares,Choker of Endless Nightmares,Epic,73.02,59.58,Black Temple,Supremus,3,https://tbc.wowhead.com/item=32260,,72,,,21,27
,2,Choker of Serrated Blades,Choker of Serrated Blades,Epic,68.78,,Hyjal Summit,Trash,3,https://tbc.wowhead.com/item=32591,,70,,,,,,175
,3,Braided Eternium Chain (GROUP BUFF),Braided Eternium Chain (GROUP BUFF),Rare,59.80,46.36,Jewelcrafting,Crafted,1,https://tbc.wowhead.com/item=24114,,40,,,21,28
,4,Vindicator's Pendant of Triumph,Vindicator's Pendant of Triumph,Epic,54.89,,Season 3,PvP,3,https://tbc.wowhead.com/item=33923,,50,,,,22,,,,Yellow
,5,Pendant of the Perilous,Pendant of the Perilous,Epic,54.18,,Serpentshrine Cavern,Trash,2,https://tbc.wowhead.com/item=30022,,,32,,,23
,6,Choker of Animalistic Fury,Choker of Animalistic Fury,Epic,51.94,,Serpentshrine Cavern,The Lurker Below,2,https://tbc.wowhead.com/item=30059,,64,,,,23
,7,Telonicus's Pendant of Mayhem,Telonicus's Pendant of Mayhem,Epic,51.13,,Tempest Keep,Kael'thas and the Verdant Sphere,2,https://tbc.wowhead.com/item=30017,,70,,27
,8,Veteran's Pendant of Triumph,Veteran's Pendant of Triumph,Epic,47.25,,Season 2,PvP,2,https://tbc.wowhead.com/item=33066,,42,,,,18,,,,Yellow
,9,Adamantine Chain of the Unbroken,Adamantine Chain of the Unbroken,Epic,45.73,,Slave Pens,Quagmirran,1,https://tbc.wowhead.com/item=29349,,34,,,,30
,10,Choker of Vile Intent,Choker of Vile Intent,Epic,45.01,33.49,Badge of Justice,G'eras,1,https://tbc.wowhead.com/item=29381,,42,,20,18
,11,Amulet of Bitter Hatred,Amulet of Bitter Hatred,Epic,45.01,33.49,Slave Pens,Ahune,3,https://tbc.wowhead.com/item=35507,,42,,20,18
,12,Worgen Claw Necklace,Worgen Claw Necklace,Epic,44.37,33.49,Karazhan,Attumen the Huntsman,1,https://tbc.wowhead.com/item=28509,,42,,20,17
,13,Natasha's Choker,Natasha's Choker,Rare,43.95,37.55,Blade's Edge Mountains,The Hound-Master,1,https://tbc.wowhead.com/item=31695,,50,,,10,15
,14,Haramad's Bargain,Haramad's Bargain,Epic,43.46,,The Consortium,Exalted,1,https://tbc.wowhead.com/item=29119,,,26,25
,15,Mithril Chain of Heroism,Mithril Chain of Heroism,Epic,43.16,,Karazhan,Chess Event,1,https://tbc.wowhead.com/item=28745,,,28,22
,,Shoulders,,,,,,,,,,ap,str,agi,hit,crit,haste,arp,exp,socket
,1,Onslaught Shoulderblades,Onslaught Shoulderblades,Epic,106.27,,Black Temple,Mother Shahraz,3,https://tbc.wowhead.com/item=30979,,,39,39,,,,91,,Yellow,Blue
,2,Swiftstrike Shoulders,Swiftstrike Shoulders,Epic,98.09,,Leatherworking,Crafted,3,https://tbc.wowhead.com/item=32581,,74,,29,,,38
,3,Swiftsteel Shoulders,Swiftsteel Shoulders,Epic,97.53,85.37,Blacksmithing,Crafted,3,https://tbc.wowhead.com/item=32570,,,47,,19,,35
,4,Shoulders of Lightning Reflexes,Shoulders of Lightning Reflexes,Epic,95.46,,Leatherworking,Crafted,3,https://tbc.wowhead.com/item=32575,,74,,27,,,37
,5,Shoulderpads of the Stranger,Shoulderpads of the Stranger,Epic,92.94,,Serpentshrine Cavern,Hydross the Unstable,2,https://tbc.wowhead.com/item=30055,,60,,33,,16,,,10,Red
,6,Blood-stained Pauldrons,Blood-stained Pauldrons,Epic,92.48,77.76,Hyjal Summit,Rage Winterchill,3,https://tbc.wowhead.com/item=30866,,,47,,23,32
,7,Mantle of Darkness,Mantle of Darkness,Epic,89.57,75.49,Black Temple,High Warlord Naj'entus,3,https://tbc.wowhead.com/item=32377,,94,,,22,33
,8,Ripfiend Shoulderplates,Ripfiend Shoulderplates,Epic,88.60,80.28,Hellfire Peninsula,Doom Lord Kazzak,1,https://tbc.wowhead.com/item=30740,,,39,,13,22,,,,Yellow,Yellow
,9,Shoulders of the Hidden Predator,Shoulders of the Hidden Predator,Epic,88.46,,Black Temple,Shade of Akama,3,https://tbc.wowhead.com/item=32264,,76,,38,,26
,10,Destroyer Shoulderblades,Destroyer Shoulderblades,Epic,86.88,75.36,Tempest Keep,Void Reaver,2,https://tbc.wowhead.com/item=30122,,,36,,18,20,,,,Yellow,Blue
,11,Pauldrons of the Wardancer,Pauldrons of the Wardancer,Epic,86.46,,Serpentshrine Cavern,Hydross the Unstable,2,https://tbc.wowhead.com/item=30053,,,38,,,29,,,,Red,Blue
,12,Vengeful Gladiator's Plate Shoulders,Vengeful Gladiator's Plate Shoulders,Epic,82.68,,Season 3,PvP,3,https://tbc.wowhead.com/item=33732,,,33,,,30,,,,Red,Yellow
,13,Mantle of the Tireless Tracker,Mantle of the Tireless Tracker,Epic,78.42,,Serpentshrine Cavern,Morogrim Tidewalker,2,https://tbc.wowhead.com/item=30085,,64,,22,,33
,14,Razorfury Mantle,Razorfury Mantle,Epic,78.00,,Hyjal Summit,Kaz'rogal,3,https://tbc.wowhead.com/item=30917,,76,,28,,23
,15,Bladed Shoulderpads of the Merciless,Bladed Shoulderpads of the Merciless,Epic,75.95,67.63,Karazhan,Chess Event,1,https://tbc.wowhead.com/item=28755,,58,,,13,21,,,,Yellow,Yellow
,,Back,,,,,,,,,,ap,str,agi,hit,crit,haste,arp,exp,socket
,1,Shadowmoon Destroyer's Drape,Shadowmoon Destroyer's Drape,Epic,67.40,56.52,Black Temple,Teron Gorefiend,3,https://tbc.wowhead.com/item=32323,,72,,,17,24
,2,Black-Iron Battlecloak,Black-Iron Battlecloak,Epic,57.30,,Shadowmoon Valley,Doomwalker,1,https://tbc.wowhead.com/item=30729,,60,,,,30
,3,Vengeance Wrap,Vengeance Wrap,Epic,56.80,,Tailoring,Crafted,1,https://tbc.wowhead.com/item=24259,,52,,,,23,,,,Red
,4,Cloak of Darkness (melee),Cloak of Darkness (melee),Epic,56.76,,Tailoring,Crafted,3,https://tbc.wowhead.com/item=33122,,,23,,,24,,,,Blue
,5,Thalassian Wildercloak,Thalassian Wildercloak,Epic,50.98,,Tempest Keep,Kael'thas Sunstrider,2,https://tbc.wowhead.com/item=29994,,68,,28
,6,Cloak of the Pit Stalker,Cloak of the Pit Stalker,Epic,49.40,,Magtheridon's Lair,Magtheridon,1,https://tbc.wowhead.com/item=28777,,56,,,,24
,7,Razor-Scale Battlecloak,Razor-Scale Battlecloak,Epic,48.70,,Serpentshrine Cavern,Morogrim Tidewalker,2,https://tbc.wowhead.com/item=30098,,,33,23
,8,Drape of the Dark Reavers,Drape of the Dark Reavers,Epic,43.77,32.89,Karazhan,Shade of Aran,1,https://tbc.wowhead.com/item=28672,,34,,24,17
,9,Cloak of the Inciter,Cloak of the Inciter,Rare,41.95,31.71,Shadow Labyrinth,Blackheart the Inciter,1,https://tbc.wowhead.com/item=27892,,30,,,16,18
,10,Crystalweave Cape,Crystalweave Cape,Rare,41.00,,Tailoring,Crafted,3,https://tbc.wowhead.com/item=32665,,,,15,,,26
,11,Netherfury Cape,Netherfury Cape,Rare,39.66,,Botanica,Warp Splinter,1,https://tbc.wowhead.com/item=28371,,,19,,,21
,12,Blood Knight War Cloak,Blood Knight War Cloak,Epic,38.38,,Badge of Justice,G'eras,1,https://tbc.wowhead.com/item=29382,,48,,23
,13,The Frost Lord's War Cloak,The Frost Lord's War Cloak,Epic,38.38,,Slave Pens,Ahune,3,https://tbc.wowhead.com/item=35495,,48,,23
,14,Auchenai Death Shroud,Auchenai Death Shroud,Rare,38.00,27.12,Auchenai Crypts,Avatar of the Martyred,1,https://tbc.wowhead.com/item=27878,,36,,15,17
,15,Terokk's Might,Terokk's Might,Epic,36.76,,Terokkar Forest,Terokk,1,https://tbc.wowhead.com/item=32540,,56,,16
,,Chest,,,,,,,,,,ap,str,agi,hit,crit,haste,arp,exp,socket
,1,Onslaught Breastplate,Onslaught Breastplate,Epic,143.97,133.73,Black Temple,Illidan Stormrage,3,https://tbc.wowhead.com/item=30975,,,53,34,16,,,126,,Red,Blue,Blue
,2,Midnight Chestguard,Midnight Chestguard,Epic,143.25,124.69,Hyjal Summit,Archimonde,3,https://tbc.wowhead.com/item=30905,,106,,,29,46,,,,Blue,Red,Yellow
,3,Vengeful Gladiator's Plate Chestpiece,Vengeful Gladiator's Plate Chestpiece,Epic,133.56,125.88,Season 3,PvP,3,https://tbc.wowhead.com/item=33728,,,39,,12,39,,84,,Red,Red,Yellow
,4,Bloodsea Brigand's Vest,Bloodsea Brigand's Vest,Epic,125.54,108.26,Serpentshrine Cavern,Fathom-Lord Karathress,2,https://tbc.wowhead.com/item=30101,,92,,,27,36,,,,Yellow,Yellow,Blue
,5,Heartshatter Breastplate,Heartshatter Breastplate,Epic,124.56,105.36,Black Temple,Mother Shahraz,3,https://tbc.wowhead.com/item=32365,,,63,,30,44
,6,Destroyer Breastplate,Destroyer Breastplate,Epic,121.86,112.26,Tempest Keep,Kael'thas Sunstrider,2,https://tbc.wowhead.com/item=30118,,,50,,15,33,,,,Yellow,Blue,Red
,7,Nether Shadow Tunic,Nether Shadow Tunic,Epic,117.91,95.51,Black Temple,Supremus,3,https://tbc.wowhead.com/item=32252,,86,,36,35,,,,,Red,Yellow,Blue
,8,Bulwark of Kings,Bulwark of Kings,Epic,116.66,101.94,Blacksmithing,Crafted,1,https://tbc.wowhead.com/item=28484,,,35,,23,37,,,,Blue,Yellow,Yellow
,9,Mail of Fevered Pursuit,Mail of Fevered Pursuit,Epic,113.90,,Hyjal Summit,Archimonde,3,https://tbc.wowhead.com/item=30907,,108,,49,,29
,10,Terrorweave Tunic,Terrorweave Tunic,Epic,112.26,98.82,Shadowmoon Valley,Doomwalker,1,https://tbc.wowhead.com/item=30730,,96,,,21,25,,,,Red,Yellow,Yellow
,11,Ranger-General's Chestguard,Ranger-General's Chestguard,Epic,110.68,,Serpentshrine Cavern,Hydross the Unstable,2,https://tbc.wowhead.com/item=30054,,88,,36,,14,,,,Blue,Red,Yellow
,12,Krakken-Heart Breastplate,Krakken-Heart Breastplate,Epic,109.58,90.38,Serpentshrine Cavern,Lady Vashj,2,https://tbc.wowhead.com/item=30102,,,61,43,30
,13,Merciless Gladiator's Plate Chestpiece,Merciless Gladiator's Plate Chestpiece,Epic,108.86,99.90,Season 2,PvP,2,https://tbc.wowhead.com/item=30486,,,35,,14,35,,,,Red,Red,Yellow
,14,Breastplate of Kings,Breastplate of Kings,Epic,104.78,91.98,Blacksmithing,Crafted,1,https://tbc.wowhead.com/item=28483,,,31,,20,31,,,,Blue,Yellow,Yellow
,15,Warbringer Breastplate,Warbringer Breastplate,Epic,99.36,,Magtheridon's Lair,Magtheridon,1,https://tbc.wowhead.com/item=29019,,,44,,,26,,,,Yellow,Blue,Blue
,,Wrist,,,,,,,,,,ap,str,agi,hit,crit,haste,arp,exp,socket
,1,Deadly Cuffs,Deadly Cuffs,Epic,72.25,64.57,Hyjal Summit,Rage Winterchill,3,https://tbc.wowhead.com/item=30863,,58,,,12,28,,,,Yellow
,2,Bindings of Lightning Reflexes,Bindings of Lightning Reflexes,Epic,71.51,,Leatherworking,Crafted,3,https://tbc.wowhead.com/item=32574,,56,,21,,,27
,3,Bracers of Eradication,Bracers of Eradication,Epic,69.56,58.68,Serpentshrine Cavern,The Lurker Below,2,https://tbc.wowhead.com/item=30057,,,25,,17,24,,,,Blue
,4,Swiftstrike Bracers,Swiftstrike Bracers,Epic,68.10,,Leatherworking,Crafted,3,https://tbc.wowhead.com/item=32580,,50,,20,,,27
,5,Swiftsteel Bracers,Swiftsteel Bracers,Epic,64.65,,Blacksmithing,Crafted,3,https://tbc.wowhead.com/item=32568,,,35,,,,27
,6,Insidious Bands,Insidious Bands,Epic,64.41,56.73,Black Temple,Teron Gorefiend,3,https://tbc.wowhead.com/item=32324,,58,,28,12,,,,,Yellow
,7,Bladespire Warbands,Bladespire Warbands,Epic,64.08,,Gruul's Lair,High King Maulgar,1,https://tbc.wowhead.com/item=28795,,,20,,,24,,,,Blue,Red
,8,Furious Shackles,Furious Shackles,Epic,63.18,,Hyjal Summit,Rage Winterchill,3,https://tbc.wowhead.com/item=30861,,,35,,,19,,,,Yellow
,9,Wraps of Precise Flight,Wraps of Precise Flight,Epic,58.51,,Black Temple,Supremus,3,https://tbc.wowhead.com/item=32251,,58,,18,,19
,10,True-Aim Stalker Bands,True-Aim Stalker Bands,Epic,56.93,,Serpentshrine Cavern,Leotheras the Blind,2,https://tbc.wowhead.com/item=30091,,50,,,,24,,,,Yellow
,11,Vindicator's Plate Bracers,Vindicator's Plate Bracers,Epic,55.62,,Season 3,PvP,3,https://tbc.wowhead.com/item=33813,,,25,,,21,,,,Yellow
,12,Vindicator's Scaled Bracers,Vindicator's Scaled Bracers,Epic,53.34,,Season 3,PvP,3,https://tbc.wowhead.com/item=33910,,,29,,,15,,,,Yellow
,13,Bands of the Celestial Archer,Bands of the Celestial Archer,Epic,51.28,,Tempest Keep,Trash,2,https://tbc.wowhead.com/item=30026,,48,,17,,17
,14,Vambraces of Ending,Vambraces of Ending,Epic,51.10,,Tempest Keep,High Astromancer Solarian,2,https://tbc.wowhead.com/item=29966,,52,,24,,,,,,Blue
,15,Bracers of the Pathfinder,Bracers of the Pathfinder,Epic,50.06,,Hyjal Summit,Rage Winterchill,3,https://tbc.wowhead.com/item=30864,,48,,25,,,,,,Blue
,,Hands,,,,,,,,,,ap,str,agi,hit,crit,haste,arp,exp,socket
,1,Grips of Silent Justice,Grips of Silent Justice,Epic,106.03,96.43,Black Temple,Shade of Akama,3,https://tbc.wowhead.com/item=32278,,,40,,15,,,175,,Red,Red
,2,Grips of Damnation,Grips of Damnation,Epic,96.35,,Black Temple,Devourer of Souls,3,https://tbc.wowhead.com/item=32347,,76,,27,,,37
,3,Fists of Mukoa,Fists of Mukoa,Epic,94.87,,Black Temple,High Warlord Naj'entus,3,https://tbc.wowhead.com/item=32234,,76,,25,,,37
,4,Pillager's Gauntlets,Pillager's Gauntlets,Epic,91.70,80.18,Black Temple,Trash,3,https://tbc.wowhead.com/item=32608,,,38,,18,,38
,5,Onslaught Gauntlets,Onslaught Gauntlets,Epic,91.33,,Hyjal Summit,Azgalor,3,https://tbc.wowhead.com/item=30969,,,41,30,,,,91,,Red
,6,Gloves of the Searing Grip,Gloves of the Searing Grip,Epic,81.33,,Tempest Keep,Al'ar,2,https://tbc.wowhead.com/item=29947,,66,,33,,,,,18
,7,Liar's Tongue Gloves,Liar's Tongue Gloves,Epic,78.96,,Magtheridon's Lair,Magtheridon,1,https://tbc.wowhead.com/item=28776,,72,,,,26,,,,Blue,Blue
,8,Gauntlets of Martial Perfection,Gauntlets of Martial Perfection,Epic,78.42,,Gruul's Lair,Gruul the Dragonkiller,1,https://tbc.wowhead.com/item=28824,,,36,,,23,,,,Blue,Yellow
,9,Destroyer Gauntlets,Destroyer Gauntlets,Epic,72.84,,Serpentshrine Cavern,Leotheras the Blind,2,https://tbc.wowhead.com/item=30119,,,44,,,30
,10,Fel Leather Gloves,Fel Leather Gloves,Rare,71.78,60.90,Leatherworking,Crafted,1,https://tbc.wowhead.com/item=25685,,36,,,17,24,,,,Yellow,Red
,11,Grips of Deftness,Grips of Deftness,Epic,71.11,,Karazhan,Trash,1,https://tbc.wowhead.com/item=30644,,60,,29,,,,,15
,12,Vengeful Gladiator's Plate Gauntlets,Vengeful Gladiator's Plate Gauntlets,Epic,68.16,,Season 3,PvP,3,https://tbc.wowhead.com/item=33729,,,37,,,32
,13,Felfury Gauntlets,Felfury Gauntlets,Epic,65.74,,Blacksmithing,Crafted,1,https://tbc.wowhead.com/item=23531,,40,,,,27,,,,Red,Blue
,14,Gloves of Dexterous Manipulation,Gloves of Dexterous Manipulation,Epic,64.99,,Karazhan,Attumen the Huntsman,1,https://tbc.wowhead.com/item=28506,,42,,35,,,,,,Red,Blue
,15,Rapscallion's Touch,Rapscallion's Touch,Rare,62.52,52.92,,Rescue Deirom!,1,https://tbc.wowhead.com/item=25969,,,,15,15,21,,,,Red,Yellow
,,Waist,,,,,,,,,,ap,str,agi,hit,crit,haste,arp,exp,socket
,1,Belt of One-Hundred Deaths,Belt of One-Hundred Deaths,Epic,113.04,,Serpentshrine Cavern,Lady Vashj,2,https://tbc.wowhead.com/item=30106,,74,,29,,,,,25,Red,Blue
,2,Boneweave Girdle,Boneweave Girdle,Epic,97.30,86.42,Black Temple,Devourer of Souls,3,https://tbc.wowhead.com/item=32346,,76,,38,17,24
,3,Shadow-walker's Cord,Shadow-walker's Cord,Epic,96.35,,Black Temple,Shade of Akama,3,https://tbc.wowhead.com/item=32265,,76,,27,,,37
,4,Valestalker Girdle,Valestalker Girdle,Epic,95.20,,Hyjal Summit,Kaz'rogal,3,https://tbc.wowhead.com/item=30919,,76,,27,,,36
,5,Don Alejandro's Money Belt,Don Alejandro's Money Belt,Epic,95.06,,Hyjal Summit,Anetheron,3,https://tbc.wowhead.com/item=30879,,76,,29,,19,,,,Red,Yellow
,6,Red Belt of Battle,Red Belt of Battle,Epic,93.20,84.24,Blacksmithing,Crafted,2,https://tbc.wowhead.com/item=30032,,,41,,14,24,,,,Blue,Yellow
,7,Belt of Seething Fury,Belt of Seething Fury,Epic,89.78,,Hyjal Summit,Kaz'rogal,3,https://tbc.wowhead.com/item=30915,,,48,,,,38
,8,Belt of Deep Shadow,Belt of Deep Shadow,Epic,84.97,73.45,Leatherworking,Crafted,2,https://tbc.wowhead.com/item=30040,,66,,32,18,,,,,Blue,Blue
,9,Girdle of the Lightbearer,Girdle of the Lightbearer,Epic,83.84,,Black Temple,Trash,3,https://tbc.wowhead.com/item=32606,,,49,,,,32
,10,Girdle of the Endless Pit,Girdle of the Endless Pit,Epic,81.60,,Magtheridon's Lair,Magtheridon,1,https://tbc.wowhead.com/item=28779,,,34,,,28,,,,Red,Blue
,11,Belt of the Black Eagle,Belt of the Black Eagle,Epic,79.69,,Leatherworking,Crafted,2,https://tbc.wowhead.com/item=30046,,66,,17,,17,,,,Blue,Yellow
,12,Gronn-Stitched Girdle,Gronn-Stitched Girdle,Epic,77.94,,Gruul's Lair,Gruul the Dragonkiller,1,https://tbc.wowhead.com/item=28828,,72,,,,25,,,,Blue,Yellow
,13,Vindicator's Plate Belt,Vindicator's Plate Belt,Epic,69.30,,Season 3,PvP,3,https://tbc.wowhead.com/item=33811,,,35,,,35
,14,Girdle of the Tidal Call,Girdle of the Tidal Call,Epic,67.26,,Serpentshrine Cavern,Morogrim Tidewalker,2,https://tbc.wowhead.com/item=30068,,,35,,,33
,15,Vindicator's Scaled Belt,Vindicator's Scaled Belt,Epic,65.94,,Season 3,PvP,3,https://tbc.wowhead.com/item=33909,,,40,,,27
,,Ring,,,,,,,,,,ap,str,agi,hit,crit,haste,arp,exp,socket
,1,Stormrage Signet Ring,Stormrage Signet Ring,Epic,75.66,56.46,Black Temple,Illidan Stormrage,3,https://tbc.wowhead.com/item=32497,,66,,,30,,,126
,2,Unstoppable Aggressor's Ring,Unstoppable Aggressor's Ring,Epic,65.16,,Black Temple,Gurtogg Bloodboil,3,https://tbc.wowhead.com/item=32335,,,36,,,30
,3,Band of Devastation,Band of Devastation,Epic,65.02,,Black Temple,Trash,3,https://tbc.wowhead.com/item=32526,,66,,,,,31
,4,Band of the Ranger-General,Band of the Ranger-General,Epic,65.00,53.48,Tempest Keep,Kael'thas Sunstrider,2,https://tbc.wowhead.com/item=29997,,56,,,18,28
,5,Band of the Eternal Champion,Band of the Eternal Champion,Epic,60.18,,Tanaris,Champion's Covenant,3,https://tbc.wowhead.com/item=29301,,87,,29
,6,Vindicator's Band of Triumph,Vindicator's Band of Triumph,Epic,58.14,,Season 3,PvP,3,https://tbc.wowhead.com/item=33919,,44,,,,26,,56
,7,Ring of Reciprocity,Ring of Reciprocity,Epic,56.57,46.97,Hellfire Peninsula,Doom Lord Kazzak,1,https://tbc.wowhead.com/item=30738,,62,,,15,19
,8,Ring of a Thousand Marks,Ring of a Thousand Marks,Epic,55.20,43.04,Karazhan,Prince Malchezaar,1,https://tbc.wowhead.com/item=28757,,44,,,19,23
,9,Ring of Deceitful Intent,Ring of Deceitful Intent,Epic,53.51,41.35,Black Temple,Shade of Akama,3,https://tbc.wowhead.com/item=32266,,58,,21,19
,10,Ring of Lethality,Ring of Lethality,Epic,52.17,40.01,Serpentshrine Cavern,Hydross the Unstable,2,https://tbc.wowhead.com/item=30052,,50,,24,19
,11,Shaffar's Band of Brutality,Shaffar's Band of Brutality,Epic,50.36,38.20,Mana-Tombs,Yor,1,https://tbc.wowhead.com/item=31920,,40,,,19,20
,12,Shapeshifter's Signet,Shapeshifter's Signet,Epic,49.10,,Lower City,Exalted,1,https://tbc.wowhead.com/item=30834,,,,25,,,,,20
,13,Band of Eternity (revered),Band of Eternity (revered),Epic,48.16,,Tanaris,Champion's Oath,3,https://tbc.wowhead.com/item=29300,,60,,29
,14,Mithril Band of the Unscarred,Mithril Band of the Unscarred,Epic,47.40,,Karazhan,Netherspite,1,https://tbc.wowhead.com/item=28730,,,26,,,22
,15,Ancestral Ring of Conquest,Ancestral Ring of Conquest,Epic,46.26,,Serpentshrine Cavern,The Lurker Below,2,https://tbc.wowhead.com/item=30061,,,32,21
,,Legs,,,,,,,,,,ap,str,agi,hit,crit,haste,arp,exp,socket
,1,Leggings of Divine Retribution,Leggings of Divine Retribution,Epic,159.91,,Black Temple,Gurtogg Bloodboil,3,https://tbc.wowhead.com/item=32341,,,51,,,35,,350
,2,Onslaught Greaves,Onslaught Greaves,Epic,131.60,122.64,Black Temple,Illidari Council,3,https://tbc.wowhead.com/item=30977,,,62,41,14,,,105,,Blue
,3,Bow-stitched Leggings,Bow-stitched Leggings,Epic,126.58,,Hyjal Summit,Azgalor,3,https://tbc.wowhead.com/item=30900,,100,,42,,20,,,,Red,Yellow,Blue
,4,Legguards of Endless Rage,Legguards of Endless Rage,Epic,126.28,114.12,Hyjal Summit,Archimonde,3,https://tbc.wowhead.com/item=30903,,,70,,19,46
,5,Vengeful Gladiator's Plate Legguards,Vengeful Gladiator's Plate Legguards,Epic,122.64,114.96,Season 3,PvP,3,https://tbc.wowhead.com/item=33731,,,51,,12,47,,84
,6,Shady Dealer's Pantaloons,Shady Dealer's Pantaloons,Epic,120.02,,Hyjal Summit,Azgalor,3,https://tbc.wowhead.com/item=30898,,102,,50,,,,175
,7,Leggings of Murderous Intent,Leggings of Murderous Intent,Epic,111.98,,Tempest Keep,Kael'thas Sunstrider,2,https://tbc.wowhead.com/item=29995,,92,,45,,37
,8,Greaves of the Bloodwarder,Greaves of the Bloodwarder,Epic,109.26,,Tempest Keep,High Astromancer Solarian,2,https://tbc.wowhead.com/item=29950,,,49,,,31,,,,Red,Yellow,Blue
,9,Destroyer Greaves,Destroyer Greaves,Epic,106.84,92.76,Serpentshrine Cavern,Fathom-Lord Karathress,2,https://tbc.wowhead.com/item=30121,,,52,,22,32,,,,Red
,10,Scaled Greaves of the Marksman,Scaled Greaves of the Marksman,Epic,102.04,91.80,Hellfire Peninsula,Doom Lord Kazzak,1,https://tbc.wowhead.com/item=30739,,76,,37,16,,,,,Red,Red,Red
,11,Skulker's Greaves,Skulker's Greaves,Epic,100.68,82.76,Karazhan,Netherspite,1,https://tbc.wowhead.com/item=28741,,64,,32,28,,,,,Red,Red,Blue
,12,Merciless Gladiator's Plate Legguards,Merciless Gladiator's Plate Legguards,Epic,97.94,88.98,Season 2,PvP,2,https://tbc.wowhead.com/item=30489,,,47,,14,43
,13,Midnight Legguards,Midnight Legguards,Epic,97.50,86.62,Slave Pens,Quagmirran,1,https://tbc.wowhead.com/item=30538,,64,,,17,27,,,,Red,Red,Blue
,14,Void Reaver Greaves,Void Reaver Greaves,Epic,97.14,,Tempest Keep,Void Reaver,2,https://tbc.wowhead.com/item=29985,,88,,37,,,,,,Red,Yellow,Blue
,15,Fel Leather Leggings,Fel Leather Leggings,Rare,95.24,79.24,Leatherworking,Crafted,1,https://tbc.wowhead.com/item=25687,,52,,,25,25,,,,Red,Yellow,Yellow
,,Feet,,,,,,,,,,ap,str,agi,hit,crit,haste,arp,exp,socket
,1,Dreadboots of the Legion,Dreadboots of the Legion,Epic,99.00,87.48,Black Temple,Devourer of Souls,3,https://tbc.wowhead.com/item=32345,,,38,,18,30,,,,Yellow,Yellow
,2,Shadowmaster's Boots,Shadowmaster's Boots,Epic,93.76,,Black Temple,Mother Shahraz,3,https://tbc.wowhead.com/item=32366,,76,,30,,17,,,,Red,Yellow
,3,Softstep Boots of Tracking,Softstep Boots of Tracking,Epic,91.20,80.32,Black Temple,Teron Gorefiend,3,https://tbc.wowhead.com/item=32510,,76,,27,17,26
,4,Boots of Utter Darkness,Boots of Utter Darkness,Epic,76.73,62.01,Leatherworking,Crafted,2,https://tbc.wowhead.com/item=30039,,66,,,23,32
,5,Quickstrider Moccasins,Quickstrider Moccasins,Epic,76.53,66.93,Hyjal Summit,Anetheron,3,https://tbc.wowhead.com/item=30880,,58,,28,15,,,,,Red,Yellow
,6,Star-Strider Boots,Star-Strider Boots,Epic,74.19,,Tempest Keep,High Astromancer Solarian,2,https://tbc.wowhead.com/item=29951,,66,,33,,,,,,Blue,Blue
,7,Cobra-Lash Boots,Cobra-Lash Boots,Epic,74.19,,Serpentshrine Cavern,Lady Vashj,2,https://tbc.wowhead.com/item=30104,,66,,33,,,,,,Blue,Red
,8,Warboots of Obliteration,Warboots of Obliteration,Epic,73.86,,Serpentshrine Cavern,Morogrim Tidewalker,2,https://tbc.wowhead.com/item=30081,,,44,,,31
,9,Edgewalker Longboots,Edgewalker Longboots,Epic,69.76,61.44,Karazhan,Moroes,1,https://tbc.wowhead.com/item=28545,,44,,29,13,,,,,Red,Yellow
,10,Fel Leather Boots,Fel Leather Boots,Rare,69.76,53.76,Leatherworking,Crafted,1,https://tbc.wowhead.com/item=25686,,36,,,25,17,,,,Yellow,Red
,11,Vindicator's Plate Greaves,Vindicator's Plate Greaves,Epic,69.30,,Season 3,PvP,3,https://tbc.wowhead.com/item=33812,,,35,,,35
,12,Ironstriders of Urgency,Ironstriders of Urgency,Epic,66.88,,Karazhan,Nightbane,1,https://tbc.wowhead.com/item=28608,,,33,20,,,,,,Red,Yellow
,13,Vortex Walking Boots,Vortex Walking Boots,Epic,66.66,,Ogri'la,Exalted,3,https://tbc.wowhead.com/item=32648,,,28,,,19,,,,Yellow,Blue
,14,Vindicator's Scaled Greaves,Vindicator's Scaled Greaves,Epic,65.94,,Season 3,PvP,3,https://tbc.wowhead.com/item=33911,,,40,,,27
,15,Boots of the Crimson Hawk,Boots of the Crimson Hawk,Epic,65.91,,Leatherworking,Crafted,2,https://tbc.wowhead.com/item=30045,,58,,28,,19
,,Trinket,,,,,,,,,,ap,str,agi,hit,crit,haste,arp,exp,socket
,1,Dragonspine Trophy,Dragonspine Trophy,Epic,167.30,,Gruul's Lair,Gruul the Dragonkiller,1,https://tbc.wowhead.com/item=28830,,40,,,,,130
,2,Solarian's Sapphire (Group AP Buff),Solarian's Sapphire (Group AP Buff),Epic,155.75,,Tempest Keep,High Astromancer Solarian,2,https://tbc.wowhead.com/item=30446,,350
,3,Madness of the Betrayer,Madness of the Betrayer,Epic,82.43,69.63,Black Temple,High Nethermancer Zerevor,3,https://tbc.wowhead.com/item=32505,,84,,,20,,,150
,4,Tsunami Talisman,Tsunami Talisman,Epic,72.67,66.27,Serpentshrine Cavern,Leotheras the Blind,2,https://tbc.wowhead.com/item=30627,,61.82,,,10,38
,5,Mark of the Champion (undead/demon),Mark of the Champion (undead/demon),Epic,66.75,,Naxxramas,The Fall of Kel'Thuzad,1,https://tbc.wowhead.com/item=23206,,150
,6,Hourglass of the Unraveller,Hourglass of the Unraveller,Rare,54.89,,Black Morass,Temporus,1,https://tbc.wowhead.com/item=28034,,50,,,,32
,7,Darkmoon Card: Crusade,Darkmoon Card: Crusade,Epic,53.40,,Darkmoon Faire,,2,https://tbc.wowhead.com/item=31856,,120
,8,Abacus of Violent Odds,Abacus of Violent Odds,Rare,53.38,,Mechanar,Pathaleon the Calculator,1,https://tbc.wowhead.com/item=28288,,64,,,,,21.65
,9,Bloodlust Brooch,Bloodlust Brooch,Epic,52.51,,Badge of Justice,G'eras,1,https://tbc.wowhead.com/item=29383,,118
,10,Kiss of the Spider,Kiss of the Spider,Epic,49.43,43.03,Naxxramas,Maexxna,0,https://tbc.wowhead.com/item=22954,,,,,10,14,25
,11,Slayer's Crest,Slayer's Crest,Epic,47.62,,Naxxramas,Sapphiron,0,https://tbc.wowhead.com/item=23041,,107
,12,Bladefist's Breadth,Bladefist's Breadth,Rare,41.21,,Hellfire Peninsula,Overlord,1,https://tbc.wowhead.com/item=28041,,33,,,,26
,13,Badge of the Swarmguard,Badge of the Swarmguard,Epic,40.85,,Ahn'Qiraj,Battleguard Sartura,0,https://tbc.wowhead.com/item=21670,,,,,,,,190
,14,Icon of Unyielding Courage,Icon of Unyielding Courage,Rare,40.70,21.50,Blood Furnace,Keli'dan the Breaker,1,https://tbc.wowhead.com/item=28121,,,,,30,,,100
,15,Core of Ar'kelos,Core of Ar'kelos,Uncommon,37.83,,Archmage Vargoth,Ar'kelos the Guardian,1,https://tbc.wowhead.com/item=29776,,85
,,Ranged,,,,,,,,,,ap,str,agi,hit,crit,haste,arp,exp,socket
,1,Serpent Spine Longbow,Serpent Spine Longbow,Epic,33.23,,Serpentshrine Cavern,Lady Vashj,2,https://tbc.wowhead.com/item=30105,,38,,,,16
,2,Barrel-Blade Longrifle,Barrel-Blade Longrifle,Epic,32.24,,Shadowmoon Valley,Doomwalker,1,https://tbc.wowhead.com/item=30724,,,,16,,,,,,Red,Red
,3,Sunfury Bow of the Phoenix,Sunfury Bow of the Phoenix,Epic,29.19,,Karazhan,Prince Malchezaar,1,https://tbc.wowhead.com/item=28772,,34,,19
,4,Mama's Insurance,Mama's Insurance,Uncommon,27.76,,,Declawing Doomclaw,1,https://tbc.wowhead.com/item=30279,,32,,10,,6
,5,Arcanite Steam-Pistol,Arcanite Steam-Pistol,Epic,26.96,14.80,Tempest Keep,Al'ar,2,https://tbc.wowhead.com/item=29949,,,,20,19
,6,Veteran's Musket,Veteran's Musket,Epic,25.71,18.67,Honor Hold,Exalted,1,https://tbc.wowhead.com/item=29151,,22,,12,11
,7,Marksman's Bow,Marksman's Bow,Epic,25.71,18.67,Thrallmar,Exalted,1,https://tbc.wowhead.com/item=29152,,22,,12,11
,8,Bristleblitz Striker,Bristleblitz Striker,Epic,25.50,,Hyjal Summit,Archimonde,3,https://tbc.wowhead.com/item=30906,,,,,,25
,9,Wolfslayer Sniper Rifle,Wolfslayer Sniper Rifle,Epic,25.34,,Karazhan,The Big Bad Wolf,1,https://tbc.wowhead.com/item=28581,,32,,15
,10,Nerubian Slavemaker,Nerubian Slavemaker,Epic,24.96,,Naxxramas,Kel'Thuzad,1,https://tbc.wowhead.com/item=22812,,24,,,,14
,11,Emberhawk Crossbow,Emberhawk Crossbow,Rare,24.59,,Arcatraz,Wrath-Scryer Soccothrates,1,https://tbc.wowhead.com/item=28397,,14,,,,18
,12,Steelhawk Crossbow,Steelhawk Crossbow,Epic,23.59,13.35,Karazhan,Attumen the Huntsman,1,https://tbc.wowhead.com/item=28504,,30,,,16
,13,Wrathfire Hand-Cannon,Wrathfire Hand-Cannon,Rare,23.55,,Shadow Labyrinth,Grandmaster Vorpil,1,https://tbc.wowhead.com/item=27898,,30,,,,10
,14,Hemet's Elekk Gun,Hemet's Elekk Gun,Rare,22.92,,Nagrand,The Ultimate Bloodsport,1,https://tbc.wowhead.com/item=25639,,24,,,,12
,15,Wrathtide Longbow,Wrathtide Longbow,Epic,22.82,,Steamvault,Warlord Kalithresh,1,https://tbc.wowhead.com/item=29351,,28,,14
,,Main Hand,,,,,,,,,,type,dps,spd,ap,str,agi,hit,crit,haste,arp,exp,socket
,1,Warglaive of Azzinoth,Warglaive of Azzinoth,Legendary,"1,919.90","1,906.46",Black Temple,Illidan Stormrage,3,https://tbc.wowhead.com/item=32837,,Main Hand,Sword,109.3,2.8,44,,22,21
,2,Syphon of the Nathrezim,Syphon of the Nathrezim,Epic,"1,737.75",,Black Temple,Supremus,3,https://tbc.wowhead.com/item=32262,,One Hand,Mace,100.2,2.8,50
,3,Vengeful Gladiator's Right Ripper,Vengeful Gladiator's Right Ripper,Epic,"1,692.51","1,687.39",Season 3,PvP,3,https://tbc.wowhead.com/item=33737,,Main Hand,Fist,103.1,2.6,34,,,8,21,,49
,4,Vengeful Gladiator's Cleaver,Vengeful Gladiator's Cleaver,Epic,"1,692.51","1,687.39",Season 3,PvP,3,https://tbc.wowhead.com/item=33669,,One Hand,Axe,103.1,2.6,34,,,8,21,,49
,5,Vengeful Gladiator's Pummeler,Vengeful Gladiator's Pummeler,Epic,"1,692.51","1,687.39",Season 3,PvP,3,https://tbc.wowhead.com/item=33733,,One Hand,Mace,103.1,2.6,34,,,8,21,,49
,6,Dragonstrike (melee proc),Dragonstrike (melee proc),Epic,"1,685.24",,Blacksmithing,Crafted,2,https://tbc.wowhead.com/item=28439,,Main Hand,Mace,97.6,2.7,,,,,,63.6
,7,Rod of the Sun King,Rod of the Sun King,Epic,"1,677.54",,Tempest Keep,Kael'thas Sunstrider,2,https://tbc.wowhead.com/item=29996,,One Hand,Mace,100.2,2.7,52
,8,Wicked Edge of the Planes,Wicked Edge of the Planes,Epic,"1,656.92",,Blacksmithing,Crafted,2,https://tbc.wowhead.com/item=28433,,Main Hand,Axe,97.6,2.7,48,,,,23
,9,Talon of the Phoenix,Talon of the Phoenix,Epic,"1,645.42","1,635.82",Tempest Keep,Al'ar,2,https://tbc.wowhead.com/item=32944,,Main Hand,Fist,96.5,2.7,52,,,15,19
,10,Blade of Infamy,Blade of Infamy,Epic,"1,638.94",,Hyjal Summit,Anetheron,3,https://tbc.wowhead.com/item=30881,,One Hand,Sword,100.2,2.6,56,,28
,11,Talon of Azshara,Talon of Azshara,Epic,"1,635.00","1,622.20",Serpentshrine Cavern,Morogrim Tidewalker,2,https://tbc.wowhead.com/item=30082,,One Hand,Sword,96.5,2.7,40,,15,20
,12,Merciless Gladiator's Right Ripper,Merciless Gladiator's Right Ripper,Epic,"1,590.13","1,583.73",Season 2,PvP,2,https://tbc.wowhead.com/item=32028,,Main Hand,Fist,97.5,2.6,30,,,10,19
,13,Merciless Gladiator's Cleaver,Merciless Gladiator's Cleaver,Epic,"1,590.13","1,583.73",Season 2,PvP,2,https://tbc.wowhead.com/item=31965,,One Hand,Axe,97.5,2.6,30,,,10,19
,14,Merciless Gladiator's Pummeler,Merciless Gladiator's Pummeler,Epic,"1,590.13","1,583.73",Season 2,PvP,2,https://tbc.wowhead.com/item=32026,,One Hand,Mace,97.5,2.6,30,,,10,19
,15,Dragonmaw (melee proc),Dragonmaw (melee proc),Epic,"1,577.14",,Blacksmithing,Crafted,1,https://tbc.wowhead.com/item=28438,,Main Hand,Mace,91.1,2.7,,,,,,63.6
,16,Netherbane,Netherbane,Epic,"1,573.20",,Tempest Keep,Al'ar,2,https://tbc.wowhead.com/item=29924,,One Hand,Axe,96.5,2.6,40,,25
,17,Vengeful Gladiator's Slicer,Vengeful Gladiator's Slicer,Epic,"1,565.61","1,560.49",Season 3,PvP,3,https://tbc.wowhead.com/item=33762,,One Hand,Sword,103.1,2.6,34,,,8,21,,49
,18,Claw of Molten Fury,Claw of Molten Fury,Epic,"1,559.21",,Hyjal Summit,Trash,3,https://tbc.wowhead.com/item=32946,,Main Hand,Fist,100.2,2.7,38,,20
,19,Black Planar Edge,Black Planar Edge,Epic,"1,545.00",,Blacksmithing,Crafted,1,https://tbc.wowhead.com/item=28432,,Main Hand,Axe,91.1,2.7,44,,,,21
,20,Rising Tide,Rising Tide,Epic,"1,504.12","1,490.68",Black Temple,High Warlord Naj'entus,3,https://tbc.wowhead.com/item=32236,,One Hand,Axe,100.2,2.6,44,,,21
,21,The Decapitator,The Decapitator,Epic,"1,493.94",,Karazhan,Prince Malchezaar,1,https://tbc.wowhead.com/item=28767,,Main Hand,Axe,92.1,2.6,,,,,27
,22,Gladiator's Right Ripper,Gladiator's Right Ripper,Epic,"1,485.82","1,480.06",Season 1,PvP,1,https://tbc.wowhead.com/item=28313,,Main Hand,Fist,91.3,2.6,28,,,9,15
,23,The Horseman's Blade,The Horseman's Blade,Epic,"1,478.43",,Scarlet Monestery,Headless Horseman,2,https://tbc.wowhead.com/item=38175,,Main Hand,Sword,87.6,2.7,46,,14
,24,Spiteblade,Spiteblade,Epic,"1,478.43",,Karazhan,Netherspite,1,https://tbc.wowhead.com/item=28729,,One Hand,Sword,87.6,2.7,46,,14
,25,Merciless Gladiator's Slicer,Merciless Gladiator's Slicer,Epic,"1,472.63","1,466.23",Season 2,PvP,2,https://tbc.wowhead.com/item=32052,,One Hand,Sword,97.7,2.6,30,,,10,19
,26,Drakefist Hammer (melee proc),Drakefist Hammer (melee proc),Epic,"1,464.34",,Blacksmithing,Crafted,1,https://tbc.wowhead.com/item=28437,,Main Hand,Mace,84.3,2.7,,,,,,63.6
,27,Hope Ender,Hope Ender,Epic,"1,459.95",,World Boss,Doom Lord Kazzak,1,https://tbc.wowhead.com/item=30733,,One Hand,Sword,89.8,2.6,70
,28,Fool's Bane,Fool's Bane,Epic,"1,439.23",,Karazhan,Terestian Illhoof,1,https://tbc.wowhead.com/item=28657,,Main Hand,Mace,87.5,2.6,30,,,,24,,,,Yellow
,29,The Planar Edge,The Planar Edge,Epic,"1,430.29",,Blacksmithing,Crafted,1,https://tbc.wowhead.com/item=28431,,Main Hand,Axe,84.3,2.7,42,,,,20
,30,Gladiator's Slicer,Gladiator's Slicer,Epic,"1,373.02","1,367.26",Season 1,PvP,1,https://tbc.wowhead.com/item=28295,,One Hand,Sword,91.2,2.6,28,,,9,15
,31,Gladiator's Pummeler,Gladiator's Pummeler,Epic,"1,373.02","1,367.26",Season 1,PvP,1,https://tbc.wowhead.com/item=28305,,One Hand,Mace,91.2,2.6,28,,,9,15
,32,Gladiator's Cleaver,Gladiator's Cleaver,Epic,"1,373.02","1,367.26",Season 1,PvP,1,https://tbc.wowhead.com/item=28308,,One Hand,Axe,91.2,2.6,28,,,9,15
,33,Big Bad Wolf's Paw,Big Bad Wolf's Paw,Epic,"1,372.48",,Karazhan,The Big Bad Wolf,1,https://tbc.wowhead.com/item=28584,,Main Hand,Fist,87.6,2.5,,,17,,20
,34,The Bladefist,The Bladefist,Epic,"1,330.10",,Shattered Halls,Warchief Kargath Bladefist,1,https://tbc.wowhead.com/item=29348,,Main Hand,Fist,83.7,2.6
,35,Vindicator's Brand,Vindicator's Brand,Epic,"1,321.57","1,309.41",Quartermaster Endarin,,1,https://tbc.wowhead.com/item=29124,,One Hand,Sword,81.2,2.6,38,,,19
,36,Blinkstrike,Blinkstrike,Epic,"1,292.50",,,World Drop,1,https://tbc.wowhead.com/item=31332,,One Hand,Sword,89.3,2.6
,37,Runic Hammer,Runic Hammer,Epic,"1,248.95",,Blacksmithing,Crafted,1,https://tbc.wowhead.com/item=23544,,One Hand,Mace,83.5,2.4,50
,38,Illidari-Bane Broadsword (Demon),Illidari-Bane Broadsword (Demon),Rare,"1,225.79",,,Quenching the Blade,1,https://tbc.wowhead.com/item=30788,,One Hand,Sword,71.7,2.7,93
,39,"Gressil, Dawn of Ruin","Gressil, Dawn of Ruin",Epic,"1,225.70",,Naxxramas,Kel'Thuzad,1,https://tbc.wowhead.com/item=23054,,One Hand,Sword,73.1,2.7,40
,40,Reflex Blades,Reflex Blades,Rare,"1,208.88","1,198.64",Arcatraz,Dalliah the Doomsayer,1,https://tbc.wowhead.com/item=28392,,Main Hand,Fist,71.7,2.7,32,,,16
,41,Demonblood Eviscerator,Demonblood Eviscerator,Rare,"1,180.57",,Shattered Halls,Warchief Kargath Bladefist,1,https://tbc.wowhead.com/item=27533,,Main Hand,Fist,71.7,2.6,28,,,,,,,17
,42,Bloodskull Destroyer,Bloodskull Destroyer,Rare,"1,173.31",,Old Hillsbrad Foothills,Lieutenant Drake,1,https://tbc.wowhead.com/item=28210,,One Hand,Mace,71.7,2.6,22,,,,21
,43,The Harvester of Souls,The Harvester of Souls,Rare,"1,172.76",,Auchenai Crypts,Exarch Maladaar,1,https://tbc.wowhead.com/item=27872,,One Hand,Axe,71.7,2.6,,16,,,15
,44,High Warlord's Right Ripper,High Warlord's Right Ripper,Rare,"1,172.05","1,166.93",,PvP,1,https://tbc.wowhead.com/item=28928,,Main Hand,Fist,71.7,2.6,26,,,8,13
,45,Grand Marshal's Right Ripper,Grand Marshal's Right Ripper,Rare,"1,172.05","1,166.93",,PvP,1,https://tbc.wowhead.com/item=28953,,Main Hand,Fist,71.7,2.6,26,,,8,13
,,Off Hand,,,,,,,,,,type,dps,spd,ap,str,agi,hit,crit,haste,arp,exp,socket
,1,Syphon of the Nathrezim,Syphon of the Nathrezim,Epic,"1,737.75",,Black Temple,Supremus,3,https://tbc.wowhead.com/item=32262,,One Hand,Mace,100.2,2.8,50
,2,Vengeful Gladiator's Chopper,Vengeful Gladiator's Chopper,Epic,"1,692.51","1,687.39",Season 3,PvP,3,https://tbc.wowhead.com/item=34015,,Off Hand,Axe,103.1,2.6,34,,,8,21,,49
,3,Vengeful Gladiator's Left Render,Vengeful Gladiator's Left Render,Epic,"1,692.51","1,687.39",Season 3,PvP,3,https://tbc.wowhead.com/item=34016,,Off Hand,Fist,103.1,2.6,34,,,8,21,,49
,4,Vengeful Gladiator's Cleaver,Vengeful Gladiator's Cleaver,Epic,"1,692.51","1,687.39",Season 3,PvP,3,https://tbc.wowhead.com/item=33669,,One Hand,Axe,103.1,2.6,34,,,8,21,,49
,5,Vengeful Gladiator's Pummeler,Vengeful Gladiator's Pummeler,Epic,"1,692.51","1,687.39",Season 3,PvP,3,https://tbc.wowhead.com/item=33733,,One Hand,Mace,103.1,2.6,34,,,8,21,,49
,6,Rod of the Sun King,Rod of the Sun King,Epic,"1,677.54",,Tempest Keep,Kael'thas Sunstrider,2,https://tbc.wowhead.com/item=29996,,One Hand,Mace,100.2,2.7,52
,7,Blade of Infamy,Blade of Infamy,Epic,"1,638.94",,Hyjal Summit,Anetheron,3,https://tbc.wowhead.com/item=30881,,One Hand,Sword,100.2,2.6,56,,28
,8,Talon of Azshara,Talon of Azshara,Epic,"1,635.00","1,622.20",Serpentshrine Cavern,Morogrim Tidewalker,2,https://tbc.wowhead.com/item=30082,,One Hand,Sword,96.5,2.7,40,,15,20
,9,Merciless Gladiator's Cleaver,Merciless Gladiator's Cleaver,Epic,"1,590.13","1,583.73",Season 2,PvP,2,https://tbc.wowhead.com/item=31965,,One Hand,Axe,97.5,2.6,30,,,10,19
,10,Merciless Gladiator's Pummeler,Merciless Gladiator's Pummeler,Epic,"1,590.13","1,583.73",Season 2,PvP,2,https://tbc.wowhead.com/item=32026,,One Hand,Mace,97.5,2.6,30,,,10,19
,11,Netherbane,Netherbane,Epic,"1,573.20",,Tempest Keep,Al'ar,2,https://tbc.wowhead.com/item=29924,,One Hand,Axe,96.5,2.6,40,,25
,12,Vengeful Gladiator's Slicer,Vengeful Gladiator's Slicer,Epic,"1,565.61","1,560.49",Season 3,PvP,3,https://tbc.wowhead.com/item=33762,,One Hand,Sword,103.1,2.6,34,,,8,21,,49
,13,Rising Tide,Rising Tide,Epic,"1,504.12","1,490.68",Black Temple,High Warlord Naj'entus,3,https://tbc.wowhead.com/item=32236,,One Hand,Axe,100.2,2.6,44,,,21
,14,Spiteblade,Spiteblade,Epic,"1,478.43",,Karazhan,Netherspite,1,https://tbc.wowhead.com/item=28729,,One Hand,Sword,87.6,2.7,46,,14
,15,Merciless Gladiator's Slicer,Merciless Gladiator's Slicer,Epic,"1,472.63","1,466.23",Season 2,PvP,2,https://tbc.wowhead.com/item=32052,,One Hand,Sword,97.7,2.6,30,,,10,19
,16,Hope Ender,Hope Ender,Epic,"1,459.95",,World Boss,Doom Lord Kazzak,1,https://tbc.wowhead.com/item=30733,,One Hand,Sword,89.8,2.6,70
,17,Gladiator's Slicer,Gladiator's Slicer,Epic,"1,373.02","1,367.26",Season 1,PvP,1,https://tbc.wowhead.com/item=28295,,One Hand,Sword,91.2,2.6,28,,,9,15
,18,Gladiator's Pummeler,Gladiator's Pummeler,Epic,"1,373.02","1,367.26",Season 1,PvP,1,https://tbc.wowhead.com/item=28305,,One Hand,Mace,91.2,2.6,28,,,9,15
,19,Gladiator's Cleaver,Gladiator's Cleaver,Epic,"1,373.02","1,367.26",Season 1,PvP,1,https://tbc.wowhead.com/item=28308,,One Hand,Axe,91.2,2.6,28,,,9,15
,20,Vindicator's Brand,Vindicator's Brand,Epic,"1,321.57","1,309.41",Quartermaster Endarin,,1,https://tbc.wowhead.com/item=29124,,One Hand,Sword,81.2,2.6,38,,,19
,21,Blinkstrike,Blinkstrike,Epic,"1,292.50",,,World Drop,1,https://tbc.wowhead.com/item=31332,,One Hand,Sword,89.3,2.6
,22,Runic Hammer,Runic Hammer,Epic,"1,248.95",,Blacksmithing,Crafted,1,https://tbc.wowhead.com/item=23544,,One Hand,Mace,83.5,2.4,50
,23,Illidari-Bane Broadsword (Demon),Illidari-Bane Broadsword (Demon),Rare,"1,225.79",,,Quenching the Blade,1,https://tbc.wowhead.com/item=30788,,One Hand,Sword,71.7,2.7,93
,24,"Gressil, Dawn of Ruin","Gressil, Dawn of Ruin",Epic,"1,225.70",,Naxxramas,Kel'Thuzad,1,https://tbc.wowhead.com/item=23054,,One Hand,Sword,73.1,2.7,40
,25,Bloodskull Destroyer,Bloodskull Destroyer,Rare,"1,173.31",,Old Hillsbrad Foothills,Lieutenant Drake,1,https://tbc.wowhead.com/item=28210,,One Hand,Mace,71.7,2.6,22,,,,21
,26,The Harvester of Souls,The Harvester of Souls,Rare,"1,172.76",,Auchenai Crypts,Exarch Maladaar,1,https://tbc.wowhead.com/item=27872,,One Hand,Axe,71.7,2.6,,16,,,15
,27,Edge of the Cosmos,Edge of the Cosmos,Rare,"1,171.77",,Mechanar,Pathaleon the Calculator,1,https://tbc.wowhead.com/item=28267,,One Hand,Sword,71.7,2.6,30,,,,16
,28,Boggspine Knuckles,Boggspine Knuckles,Rare,"1,164.69","1,157.65",Underbog,Hungarfen,1,https://tbc.wowhead.com/item=27747,,Off Hand,Fist,71.7,2.6,10,,15,11
,29,Fel Edged Battleaxe,Fel Edged Battleaxe,Epic,"1,163.88","1,154.92",Amani'shi Axe,,1,https://tbc.wowhead.com/item=23542,,One Hand,Axe,83.4,2.2,,,,14,21,,,,Red
,30,Felsteel Longblade,Felsteel Longblade,Epic,"1,142.54",,Blacksmithing,Crafted,1,https://tbc.wowhead.com/item=23540,,One Hand,Sword,83.4,2.2,,,26
,31,Misplaced Servo Arm,Misplaced Servo Arm,Epic,"1,118.60",,Naxxramas,Zone Drop,1,https://tbc.wowhead.com/item=23221,,One Hand,Mace,65.4,2.8
,32,Terokk's Gavel,Terokk's Gavel,Rare,"1,095.10",,,,1,https://tbc.wowhead.com/item=32536,,One Hand,Mace,71.6,2.5
,33,Firebrand Battleaxe,Firebrand Battleaxe,Rare,"1,090.54",,Blood Furnace,Broggok,1,https://tbc.wowhead.com/item=27490,,One Hand,Axe,71.7,2.4,,17,,,,,,14
,34,High Warlord's Cleaver,High Warlord's Cleaver,Rare,"1,082.75","1,077.63",,PvP,1,https://tbc.wowhead.com/item=28920,,One Hand,Axe,71.7,2.6,26,,,8,13
,35,High Warlord's Pummeler,High Warlord's Pummeler,Rare,"1,082.75","1,077.63",,PvP,1,https://tbc.wowhead.com/item=28925,,One Hand,Mace,71.7,2.6,26,,,8,13
,36,High Warlord's Slicer,High Warlord's Slicer,Rare,"1,082.75","1,077.63",,PvP,1,https://tbc.wowhead.com/item=28937,,One Hand,Sword,71.7,2.6,26,,,8,13
,37,Grand Marshal's Cleaver,Grand Marshal's Cleaver,Rare,"1,082.75","1,077.63",,PvP,1,https://tbc.wowhead.com/item=28944,,One Hand,Axe,71.7,2.6,26,,,8,13
,38,Grand Marshal's Pummeler,Grand Marshal's Pummeler,Rare,"1,082.75","1,077.63",,PvP,1,https://tbc.wowhead.com/item=28951,,One Hand,Mace,71.7,2.6,26,,,8,13
,39,Grand Marshal's Slicer,Grand Marshal's Slicer,Rare,"1,082.75","1,077.63",,PvP,1,https://tbc.wowhead.com/item=28956,,One Hand,Sword,71.7,2.6,26,,,8,13
,40,Phosphorescent Blade,Phosphorescent Blade,Rare,"1,081.82",,Slave Pens,Quagmirran,1,https://tbc.wowhead.com/item=27673,,One Hand,Sword,71.7,2.4,40,,,,11
,41,Hatchet of Sundered Bone,Hatchet of Sundered Bone,Epic,"1,069.00",,Naxxramas,Noth the Plaguebringer,1,https://tbc.wowhead.com/item=22816,,One Hand,Axe,65.4,2.6,36,,,,14
,42,The Castigator,The Castigator,Epic,"1,059.38","1,052.98",Naxxramas,Thaddius,1,https://tbc.wowhead.com/item=22808,,One Hand,Mace,65.4,2.6,,,,10,14
,43,Mallet of the Tides,Mallet of the Tides,Epic,"1,027.22",,Serpentshrine Cavern,The Lurker Below,2,https://tbc.wowhead.com/item=30058,,One Hand,Mace,96.8,1.7,,,,,,,,14
,44,Resonating Axe,Resonating Axe,Uncommon,"1,023.42",,,Measuring Warp Energies,0,https://tbc.wowhead.com/item=30364,,One Hand,Axe,57.86,2.8,22,,,,11,,,7
,45,Vengeful Gladiator's Bonecracker,Vengeful Gladiator's Bonecracker,Epic,996.91,991.79,Season 3,PvP,3,https://tbc.wowhead.com/item=33662,,Off Hand,Mace,103,1.5,34,,,8,21,,49
