Holy Phase 3,,,Value Credit: Holy Paladin - TBC Classic Sheet https://docs.google.com/spreadsheets/d/1qyhnntH3Mb8skxqZj2Bco3Z6Czt_na1jcn-gfxC5S9Y/edit#gid=286655111
,,Item,,,EPV,Location,Phase,,,Stats
,,Head,,,,,,,,,heal,int,spi,crit,haste,mp5,socket
,1,Lightbringer Greathelm,Lightbringer Greathelm,Epic,212.28,Hyjal Summit,Archimonde,3,https://tbc.wowhead.com/item=30988,,119,37,,36,,,Yellow,Meta
,2,Crown of Empowered Fate,Crown of Empowered Fate,Epic,209.46,Black Temple,Devourer of Souls,3,https://tbc.wowhead.com/item=32354,,118,27,,42,,,Meta,Blue
,3,Helm of Soothing Currents,Helm of Soothing Currents,Epic,202.20,Black Temple,High Warlord Naj'entus,3,https://tbc.wowhead.com/item=32241,,118,42,,,,10,Blue,Meta
,4,Fathom-Helm of the Deeps,Fathom-Helm of the Deeps,Epic,193.25,Shadowmoon Valley,Doomwalker,1,https://tbc.wowhead.com/item=30728,,106,29,,,,9,Yellow,Blue,Blue
,5,Crystalforge Greathelm,Crystalforge Greathelm,Epic,192.92,Serpentshrine Cavern,Lady Vashj,2,https://tbc.wowhead.com/item=30136,,103,28,,24,,10,Yellow,Meta
,6,Guise of the Tidal Lurker,Guise of the Tidal Lurker,Epic,187.45,Black Temple,High Warlord Naj'entus,3,https://tbc.wowhead.com/item=32240,,103,35,,,,15,Meta,Red
,7,Living Replicator Specs,Living Replicator Specs,Epic,187.45,Engineering,Crafted,2,https://tbc.wowhead.com/item=32475,,106,38,,,,9,Meta,Blue
,8,Cowl of Benevolence,Cowl of Benevolence,Epic,187.20,Black Temple,Teron Gorefiend,3,https://tbc.wowhead.com/item=32329,,118,27,42,,,,Meta,Blue
,9,Justicebringer 2000 Specs,Justicebringer 2000 Specs,Epic,183.87,Engineering,Crafted,2,https://tbc.wowhead.com/item=32472,,101,13,,39,,,Meta,Blue
,10,Wonderheal XT40 Shades,Wonderheal XT40 Shades,Epic,180.70,Engineering,Crafted,2,https://tbc.wowhead.com/item=32479,,106,38,22,,,,Meta,Blue
,11,Powerheal 4000 Lens,Powerheal 4000 Lens,Epic,175.70,Engineering,Crafted,2,https://tbc.wowhead.com/item=32495,,101,38,28,,,,Meta,Blue
,12,Justicar Diadem,Justicar Diadem,Epic,162.04,Karazhan,Prince Malchezaar,1,https://tbc.wowhead.com/item=29061,,75,33,,28,,,Red,Meta
,13,Vengeful Gladiator's Ornamented Headcover,Vengeful Gladiator's Ornamented Headcover,Epic,161.48,Season 3,PvP,3,https://tbc.wowhead.com/item=33724,,75,34,,26,,,Meta,Red
,14,Whitemend Hood,Whitemend Hood,Epic,160.75,Tailoring,Crafted,1,https://tbc.wowhead.com/item=24264,,79,15,,,,11,Blue,Yellow,Red
,15,Merciless Gladiator's Ornamented Headcover,Merciless Gladiator's Ornamented Headcover,Epic,148.36,Season 2,PvP,2,https://tbc.wowhead.com/item=32022,,66,30,,22,,,Meta,Red
,,Neck,,,,,,,,,heal,int,spi,crit,haste,mp5,socket
,1,Vindicator's Pendant of Reprieve,Vindicator's Pendant of Reprieve,Epic,117.80,Season 3,PvP,3,https://tbc.wowhead.com/item=35317,,51,16,,,23,,Yellow
,2,Nadina's Pendant of Purity,Nadina's Pendant of Purity,Epic,102.07,Black Temple,Mother Shahraz,3,https://tbc.wowhead.com/item=32370,,79,14,,19,,8
,3,Lord Sanguinar's Claim,Lord Sanguinar's Claim,Epic,93.75,Tempest Keep,Kael'thas and the Verdant Sphere,2,https://tbc.wowhead.com/item=30018,,79,19,,,,7
,4,Archaic Charm of Presence,Archaic Charm of Presence,Epic,86.50,Shadowmoon Valley,Doomwalker,1,https://tbc.wowhead.com/item=30726,,75,23
,5,Vindicator's Pendant of Salvation,Vindicator's Pendant of Salvation,Epic,85.50,Season 3,PvP,3,https://tbc.wowhead.com/item=33922,,51,16,,,,6,Yellow
,6,Veteran's Pendant of Salvation,Veteran's Pendant of Salvation,Epic,76.25,Season 2,PvP,2,https://tbc.wowhead.com/item=33068,,44,13,,,,5,Yellow
,7,Emberspur Talisman,Emberspur Talisman,Epic,74.25,Karazhan,Nightbane,1,https://tbc.wowhead.com/item=28609,,66,,,,,11
,8,Gezzarak's Fang,Gezzarak's Fang,Rare,67.50,Terokkar Forest,Gezzarak the Huntress,1,https://tbc.wowhead.com/item=32531,,57,15,,,,4
,9,Natasha's Guardian Cord,Natasha's Guardian Cord,Rare,64.50,,The Hound-Master,1,https://tbc.wowhead.com/item=31691,,55,10,,,,6
,10,Teeth of Gruul,Teeth of Gruul,Epic,62.50,Gruul's Lair,Gruul the Dragonkiller,1,https://tbc.wowhead.com/item=28822,,46,21,19,,,8
,11,Karja's Medallion,Karja's Medallion,Rare,62.50,Netherstorm,Shutting Down Manaforge Ara,1,https://tbc.wowhead.com/item=30377,,55,15,10
,12,Amulet of the Fallen God,Amulet of the Fallen God,Epic,61.50,Classic,,0,https://tbc.wowhead.com/item=21712,,57,,,,,6
,13,Necklace of Eternal Hope,Necklace of Eternal Hope,Epic,61.50,Badge of Justice,G'eras,1,https://tbc.wowhead.com/item=29374,,48,21,,,,4
,14,Amulet of Glacial Tranquility,Amulet of Glacial Tranquility,Epic,61.50,Slave Pens,Ahune,3,https://tbc.wowhead.com/item=35509,,48,21,,,,4
,15,Necklace of Resplendent Hope,Necklace of Resplendent Hope,Rare,59.75,Old Hillsbrad Foothills,Epoch Hunter,1,https://tbc.wowhead.com/item=28233,,53,,,,,9
,,Shoulders,,,,,,,,,heal,int,spi,crit,haste,mp5,socket
,1,Lightbringer Pauldrons,Lightbringer Pauldrons,Epic,160.04,Black Temple,Mother Shahraz,3,https://tbc.wowhead.com/item=30996,,86,29,,18,,8,Yellow,Blue
,2,Living Earth Shoulders,Living Earth Shoulders,Epic,159.20,Leatherworking,Crafted,3,https://tbc.wowhead.com/item=32579,,86,28,,,37
,3,Glimmering Steel Mantle,Glimmering Steel Mantle,Epic,156.87,Hyjal Summit,Anetheron,3,https://tbc.wowhead.com/item=30878,,84,27,,29,,,Blue,Yellow
,4,Shoulderpads of Renewed Life,Shoulderpads of Renewed Life,Epic,156.30,Leatherworking,Crafted,3,https://tbc.wowhead.com/item=32583,,81,29,,,38
,5,Dawnsteel Shoulders,Dawnsteel Shoulders,Epic,155.80,Blacksmithing,Crafted,3,https://tbc.wowhead.com/item=32573,,81,28,,,38
,6,Crystalforge Pauldrons,Crystalforge Pauldrons,Epic,142.48,Tempest Keep,Void Reaver,2,https://tbc.wowhead.com/item=30138,,77,26,,16,,,Yellow,Yellow
,7,Coral-Barbed Shoulderpads,Coral-Barbed Shoulderpads,Epic,138.00,Serpentshrine Cavern,Leotheras the Blind,2,https://tbc.wowhead.com/item=30097,,73,33,,,,6,Blue,Blue
,8,Swiftheal Mantle,Swiftheal Mantle,Epic,135.20,Tailoring,Crafted,3,https://tbc.wowhead.com/item=32585,,84,16,28,,27
,9,Justicar Pauldrons,Justicar Pauldrons,Epic,127.75,Gruul's Lair,High King Maulgar,1,https://tbc.wowhead.com/item=29064,,68,24,,,,5,Blue,Yellow
,10,Vengeful Gladiator's Ornamented Spaulders,Vengeful Gladiator's Ornamented Spaulders,Epic,123.34,Season 3,PvP,3,https://tbc.wowhead.com/item=33726,,51,27,,28,,,Red,Yellow
,11,Merciless Gladiator's Ornamented Spaulders,Merciless Gladiator's Ornamented Spaulders,Epic,113.25,Season 2,PvP,2,https://tbc.wowhead.com/item=32024,,44,24,,25,,,Red,Yellow
,12,Runetotem's Mantle,Runetotem's Mantle,Epic,112.00,Serpentshrine Cavern,Lady Vashj,2,https://tbc.wowhead.com/item=30111,,101,22,32
,13,Pauldrons of the Argent Sentinel,Pauldrons of the Argent Sentinel,Epic,108.96,Serpentshrine Cavern,Morogrim Tidewalker,2,https://tbc.wowhead.com/item=30084,,75,34,,32
,14,The Wavemender's Mantle,The Wavemender's Mantle,Epic,108.25,Black Temple,Devourer of Souls,3,https://tbc.wowhead.com/item=32517,,84,26,,,,15
,15,Primal Mooncloth Shoulders,Primal Mooncloth Shoulders,Epic,105.25,Tailoring,Crafted,1,https://tbc.wowhead.com/item=21874,,92,16,15,,,7
,,Back,,,,,,,,,heal,int,spi,crit,haste,mp5,socket
,1,Shroud of the Highborne,Shroud of the Highborne,Epic,130.70,Black Temple,Illidan Stormrage,3,https://tbc.wowhead.com/item=32524,,68,23,,,32
,2,Sunshower Light Cloak,Sunshower Light Cloak,Epic,89.00,Tempest Keep,Kael'thas Sunstrider,2,https://tbc.wowhead.com/item=29989,,77,24,20
,3,Shroud of Forgiveness,Shroud of Forgiveness,Epic,88.50,Black Temple,Gurtogg Bloodboil,3,https://tbc.wowhead.com/item=32337,,79,19,20
,4,Shroud of the Final Stand,Shroud of the Final Stand,Epic,83.25,Black Temple,Trash,3,https://tbc.wowhead.com/item=34012,,64,22,,,,11
,5,Lifegiving Cloak,Lifegiving Cloak,Epic,74.25,,World Drop,1,https://tbc.wowhead.com/item=31329,,64,13,,,,5
,6,Stainless Cloak of the Pure Hearted,Stainless Cloak of the Pure Hearted,Epic,69.75,Karazhan,Prince Malchezaar,1,https://tbc.wowhead.com/item=28765,,53,23,,,,7
,7,Light-Touched Stole of Altruism,Light-Touched Stole of Altruism,Epic,65.50,Auchenai Crypts,Exarch Maladaar,1,https://tbc.wowhead.com/item=29354,,55,21
,8,Apexis Cloak,Apexis Cloak,Rare,64.50,Ogri'la,Revered,3,https://tbc.wowhead.com/item=32653,,57,15
,9,White Remedy Cape,White Remedy Cape,Rare,64.25,Tailoring,Crafted,1,https://tbc.wowhead.com/item=24254,,59,,,,,7
,10,Red Riding Hood's Cloak,Red Riding Hood's Cloak,Epic,64.25,Karazhan,The Big Bad Wolf,1,https://tbc.wowhead.com/item=28582,,48,22,,,,7
,11,Bishop's Cloak,Bishop's Cloak,Epic,60.50,Badge of Justice,G'eras,1,https://tbc.wowhead.com/item=29375,,46,17,,,,8
,12,Shroud of Winter's Chill,Shroud of Winter's Chill,Epic,60.50,Slave Pens,Ahune,3,https://tbc.wowhead.com/item=35494,,46,17,,,,8
,13,Cloak of the Everliving,Cloak of the Everliving,Rare,59.75,Hellfire Ramparts,Watchkeeper Gargolmar,1,https://tbc.wowhead.com/item=27448,,53,,,,,9
,14,Cloak of Suturing,Cloak of Suturing,Epic,57.75,Naxxramas,Patchwerk,1,https://tbc.wowhead.com/item=22960,,48,12,12,,,5
,15,Avian Cloak of Feathers,Avian Cloak of Feathers,Rare,54.75,Sethekk Halls,Talon King Ikiss,1,https://tbc.wowhead.com/item=27946,,42,18,12,,,5
,,Chest,,,,,,,,,heal,int,spi,crit,haste,mp5,socket
,1,Lightbringer Chestpiece,Lightbringer Chestpiece,Epic,222.59,Black Temple,Illidan Stormrage,3,https://tbc.wowhead.com/item=30992,,117,33,,28,,11,Blue,Yellow,Yellow
,2,Crystalforge Chestpiece,Crystalforge Chestpiece,Epic,203.43,Tempest Keep,Kael'thas Sunstrider,2,https://tbc.wowhead.com/item=30134,,103,36,,31,,,Blue,Yellow,Yellow
,3,Justicar Chestpiece,Justicar Chestpiece,Epic,187.01,Magtheridon's Lair,Magtheridon,1,https://tbc.wowhead.com/item=29062,,90,35,,17,,6,Blue,Blue,Yellow
,4,Primal Mooncloth Robe,Primal Mooncloth Robe,Epic,182.50,Tailoring,Crafted,1,https://tbc.wowhead.com/item=21875,,121,20,20,,,10,Yellow,Blue
,5,Windhawk Hauberk,Windhawk Hauberk,Epic,164.57,Leatherworking,Crafted,1,https://tbc.wowhead.com/item=29522,,74,29,29,19,,,Blue,Yellow,Blue
,6,Vengeful Gladiator's Ornamented Chestguard,Vengeful Gladiator's Ornamented Chestguard,Epic,158.58,Season 3,PvP,3,https://tbc.wowhead.com/item=33722,,55,37,,36,,,Red,Red,Yellow
,7,Savior's Grasp,Savior's Grasp,Epic,154.38,Hyjal Summit,Archimonde,3,https://tbc.wowhead.com/item=30904,,106,48,,46
,8,Garments of Temperance,Garments of Temperance,Epic,150.00,Black Temple,Gurtogg Bloodboil,3,https://tbc.wowhead.com/item=32340,,118,34,,,,20
,9,Golden Links of Restoration,Golden Links of Restoration,Epic,149.75,Hyjal Summit,Anetheron,3,https://tbc.wowhead.com/item=30887,,118,35,,,,19
,10,Merciless Gladiator's Ornamented Chestguard,Merciless Gladiator's Ornamented Chestguard,Epic,145.46,Season 2,PvP,2,https://tbc.wowhead.com/item=32020,,46,33,,32,,,Red,Red,Yellow
,11,Gladiator's Ornamented Chestguard,Gladiator's Ornamented Chestguard,Epic,139.40,Season 1,PvP,1,https://tbc.wowhead.com/item=31613,,42,31,,30,,,Red,Red,Yellow
,12,Hallowed Garments,Hallowed Garments,Rare,136.00,Shadow Labyrinth,Murmur,1,https://tbc.wowhead.com/item=28230,,57,26,26,,,,Red,Yellow,Blue
,13,Don Rodrigo's Poncho,Don Rodrigo's Poncho,Epic,133.50,Hyjal Summit,Azgalor,3,https://tbc.wowhead.com/item=30899,,118,31,52
,14,Moonglade Robe,Moonglade Robe,Rare,129.50,Mechanar,Pathaleon the Calculator,1,https://tbc.wowhead.com/item=28202,,55,17,14,,,,Red,Yellow,Blue
,15,Gnarled Chestpiece of the Ancients,Gnarled Chestpiece of the Ancients,Epic,126.00,Serpentshrine Cavern,Morogrim Tidewalker,2,https://tbc.wowhead.com/item=30075,,110,32,34
,,Wrist,,,,,,,,,heal,int,spi,crit,haste,mp5,socket
,1,Dawnsteel Bracers,Dawnsteel Bracers,Epic,120.30,Blacksmithing,Crafted,3,https://tbc.wowhead.com/item=32571,,64,23,,,28
,2,Living Earth Bindings,Living Earth Bindings,Epic,118.80,Leatherworking,Crafted,3,https://tbc.wowhead.com/item=32577,,64,20,,,28
,3,Bracers of Renewed Life,Bracers of Renewed Life,Epic,118.80,Leatherworking,Crafted,3,https://tbc.wowhead.com/item=32582,,64,20,,,28
,4,Blessed Adamantite Bracers,Blessed Adamantite Bracers,Epic,106.13,Hyjal Summit,Rage Winterchill,3,https://tbc.wowhead.com/item=30862,,62,22,,21,,,Yellow
,5,Howling Wind Bracers,Howling Wind Bracers,Epic,100.50,Hyjal Summit,Rage Winterchill,3,https://tbc.wowhead.com/item=30869,,62,21,,,,8,Blue
,6,Rejuvenating Bracers,Rejuvenating Bracers,Epic,96.00,Hyjal Summit,Rage Winterchill,3,https://tbc.wowhead.com/item=30868,,64,20,28,,,,Blue
,7,Bracers of Martyrdom,Bracers of Martyrdom,Epic,96.00,Hyjal Summit,Rage Winterchill,3,https://tbc.wowhead.com/item=30871,,64,20,28,,,,Blue
,8,Blackfathom Warbands,Blackfathom Warbands,Epic,95.50,Serpentshrine Cavern,Hydross the Unstable,2,https://tbc.wowhead.com/item=30047,,62,23,,,,,Blue
,9,Vindicator's Ornamented Bracers,Vindicator's Ornamented Bracers,Epic,92.10,Season 3,PvP,3,https://tbc.wowhead.com/item=33904,,51,17,,20,,,Yellow
,10,Ravager's Cuffs of Healing,Ravager's Cuffs of Healing,Epic,90.00,Karazhan,Rokad the Ravager,1,https://tbc.wowhead.com/item=30684/ravagers-cuffs,,90
,11,Windhawk Bracers,Windhawk Bracers,Epic,85.98,Leatherworking,Crafted,1,https://tbc.wowhead.com/item=29523,,47,17,7,16,,,Yellow
,12,Veteran's Ringmail Bracers,Veteran's Ringmail Bracers,Epic,80.01,Season 2,PvP,2,https://tbc.wowhead.com/item=32997,,42,14,,17,,,Yellow
,13,Veteran's Ornamented Bracers,Veteran's Ornamented Bracers,Epic,79.48,Season 2,PvP,2,https://tbc.wowhead.com/item=32989,,42,14,,16,,,Yellow
,14,Veteran's Mooncloth Cuffs,Veteran's Mooncloth Cuffs,Epic,76.00,Season 2,PvP,2,https://tbc.wowhead.com/item=32980,,46,16,,,,,Yellow
,15,Grove-Bands of Remulos,Grove-Bands of Remulos,Epic,75.00,Serpentshrine Cavern,The Lurker Below,2,https://tbc.wowhead.com/item=30062,,68,14,21
,,Hands,,,,,,,,,heal,int,spi,crit,haste,mp5,socket
,1,Botanist's Gloves of Growth,Botanist's Gloves of Growth,Epic,197.70,Black Temple,Teron Gorefiend,3,https://tbc.wowhead.com/item=32328,,84,21,,,37,,Yellow,Blue
,2,Spiritwalker Gauntlets,Spiritwalker Gauntlets,Epic,156.70,Black Temple,Shade of Akama,3,https://tbc.wowhead.com/item=32275,,84,27,,,37
,3,Glorious Gauntlets of Crestfall,Glorious Gauntlets of Crestfall,Epic,152.84,Serpentshrine Cavern,Lady Vashj,2,https://tbc.wowhead.com/item=30112,,81,26,,28,,,Yellow,Blue
,4,Gloves of Unfailing Faith,Gloves of Unfailing Faith,Epic,143.75,Black Temple,Devourer of Souls,3,https://tbc.wowhead.com/item=32353,,75,33,,,,11,Red,Blue
,5,Worldstorm Gauntlets,Worldstorm Gauntlets,Epic,142.70,Tempest Keep,High Astromancer Solarian,2,https://tbc.wowhead.com/item=29976,,73,22,,15,,9,Blue,Yellow
,6,Lightbringer Gloves,Lightbringer Gloves,Epic,131.50,Hyjal Summit,Azgalor,3,https://tbc.wowhead.com/item=30983,,86,29,,,,12,Blue
,7,Gauntlets of Renewed Hope,Gauntlets of Renewed Hope,Epic,124.25,Karazhan,Attumen the Huntsman,1,https://tbc.wowhead.com/item=28505,,62,29,,,,5,Blue,Blue
,8,Gloves of Centering,Gloves of Centering,Epic,120.50,Karazhan,Maiden of Virtue,1,https://tbc.wowhead.com/item=28520,,62,20,,,,6,Blue,Red
,9,Mitts of the Treemender,Mitts of the Treemender,Epic,119.00,Karazhan,Maiden of Virtue,1,https://tbc.wowhead.com/item=28521,,64,22,14,,,,Blue,Yellow
,10,Crystalforge Gloves,Crystalforge Gloves,Epic,108.97,,,2,https://tbc.wowhead.com/item=30135,,77,25,,24,,9
,11,Justicar Gloves,Justicar Gloves,Epic,101.66,,,1,https://tbc.wowhead.com/item=29065,,75,30,,22
,12,Vengeful Gladiator's Ornamented Gloves,Vengeful Gladiator's Ornamented Gloves,Epic,99.34,Season 3,PvP,3,https://tbc.wowhead.com/item=33723,,70,29,,28
,13,Gloves of Saintly Blessings,Gloves of Saintly Blessings,Epic,96.50,Karazhan,Attumen the Huntsman,1,https://tbc.wowhead.com/item=28508,,40,25,25,,,,Red,Blue
,14,Merciless Gladiator's Ornamented Gloves,Merciless Gladiator's Ornamented Gloves,Epic,90.25,Season 2,PvP,2,https://tbc.wowhead.com/item=32021,,64,26,,25
,15,Gloves of the Living Touch,Gloves of the Living Touch,Epic,86.00,Leatherworking,Crafted,1,https://tbc.wowhead.com/item=29506,,77,18,22
,,Waist,,,,,,,,,heal,int,spi,crit,haste,mp5,socket
,1,Angelista's Sash,Angelista's Sash,Epic,158.20,Hyjal Summit,Kaz'rogal,3,https://tbc.wowhead.com/item=30895,,84,30,,,37
,2,Naturalist's Preserving Cinch,Naturalist's Preserving Cinch,Epic,158.20,Black Temple,Supremus,3,https://tbc.wowhead.com/item=32258,,84,30,,,37
,3,Belt of Primal Majesty,Belt of Primal Majesty,Epic,157.70,Black Temple,Gurtogg Bloodboil,3,https://tbc.wowhead.com/item=32339,,84,29,,,37
,4,Girdle of Hope,Girdle of Hope,Epic,152.63,Hyjal Summit,Azgalor,3,https://tbc.wowhead.com/item=30897,,84,27,,21,,,Yellow,Yellow
,5,Girdle of Lordaeron's Fallen,Girdle of Lordaeron's Fallen,Epic,146.80,Black Temple,Teron Gorefiend,3,https://tbc.wowhead.com/item=32512,,70,32,,,38
,6,Primal Mooncloth Belt,Primal Mooncloth Belt,Epic,137.00,Tailoring,Crafted,1,https://tbc.wowhead.com/item=21873,,81,12,11,,,8,Yellow,Blue
,7,Girdle of Fallen Stars,Girdle of Fallen Stars,Epic,133.50,Tempest Keep,Trash,2,https://tbc.wowhead.com/item=30030,,73,18,,,,10,Yellow,Yellow
,8,Belt of Divine Guidance,Belt of Divine Guidance,Epic,129.00,Black Temple,High Nethermancer Zerevor,3,https://tbc.wowhead.com/item=32519,,73,24,32,,,,Yellow,Blue
,9,Girdle of Zaetar,Girdle of Zaetar,Epic,128.50,Tempest Keep,Void Reaver,2,https://tbc.wowhead.com/item=29984,,73,23,24,,,,Blue,Blue
,10,Belt of the Long Road,Belt of the Long Road,Epic,126.00,Tailoring,Crafted,2,https://tbc.wowhead.com/item=30036,,73,18,33,,,,Blue,Yellow
,11,Windhawk Belt,Windhawk Belt,Epic,124.86,Leatherworking,Crafted,1,https://tbc.wowhead.com/item=29524,,65,19,20,12,,,Blue,Yellow
,12,Lurker's Cord of Healing,Lurker's Cord of Healing,Epic,121.00,Karazhan,Hyakiss the Lurker,1,https://tbc.wowhead.com/item=30675/lurkers-cord,,121
,13,Girdle of the Righteous Path,Girdle of the Righteous Path,Epic,107.81,Tempest Keep,High Astromancer Solarian,2,https://tbc.wowhead.com/item=29965,,77,33,,27
,14,Vindicator's Ornamented Belt,Vindicator's Ornamented Belt,Epic,96.90,Season 3,PvP,3,https://tbc.wowhead.com/item=33903,,66,30,,30
,15,Veteran's Kodohide Belt,Veteran's Kodohide Belt,Epic,87.50,Season 2,PvP,2,https://tbc.wowhead.com/item=32800,,68,27,,,,8
,,Ring,,,,,,,,,heal,int,spi,crit,haste,mp5,socket
,1,Blessed Band of Karabor,Blessed Band of Karabor,Epic,135.50,Black Temple,Trash,3,https://tbc.wowhead.com/item=32528,,73,20,,,30,6
,2,Band of the Eternal Restorer,Band of the Eternal Restorer,Epic,113.00,Tanaris,Restorer's Covenant,3,https://tbc.wowhead.com/item=29309,,93,25,,,,10
,3,Ring of Calming Waves,Ring of Calming Waves,Epic,90.22,Black Temple,High Warlord Naj'entus,3,https://tbc.wowhead.com/item=32238,,64,27,,24
,4,Ring of Flowing Light,Ring of Flowing Light,Epic,87.19,Hellfire Peninsula,Doom Lord Kazzak,1,https://tbc.wowhead.com/item=30736,,75,,,23
,5,Band of Eternity (revered),Band of Eternity (revered),Epic,84.00,Tanaris,Restorer's Oath,3,https://tbc.wowhead.com/item=29308,,64,25,,,,10
,6,Coral Band of the Revived,Coral Band of the Revived,Epic,82.00,Serpentshrine Cavern,Lady Vashj,2,https://tbc.wowhead.com/item=30110,,75,14,27
,7,Band of Eternity (honored),Band of Eternity (honored),Epic,77.25,Tanaris,Restorer's Vow,3,https://tbc.wowhead.com/item=29306,,59,23,,,,9
,8,Jade Ring of the Everliving,Jade Ring of the Everliving,Epic,77.00,Karazhan,Prince Malchezaar,1,https://tbc.wowhead.com/item=28763,,68,,,,,12
,9,Phoenix-Ring of Rebirth,Phoenix-Ring of Rebirth,Epic,74.50,Tempest Keep,Al'ar,2,https://tbc.wowhead.com/item=29920,,55,24,,,,10
,10,Naaru Lightwarden's Band,Naaru Lightwarden's Band,Epic,73.50,Magtheridon's Lair,The Fall of Magtheridon,1,https://tbc.wowhead.com/item=28790,,55,25,,,,8
,11,Band of Eternity (friendly),Band of Eternity (friendly),Epic,72.00,Tanaris,Restorer's Pledge,2,https://tbc.wowhead.com/item=29307,,55,22,,,,8
,12,Gift of the Talonpriests,Gift of the Talonpriests,Rare,72.00,Terokkar Forest,Terokk,1,https://tbc.wowhead.com/item=32535,,66,12
,13,Ancestral Band,Ancestral Band,Rare,67.50,Thrallmar,Revered,1,https://tbc.wowhead.com/item=29168,,57,15,,,,4
,14,Ring of Convalescence,Ring of Convalescence,Rare,67.50,Honor Hold,Revered,1,https://tbc.wowhead.com/item=29169,,57,15,,,,4
,15,Violet Signet of the Grand Restorer,Violet Signet of the Grand Restorer,Epic,66.50,Deadwind Pass,Eminence Among the Violet Eye,1,https://tbc.wowhead.com/item=29290,,55,23,17
,,Legs,,,,,,,,,heal,int,spi,crit,haste,mp5,socket
,1,Leggings of Eternity,Leggings of Eternity,Epic,218.00,Hyjal Summit,Archimonde,3,https://tbc.wowhead.com/item=30912,,121,38,,,,16,Blue,Blue,Blue
,2,Kilt of Immortal Nature,Kilt of Immortal Nature,Epic,212.50,Black Temple,Shade of Akama,3,https://tbc.wowhead.com/item=32271,,118,42,,,,10,Blue,Yellow,Blue
,3,Sun-touched Chain Leggings,Sun-touched Chain Leggings,Epic,202.00,Hyjal Summit,Kaz'rogal,3,https://tbc.wowhead.com/item=30893,,110,28,,,,16,Yellow,Blue,Blue
,4,Gilded Trousers of Benediction,Gilded Trousers of Benediction,Epic,201.00,Shadowmoon Valley,Doomwalker,1,https://tbc.wowhead.com/item=30727,,118,16,,,,12,Yellow,Blue,Blue
,5,Sunhawk Leggings,Sunhawk Leggings,Epic,199.25,Tempest Keep,Kael'thas Sunstrider,2,https://tbc.wowhead.com/item=29991,,108,31,,,,13,Blue,Blue,Yellow
,6,Heart-Flame Leggings,Heart-Flame Leggings,Epic,172.50,Karazhan,Chess Event,1,https://tbc.wowhead.com/item=28751,,90,33,,,,,Blue,Blue,Yellow
,7,Crystalforge Leggings,Crystalforge Leggings,Epic,165.46,Serpentshrine Cavern,Fathom-Lord Karathress,2,https://tbc.wowhead.com/item=30137,,101,36,,32,,10,Blue
,8,Legplates of the Innocent,Legplates of the Innocent,Epic,165.13,Karazhan,Chess Event,1,https://tbc.wowhead.com/item=28748,,66,32,,21,,8,Yellow,Blue,Blue
,9,Earthsoul Leggings,Earthsoul Leggings,Epic,162.00,Karazhan,The Big Bad Wolf,1,https://tbc.wowhead.com/item=28591,,81,30,24,,,,Yellow,Blue,Blue
,10,Pantaloons of Repentance,Pantaloons of Repentance,Epic,151.00,Karazhan,Netherspite,1,https://tbc.wowhead.com/item=28742,,68,34,26,,,,Red,Blue,Blue
,11,Whitemend Pants,Whitemend Pants,Epic,146.75,Tailoring,Crafted,1,https://tbc.wowhead.com/item=24261,,62,21,,,,11,Blue,Yellow,Red
,12,Pontifex Kilt,Pontifex Kilt,Epic,146.50,Steamvault,Warlord Kalithresh,1,https://tbc.wowhead.com/item=30543,,66,29,27,,,,Red,Yellow,Blue
,13,Consortium Plated Legguards,Consortium Plated Legguards,Rare,135.25,,Undercutting the Competition,1,https://tbc.wowhead.com/item=29342,,51,23,,,,9,Red,Yellow,Blue
,14,Pontiff's Pantaloons of Prophecy,Pontiff's Pantaloons of Prophecy,Rare,134.50,Old Hillsbrad Foothills,Captain Skarloc,1,https://tbc.wowhead.com/item=28218,,55,27,24,,,,Red,Blue,Blue
,15,Vengeful Gladiator's Ornamented Legplates,Vengeful Gladiator's Ornamented Legplates,Epic,130.70,Season 3,PvP,3,https://tbc.wowhead.com/item=33725,,90,39,,40
,,Feet,,,,,,,,,heal,int,spi,crit,haste,mp5,socket
,1,Gold-Leaf Wildboots,Gold-Leaf Wildboots,Epic,139.50,Hellfire Peninsula,Doom Lord Kazzak,1,https://tbc.wowhead.com/item=30737,,86,19,18,,,,Yellow,Blue
,2,Orca-Hide Boots,Orca-Hide Boots,Epic,130.50,Serpentshrine Cavern,Leotheras the Blind,2,https://tbc.wowhead.com/item=30092,,73,27,19,,,,Blue,Blue
,3,Boots of the Divine Light,Boots of the Divine Light,Epic,129.00,Hyjal Summit,Trash,3,https://tbc.wowhead.com/item=32609,,73,24,24,,,,Yellow,Blue
,4,Glider's Foot-Wraps of Healing,Glider's Foot-Wraps of Healing,Epic,121.00,Karazhan,Shadikith the Glider,1,https://tbc.wowhead.com/item=30680/gliders-foot-wraps,,121
,5,Pearl Inlaid Boots,Pearl Inlaid Boots,Epic,118.34,Black Temple,High Warlord Naj'entus,3,https://tbc.wowhead.com/item=32243,,84,27,,28,,8
,6,Soul-Strider Boots,Soul-Strider Boots,Epic,117.50,Serpentshrine Cavern,Fathom-Lord Karathress,2,https://tbc.wowhead.com/item=30100,,64,19,33,,,,Red,Blue
,7,Boots of Courage Unending,Boots of Courage Unending,Epic,116.43,Serpentshrine Cavern,Trash,2,https://tbc.wowhead.com/item=30027,,90,20,,31
,8,Forestlord Striders,Forestlord Striders,Epic,112.50,Karazhan,Chess Event,1,https://tbc.wowhead.com/item=28752,,55,27,16,,,,Blue,Blue
,9,Stillwater Boots,Stillwater Boots,Epic,109.50,Hyjal Summit,Rage Winterchill,3,https://tbc.wowhead.com/item=30873,,84,36,,,,10
,10,Archbishop's Slippers,Archbishop's Slippers,Epic,99.00,Hyjal Summit,Anetheron,3,https://tbc.wowhead.com/item=30885,,84,30,37
,11,Enchanted Leather Sandals,Enchanted Leather Sandals,Epic,98.50,Hyjal Summit,Anetheron,3,https://tbc.wowhead.com/item=30886,,84,29,37
,12,Vindicator's Ornamented Greaves,Vindicator's Ornamented Greaves,Epic,96.90,Season 3,PvP,3,https://tbc.wowhead.com/item=33905,,66,30,,30
,13,Boots of the Long Road,Boots of the Long Road,Epic,92.75,Tailoring,Crafted,2,https://tbc.wowhead.com/item=30035,,73,26,22,,,9
,14,Slippers of Serenity,Slippers of Serenity,Rare,90.00,Auchenai Crypts,Exarch Maladaar,1,https://tbc.wowhead.com/item=27411,,35,22,15,,,,Red,Blue
,15,Veteran's Kodohide Boots,Veteran's Kodohide Boots,Epic,89.00,Season 2,PvP,2,https://tbc.wowhead.com/item=32788,,70,26,,,,8
,,Trinket,,,,,,,,,heal,int,spi,crit,haste,mp5,socket
,1,Essence of the Martyr,Essence of the Martyr,Epic,133.50,Badge of Justice,G'eras,1,https://tbc.wowhead.com/item=29376,,133.5
,2,Direbrew Hops,Direbrew Hops,Epic,133.50,,,3,https://tbc.wowhead.com/item=38288,,133.5
,3,Memento of Tyrande,Memento of Tyrande,Epic,130.38,Black Temple,Illidan Stormrage,3,https://tbc.wowhead.com/item=32496,,118,,,,,16.5
,4,Scarab of the Infinite Cycle,Scarab of the Infinite Cycle,Rare,118.00,Black Morass,Aeonus,1,https://tbc.wowhead.com/item=28190,,70,,,,30
,5,Tome of Fiery Redemption,Tome of Fiery Redemption,Epic,96.67,Tempest Keep,Al'ar,2,https://tbc.wowhead.com/item=30447,,96.67
,6,Eye of the Dead,Eye of the Dead,Epic,90.00,Naxxramas,Sapphiron,0,https://tbc.wowhead.com/item=23047,,90
,7,Oshu'gun Relic,Oshu'gun Relic,Uncommon,88.50,Nagrand,Gava'xi,1,https://tbc.wowhead.com/item=25634/oshugun-relic,,88.5
,8,Eye of Gruul,Eye of Gruul,Epic,81.50,Gruul's Lair,Gruul the Dragonkiller,1,https://tbc.wowhead.com/item=28823,,44,,,,,50
,9,Lower City Prayerbook,Lower City Prayerbook,Rare,78.25,Lower City,Revered,1,https://tbc.wowhead.com/item=30841,,70,,,,,11
,10,Ribbon of Sacrifice,Ribbon of Sacrifice,Epic,73.00,Karazhan,The Big Bad Wolf,1,https://tbc.wowhead.com/item=28590,,73
,11,Rejuvenating Gem,Rejuvenating Gem,Epic,72.75,Blackwing Lair,,0,https://tbc.wowhead.com/item=19395/rejuvenating-gem,,66,,,,,9
,12,Xi'ri's Gift,Xi'ri's Gift,Rare,63.96,The Sha'tar,Revered,1,https://tbc.wowhead.com/item=29179,,47,,,32
,13,Auslese's Light Channeler,Auslese's Light Channeler,Rare,59.00,Blood Furnace,Broggok,1,https://tbc.wowhead.com/item=24390,,59
,14,Warp-Scarab Brooch,Warp-Scarab Brooch,Rare,56.75,Mana-Tombs,Nexus-Prince Shaffar,1,https://tbc.wowhead.com/item=27828,,47,,,,,13
,15,Vengeance of the Illidari,Vengeance of the Illidari,Rare,50.78,,Cruel's Intentions,1,https://tbc.wowhead.com/item=28040,,37,,,26
,,One Hand,,,,,,,,,heal,int,spi,crit,haste,mp5,socket
,1,Crystal Spire of Karabor,Crystal Spire of Karabor,Epic,498.00,Black Temple,Illidan Stormrage,3,https://tbc.wowhead.com/item=32500,,486,15,,,,6
,2,Vengeful Gladiator's Salvation,Vengeful Gladiator's Salvation,Epic,475.50,Season 3,PvP,3,https://tbc.wowhead.com/item=33743,,464,23
,3,Hammer of Atonement,Hammer of Atonement,Epic,465.69,Hyjal Summit,Kaz'rogal,3,https://tbc.wowhead.com/item=30918,,443,21,,23
,4,Lightfathom Scepter,Lightfathom Scepter,Epic,461.25,Serpentshrine Cavern,Lady Vashj,2,https://tbc.wowhead.com/item=30108,,443,20,,,,11
,5,Merciless Gladiator's Salvation,Merciless Gladiator's Salvation,Epic,433.50,Season 2,PvP,2,https://tbc.wowhead.com/item=32964,,423,21
,6,Light's Justice,Light's Justice,Epic,392.50,Karazhan,Prince Malchezaar,1,https://tbc.wowhead.com/item=28771,,382,21,20
,7,Gladiator's Salvation,Gladiator's Salvation,Epic,384.00,Season 1,PvP,1,https://tbc.wowhead.com/item=32451,,375,18
,8,Shard of the Virtuous,Shard of the Virtuous,Epic,362.50,Karazhan,Maiden of Virtue,1,https://tbc.wowhead.com/item=28522,,348,20,,,,6
,9,Hand of Eternity,Hand of Eternity,Epic,332.25,Blacksmithing,Crafted,1,https://tbc.wowhead.com/item=23556,,317,20,,,,7
,10,Shockwave Truncheon,Shockwave Truncheon,Epic,329.98,Shadow Labyrinth,Murmur,1,https://tbc.wowhead.com/item=29353,,317,,,16,,6
,11,The Ancient Scepter of Sue-Min,The Ancient Scepter of Sue-Min,Epic,312.50,,World Drop,1,https://tbc.wowhead.com/item=31342,,299,15,,,,8
,12,Gavel of Pure Light,Gavel of Pure Light,Epic,311.00,The Sha'tar,Exalted,1,https://tbc.wowhead.com/item=29175,,299,12,,,,8
,13,Hammer of the Twisting Nether,Hammer of the Twisting Nether,Epic,249.50,Naxxramas,Kel'Thuzad,1,https://tbc.wowhead.com/item=23056,,238,11,,,,8
,14,Hammer of the Penitent,Hammer of the Penitent,Rare,239.50,Mechanar,Mechano-Lord Capacitus,1,https://tbc.wowhead.com/item=28257,,227,16,13,,,6
,15,Lightsworn Hammer,Lightsworn Hammer,Rare,238.50,Shattered Halls,Warchief Kargath Bladefist,1,https://tbc.wowhead.com/item=27538,,227,11,,,,8
,,Off Hand,,,,,,,,,heal,int,spi,crit,haste,mp5,socket
,2,Bastion of Light,Bastion of Light,Epic,98.00,Hyjal Summit,Anetheron,3,https://tbc.wowhead.com/item=30882,,62,28,,,,,Red
,3,Felstone Bulwark,Felstone Bulwark,Epic,88.81,Black Temple,Supremus,3,https://tbc.wowhead.com/item=32255,,64,21,,27
,4,Scepter of Purification,Scepter of Purification,Epic,85.50,Hyjal Summit,Archimonde,3,https://tbc.wowhead.com/item=30911,,77,17,25
,5,Touch of Inspiration,Touch of Inspiration,Epic,83.50,Black Temple,Devourer of Souls,3,https://tbc.wowhead.com/item=32350,,64,21,,,,12
,6,Tears of Heaven,Tears of Heaven,Epic,79.50,Badge of Justice,G'eras,1,https://tbc.wowhead.com/item=29274,,75,,,,,6
,7,Talisman of the Sun King,Talisman of the Sun King,Epic,75.50,Tempest Keep,Al'ar,2,https://tbc.wowhead.com/item=29923,,59,24,,,,6
,8,Windcaller's Orb,Windcaller's Orb,Epic,72.00,Cenarion Expedition,Exalted,1,https://tbc.wowhead.com/item=29170,,64,16,12
,9,Aegis of the Vindicator,Aegis of the Vindicator,Epic,71.75,Magtheridon's Lair,Magtheridon,1,https://tbc.wowhead.com/item=29458,,53,21,,,,11
,10,Merciless Gladiator's Reprieve,Merciless Gladiator's Reprieve,Epic,71.50,Season 2,PvP,2,https://tbc.wowhead.com/item=32961,,62,19
,11,Merciless Gladiator's Redoubt,Merciless Gladiator's Redoubt,Epic,71.50,Season 2,PvP,2,https://tbc.wowhead.com/item=33309,,62,19
,12,Sapphiron's Right Eye,Sapphiron's Right Eye,Epic,70.00,Naxxramas,Sapphiron,1,https://tbc.wowhead.com/item=23048,,62,10,,,,4
,13,Shield of Condemnation,Shield of Condemnation,Epic,68.50,Naxxramas,Kel'Thuzad,1,https://tbc.wowhead.com/item=22819,,59,10,,,,6
,14,Aran's Soothing Sapphire,Aran's Soothing Sapphire,Epic,68.00,Karazhan,Shade of Aran,1,https://tbc.wowhead.com/item=28728,,51,22,,,,8
,15,Light-Bearer's Faith Shield,Light-Bearer's Faith Shield,Epic,66.00,Badge of Justice,G'eras,1,https://tbc.wowhead.com/item=29267,,55,22
,1,Stormshield of Renewal,Stormshield of Renewal,Rare,65.00,Underbog,The Black Stalker,1,https://tbc.wowhead.com/item=27772,,57,16
