Holy Phase 3,,,Value Credit: TBC Priest Gear Scores: Knade-Pagle https://docs.google.com/spreadsheets/d/1p_7OSqFV-wXPFtFAfFlePsmTJNmX2BnQ9fwzB8da4-c/edit#gid=1556108463
,,Item,,,EPV,Location,Phase,,,Stats
,,Head,,,,,,,,,heal,int,spi,crit,haste,mp5,socket
,1,Cowl of Absolution,Cowl of Absolution,Epic,323.02,Hyjal Summit,Archimonde,3,https://tbc.wowhead.com/item=31063,,117,32,33,,,8,Meta,Blue
,2,Cowl of Benevolence,Cowl of Benevolence,Epic,311.88,Black Temple,Teron Gorefiend,3,https://tbc.wowhead.com/item=32329,,118,27,42,,,,Meta,Blue
,3,Cowl of the Avatar,Cowl of the Avatar,Epic,298.12,Serpentshrine Cavern,Lady Vashj,2,https://tbc.wowhead.com/item=30152,,103,28,31,,,8,Meta,Yellow
,4,Powerheal 4000 Lens,Powerheal 4000 Lens,Epic,286.25,Engineering,Crafted,2,https://tbc.wowhead.com/item=32495,,101,38,28,,,,Meta,Blue
,5,Light-Collar of the Incarnate,Light-Collar of the Incarnate,Epic,262.33,Karazhan,Prince Malchezaar,1,https://tbc.wowhead.com/item=29049,,73,34,25,,,6,Meta,Blue
,6,Crown of the Sun,Crown of the Sun,Epic,255.10,Tempest Keep,Kael'thas Sunstrider,2,https://tbc.wowhead.com/item=29990,,108,38,49
,7,Cowl of Naaru Blessings,Cowl of Naaru Blessings,Epic,228.41,Badge of Justice,G'eras,1,https://tbc.wowhead.com/item=32090,,66,29,23,,,,Blue,Meta
,8,Hood of Absolution,Hood of Absolution,Epic,227.42,Hyjal Summit,Archimonde,3,https://tbc.wowhead.com/item=31064,,,39,27,,,10,Meta,Blue
,9,Hallowed Crown,Hallowed Crown,Rare,217.22,Archatraz,Harbinger Skyriss,1,https://tbc.wowhead.com/item=28413,,57,24,26,,,,Blue,Meta
,10,Headdress of the High Potentate,Headdress of the High Potentate,Epic,197.21,Karazhan,Chess Event,1,https://tbc.wowhead.com/item=28756,,81,38,32
,11,Vengeful Gladiator's Mooncloth Hood,Vengeful Gladiator's Mooncloth Hood,Epic,181.45,Season 3,PvP,3,https://tbc.wowhead.com/item=33718,,70,23,,,,,Meta,Red
,12,Whitemend Hood,Whitemend Hood,Epic,178.25,Tailoring,Crafted,1,https://tbc.wowhead.com/item=24264,,79,15,,,,11,Blue,Yellow,Red
,13,Hood of the Avatar,Hood of the Avatar,Epic,173.77,,,2,https://tbc.wowhead.com/item=30161,,,36,24,,,,Meta,Yellow
,14,Scintillating Headdress of Second Sight,Scintillating Headdress of Second Sight,Rare,172.40,Auchenai Crypts,Shirrak the Dead Watcher,1,https://tbc.wowhead.com/item=27866,,73,27,32
,15,Soul-Collar of the Incarnate,Soul-Collar of the Incarnate,Epic,172.24,Karazhan,Prince Malchezaar,1,https://tbc.wowhead.com/item=29058,,,35,24,,,,Meta,Yellow
,,Neck,,,,,,,,,heal,int,spi,crit,haste,mp5,socket
,1,Nadina's Pendant of Purity,Nadina's Pendant of Purity,Epic,139.56,Black Temple,Mother Shahraz,3,https://tbc.wowhead.com/item=32370,,79,14,,,,8
,2,Teeth of Gruul,Teeth of Gruul,Epic,133.47,Gruul's Lair,Gruul the Dragonkiller,1,https://tbc.wowhead.com/item=28822,,46,21,19,,,8
,3,Lord Sanguinar's Claim,Lord Sanguinar's Claim,Epic,126.28,Tempest Keep,Kael'thas and the Verdant Sphere,2,https://tbc.wowhead.com/item=30018,,79,19,,,,7
,4,Vindicator's Pendant of Reprieve,Vindicator's Pendant of Reprieve,Epic,116.90,Season 3,PvP,3,https://tbc.wowhead.com/item=35317,,51,16,,,23,,Yellow
,5,Shining Chain of the Afterworld,Shining Chain of the Afterworld,Epic,112.61,Karazhan,Netherspite,1,https://tbc.wowhead.com/item=28731,,46,21,19
,6,Archaic Charm of Presence,Archaic Charm of Presence,Epic,110.14,Shadowmoon Valley,Doomwalker,1,https://tbc.wowhead.com/item=30726,,75,23
,7,Vindicator's Pendant of Salvation,Vindicator's Pendant of Salvation,Epic,106.20,Season 3,PvP,3,https://tbc.wowhead.com/item=33922,,51,16,,,,6,Yellow
,8,Karja's Medallion,Karja's Medallion,Rare,96.09,Netherstorm,Shutting Down Manaforge Ara,1,https://tbc.wowhead.com/item=30377,,55,15,10
,9,Swampstone Necklace,Swampstone Necklace,Rare,95.63,Underbog,Swamplord Musel'ek,1,https://tbc.wowhead.com/item=27766,,40,15,18
,10,Emberspur Talisman,Emberspur Talisman,Epic,94.68,Karazhan,Nightbane,1,https://tbc.wowhead.com/item=28609,,66,,,,,11
,11,Veteran's Pendant of Salvation,Veteran's Pendant of Salvation,Epic,92.01,Season 2,PvP,2,https://tbc.wowhead.com/item=33068,,44,13,,,,5,Yellow
,12,Choker of Fluid Thought,Choker of Fluid Thought,Rare,91.87,Arcatraz,Harbinger Skyriss,1,https://tbc.wowhead.com/item=28419,,35,17,17
,13,Necklace of Eternal Hope,Necklace of Eternal Hope,Epic,90.52,Badge of Justice,G'eras,1,https://tbc.wowhead.com/item=29374,,48,21,,,,4
,14,Amulet of Glacial Tranquility,Amulet of Glacial Tranquility,Epic,90.52,Slave Pens,Ahune,3,https://tbc.wowhead.com/item=35509,,48,21,,,,4
,15,Gezzarak's Fang,Gezzarak's Fang,Rare,90.35,Terokkar Forest,Gezzarak the Huntress,1,https://tbc.wowhead.com/item=32531,,57,15,,,,4
,,Shoulders,,,,,,,,,heal,int,spi,crit,haste,mp5,socket
,1,Mantle of Absolution,Mantle of Absolution,Epic,219.75,Black Temple,Mother Shahraz,3,https://tbc.wowhead.com/item=31069,,86,30,19,,,8,Blue,Blue
,2,Amice of Brilliant Light,Amice of Brilliant Light,Epic,192.49,Black Temple,Shade of Akama,3,https://tbc.wowhead.com/item=32273,,84,27,37
,3,Swiftheal Mantle,Swiftheal Mantle,Epic,190.24,Tailoring,Crafted,3,https://tbc.wowhead.com/item=32585,,84,16,28,,27
,4,Mantle of the Avatar,Mantle of the Avatar,Epic,185.60,Tempest Keep,Void Reaver,2,https://tbc.wowhead.com/item=30154,,77,26,20,,,,Blue,Blue
,5,Light-Mantle of the Incarnate,Light-Mantle of the Incarnate,Epic,171.35,Gruul's Lair,High King Maulgar,1,https://tbc.wowhead.com/item=29054,,53,30,22,,,,Red,Blue
,6,Pauldrons of the Solace-Giver,Pauldrons of the Solace-Giver,Epic,165.83,Karazhan,The Curator,1,https://tbc.wowhead.com/item=28612,,57,28,22,,,10
,7,Primal Mooncloth Shoulders,Primal Mooncloth Shoulders,Epic,161.95,Tailoring,Crafted,1,https://tbc.wowhead.com/item=21874,,92,16,15,,,7
,8,Hallowed Pauldrons,Hallowed Pauldrons,Rare,136.85,Shadow Labyrinth,Grandmaster Vorpil,1,https://tbc.wowhead.com/item=27775,,42,17,20,,,,Red,Blue
,9,Wings of the Avatar,Wings of the Avatar,Epic,128.05,Tempest Keep,Void Reaver,2,https://tbc.wowhead.com/item=30163,,,24,24,,,,Yellow,Blue
,10,Pauldrons of Sufferance,Pauldrons of Sufferance,Rare,120.77,Old Hillsbrad Foothills,Epoch Hunter,1,https://tbc.wowhead.com/item=27433,,35,13,19,,,,Blue,Yellow
,11,Vengeful Gladiator's Mooncloth Mantle,Vengeful Gladiator's Mooncloth Mantle,Epic,120.47,Season 3,PvP,3,https://tbc.wowhead.com/item=33720,,57,21,,,,,Red,Yellow
,12,Shoulderpads of Faith,Shoulderpads of Faith,Epic,117.21,Classic,,0,https://tbc.wowhead.com/item=22515,,51,18,17,,,3
,13,Shoulderpads of Absolution,Shoulderpads of Absolution,Epic,115.09,Black Temple,Mother Shahraz,3,https://tbc.wowhead.com/item=31070,,,27,,,,10,Yellow,Blue
,14,Soul-Mantle of the Incarnate,Soul-Mantle of the Incarnate,Epic,108.03,Gruul's Lair,High King Maulgar,1,https://tbc.wowhead.com/item=29060,,,28,18,,,,Red,Blue
,15,Vestia's Pauldrons of Inner Grace,Vestia's Pauldrons of Inner Grace,Rare,107.06,,,1,https://tbc.wowhead.com/item=28250,,48,25,,,,8
,,Back,,,,,,,,,heal,int,spi,crit,haste,mp5,socket
,1,Sunshower Light Cloak,Sunshower Light Cloak,Epic,150.01,Tempest Keep,Kael'thas Sunstrider,2,https://tbc.wowhead.com/item=29989,,77,24,20
,2,Shroud of Forgiveness,Shroud of Forgiveness,Epic,144.37,Black Temple,Gurtogg Bloodboil,3,https://tbc.wowhead.com/item=32337,,79,19,20
,3,Shroud of the Highborne,Shroud of the Highborne,Epic,139.78,Black Temple,Illidan Stormrage,3,https://tbc.wowhead.com/item=32524,,68,23,,,32
,4,Shroud of the Final Stand,Shroud of the Final Stand,Epic,126.29,Black Temple,Trash,3,https://tbc.wowhead.com/item=34012,,64,22,,,,11
,5,Stainless Cloak of the Pure Hearted,Stainless Cloak of the Pure Hearted,Epic,106.39,Karazhan,Prince Malchezaar,1,https://tbc.wowhead.com/item=28765,,53,23,,,,7
,6,Avian Cloak of Feathers,Avian Cloak of Feathers,Rare,104.34,Sethekk Halls,Talon King Ikiss,1,https://tbc.wowhead.com/item=27946,,42,18,12,,,5
,7,Cloak of Suturing,Cloak of Suturing,Epic,101.18,Naxxramas,Patchwerk,1,https://tbc.wowhead.com/item=22960,,48,12,12,,,5
,8,Red Riding Hood's Cloak,Red Riding Hood's Cloak,Epic,99.87,Karazhan,The Big Bad Wolf,1,https://tbc.wowhead.com/item=28582,,48,22,,,,7
,9,Cloak of Scintillating Auras,Cloak of Scintillating Auras,Rare,99.15,Arcatraz,Zereketh the Unbound,1,https://tbc.wowhead.com/item=28373,,42,16,18
,10,Lifegiving Cloak,Lifegiving Cloak,Epic,96.90,,World Drop,1,https://tbc.wowhead.com/item=31329,,64,13,,,,5
,11,Shadowvine Cloak of Infusion,Shadowvine Cloak of Infusion,Epic,95.53,Karazhan,Terestian Illhoof,1,https://tbc.wowhead.com/item=28653,,,21,22,,,9
,12,Bishop's Cloak,Bishop's Cloak,Epic,92.83,Badge of Justice,G'eras,1,https://tbc.wowhead.com/item=29375,,46,17,,,,8
,13,Shroud of Winter's Chill,Shroud of Winter's Chill,Epic,92.83,Slave Pens,Ahune,3,https://tbc.wowhead.com/item=35494,,46,17,,,,8
,14,Cloak of Clarity,Cloak of Clarity,Epic,91.91,Classic,,0,https://tbc.wowhead.com/item=21583,,40,12,7,,,8
,15,Manaweave Cloak,Manaweave Cloak,Epic,89.57,Tailoring,Crafted,1,https://tbc.wowhead.com/item=24260,,,20,21,,,8
,,Chest,,,,,,,,,heal,int,spi,crit,haste,mp5,socket
,1,Vestments of Absolution,Vestments of Absolution,Epic,299.81,Black Temple,Illidan Stormrage,3,https://tbc.wowhead.com/item=31066,,117,32,36,,,8,Blue,Yellow,Blue
,2,Vestments of the Avatar,Vestments of the Avatar,Epic,259.71,Tempest Keep,Kael'thas Sunstrider,2,https://tbc.wowhead.com/item=30150,,103,25,39,,,,Blue,Yellow,Blue
,3,Primal Mooncloth Robe,Primal Mooncloth Robe,Epic,245.35,Tailoring,Crafted,1,https://tbc.wowhead.com/item=21875,,121,20,20,,,10,Yellow,Blue
,4,Garments of Temperance,Garments of Temperance,Epic,222.09,Black Temple,Gurtogg Bloodboil,3,https://tbc.wowhead.com/item=32340,,118,34,,,,20
,5,Robes of the Incarnate,Robes of the Incarnate,Epic,222.04,Magtheridon's Lair,Magtheridon,1,https://tbc.wowhead.com/item=29050,,88,32,20,,,,Red,Blue,Blue
,6,Hallowed Garments,Hallowed Garments,Rare,191.62,Shadow Labyrinth,Murmur,1,https://tbc.wowhead.com/item=28230,,57,26,26,,,,Red,Yellow,Blue
,7,Robe of Effervescent Light,Robe of Effervescent Light,Rare,174.38,Blood Furnace,Keli'dan the Breaker,1,https://tbc.wowhead.com/item=27506,,73,33,18,,,7
,8,Shroud of Spiritual Purity,Shroud of Spiritual Purity,Rare,171.98,,World Drop,1,https://tbc.wowhead.com/item=31282,,68,30,32
,9,Vengeful Gladiator's Mooncloth Robe,Vengeful Gladiator's Mooncloth Robe,Epic,170.21,Season 3,PvP,3,https://tbc.wowhead.com/item=33721,,59,27,,,,9,Red,Yellow,Yellow
,10,Raiments of Divine Authority,Raiments of Divine Authority,Rare,158.44,Blood Furnace,Keli'dan the Breaker,1,https://tbc.wowhead.com/item=24397,,46,21,18,,,,Red,Yellow,Blue
,11,Shroud of Absolution,Shroud of Absolution,Epic,157.61,Black Temple,Illidan Stormrage,3,https://tbc.wowhead.com/item=31065,,,39,,,,12,Yellow,Yellow,Blue
,12,Merciless Gladiator's Mooncloth Robe,Merciless Gladiator's Mooncloth Robe,Epic,157.02,Season 2,PvP,2,https://tbc.wowhead.com/item=32019,,53,24,,,,8,Red,Yellow,Yellow
,13,Robe of Faith,Robe of Faith,Epic,156.45,Classic,,0,https://tbc.wowhead.com/item=22512,,64,27,21,,,5
,14,Gladiator's Mooncloth Robe,Gladiator's Mooncloth Robe,Epic,150.92,Season 1,PvP,1,https://tbc.wowhead.com/item=31413,,46,28,,,,6,Red,Yellow,Yellow
,15,Anchorite's Robes,Anchorite's Robes,Rare,137.26,Quartermaster Endarin,,1,https://tbc.wowhead.com/item=29129,,,38,18,,,,Yellow,Blue,Yellow
,,Wrist,,,,,,,,,heal,int,spi,crit,haste,mp5,socket
,1,Bracers of Martyrdom,Bracers of Martyrdom,Epic,161.70,Hyjal Summit,Rage Winterchill,3,https://tbc.wowhead.com/item=30871,,64,20,28,,,,Blue
,2,Wristbands of Divine Influence,Wristbands of Divine Influence,Epic,144.96,Black Temple,Shade of Akama,3,https://tbc.wowhead.com/item=32513,,62,21,28
,3,Ravager's Cuffs of the Prophet,Ravager's Cuffs of the Prophet,Epic,120.59,Karazhan,Rokad the Ravager,1,https://tbc.wowhead.com/item=30684/ravagers-cuffs,,47,22,22
,4,Bands of Indwelling,Bands of Indwelling,Epic,109.84,Karazhan,Maiden of Virtue,1,https://tbc.wowhead.com/item=28511,,46,18,20
,5,Wraps of Purification,Wraps of Purification,Epic,109.45,Serpentshrine Cavern,Hydross the Unstable,2,https://tbc.wowhead.com/item=32516,,53,25,,,,7
,6,Bands of the Benevolent,Bands of the Benevolent,Epic,109.27,Sethekk Halls,Talon King Ikiss,1,https://tbc.wowhead.com/item=29249,,46,20,18
,7,Vindicator's Mooncloth Cuffs,Vindicator's Mooncloth Cuffs,Epic,100.67,Season 3,PvP,3,https://tbc.wowhead.com/item=33901,,55,20,,,,,Yellow
,8,Bindings of Faith,Bindings of Faith,Epic,93.81,Classic,,0,https://tbc.wowhead.com/item=22519,,40,15,17
,9,Cuffs of Devastation,Cuffs of Devastation,Epic,93.69,Hyjal Summit,Rage Winterchill,3,https://tbc.wowhead.com/item=30870,,,20,19,,,,Yellow
,10,Light Scribe Bands,Light Scribe Bands,Rare,91.89,Hellfire Ramparts,Vazruden and Nazan,1,https://tbc.wowhead.com/item=27452,,29,15,22
,11,Ravager's Cuffs of Healing,Ravager's Cuffs of Healing,Epic,90.00,Karazhan,Rokad the Ravager,1,https://tbc.wowhead.com/item=30684/ravagers-cuffs,,90
,12,Veteran's Mooncloth Cuffs,Veteran's Mooncloth Cuffs,Epic,85.56,Season 2,PvP,2,https://tbc.wowhead.com/item=32980,,46,16,,,,,Yellow
,13,Bracelets of Royal Redemption,Bracelets of Royal Redemption,Epic,84.63,Classic,,0,https://tbc.wowhead.com/item=21604,,53,10,9
,14,Bindings of the Timewalker,Bindings of the Timewalker,Epic,82.34,The Keepers of Time,Exalted,1,https://tbc.wowhead.com/item=29183,,64,12
,15,Ravager's Cuffs of the Physician,Ravager's Cuffs of the Physician,Epic,80.62,Karazhan,Rokad the Ravager,1,https://tbc.wowhead.com/item=30684/ravagers-cuffs,,47,22
,,Hands,,,,,,,,,heal,int,spi,crit,haste,mp5,socket
,1,Gloves of Absolution,Gloves of Absolution,Epic,211.73,Hyjal Summit,Azgalor,3,https://tbc.wowhead.com/item=31060,,86,31,27,,,5,Blue
,2,Gloves of Unfailing Faith,Gloves of Unfailing Faith,Epic,186.64,Black Temple,Devourer of Souls,3,https://tbc.wowhead.com/item=32353,,75,33,,,,11,Red,Blue
,3,Gloves of the Avatar,Gloves of the Avatar,Epic,186.59,Serpentshrine Cavern,Leotheras the Blind,2,https://tbc.wowhead.com/item=30151,,77,27,29,,,6
,4,Gloves of Saintly Blessings,Gloves of Saintly Blessings,Epic,156.16,Karazhan,Attumen the Huntsman,1,https://tbc.wowhead.com/item=28508,,40,25,25,,,,Red,Blue
,5,Handwraps of the Incarnate,Handwraps of the Incarnate,Epic,155.50,Karazhan,The Curator,1,https://tbc.wowhead.com/item=29055,,57,26,18,,,10
,6,Hallowed Handwraps,Hallowed Handwraps,Rare,128.80,Shattered Halls,Warchief Kargath Bladefist,1,https://tbc.wowhead.com/item=27536,,51,20,26
,7,Gloves of Faith,Gloves of Faith,Epic,122.49,Classic,,0,https://tbc.wowhead.com/item=22517,,40,21,22,,,4
,8,Bloody Surgeon's Mitts,Bloody Surgeon's Mitts,Rare,115.90,Blood Furnace,Broggok,1,https://tbc.wowhead.com/item=24393,,31,20,12,,,,Red,Blue
,9,Gloves of Piety,Gloves of Piety,Rare,115.04,,World Drop,1,https://tbc.wowhead.com/item=31150,,40,17,27
,10,Prismatic Mittens of Mending,Prismatic Mittens of Mending,Rare,112.98,Botanica,Commander Sarannis,1,https://tbc.wowhead.com/item=28304,,55,26,,,,7
,11,Gloves of Penitence,Gloves of Penitence,Rare,109.27,,Levixus the Soul Caller,1,https://tbc.wowhead.com/item=29315,,46,20,18
,12,Gauntlets of the Sun King,Gauntlets of the Sun King,Epic,107.64,Tempest Keep,Kael'thas Sunstrider,2,https://tbc.wowhead.com/item=29987,,,29,20
,13,Vengeful Gladiator's Mooncloth Gloves,Vengeful Gladiator's Mooncloth Gloves,Epic,101.14,Season 3,PvP,3,https://tbc.wowhead.com/item=33717,,66,23
,14,Gloves of the Incarnate,Gloves of the Incarnate,Epic,101.02,,,1,https://tbc.wowhead.com/item=29057,,,26,21
,15,Handguards of Absolution,Handguards of Absolution,Epic,88.55,Hyjal Summit,Azgalor,3,https://tbc.wowhead.com/item=31061,,,31,,,,10,Yellow
,,Waist,,,,,,,,,heal,int,spi,crit,haste,mp5,socket
,1,Belt of Divine Guidance,Belt of Divine Guidance,Epic,199.19,Black Temple,High Nethermancer Zerevor,3,https://tbc.wowhead.com/item=32519,,73,24,32,,,,Yellow,Blue
,2,Belt of the Long Road,Belt of the Long Road,Epic,191.84,Tailoring,Crafted,2,https://tbc.wowhead.com/item=30036,,73,18,33,,,,Blue,Yellow
,3,Angelista's Sash,Angelista's Sash,Epic,172.21,Hyjal Summit,Kaz'rogal,3,https://tbc.wowhead.com/item=30895,,84,30,,,37
,4,Primal Mooncloth Belt,Primal Mooncloth Belt,Epic,171.56,Tailoring,Crafted,1,https://tbc.wowhead.com/item=21873,,81,12,11,,,8,Yellow,Blue
,5,Lurker's Cord of the Prophet,Lurker's Cord of the Prophet,Epic,161.01,Karazhan,Hyakiss the Lurker,1,https://tbc.wowhead.com/item=30675/lurkers-cord,,64,29,29
,6,Cincture of Will,Cincture of Will,Epic,147.21,Karazhan,Terestian Illhoof,1,https://tbc.wowhead.com/item=28652,,59,28,25
,7,Cord of Belief,Cord of Belief,Rare,138.34,Slave Pens,Mennu the Betrayer,1,https://tbc.wowhead.com/item=27542,,46,23,20,,,8
,8,Black Belt of Knowledge,Black Belt of Knowledge,Epic,125.72,Tailoring,Crafted,1,https://tbc.wowhead.com/item=24257,,,18,21,,,11,Yellow,Blue
,9,Vindicator's Mooncloth Belt,Vindicator's Mooncloth Belt,Epic,124.37,Season 3,PvP,3,https://tbc.wowhead.com/item=33900,,77,31
,10,Lurker's Cord of Healing,Lurker's Cord of Healing,Epic,121.00,Karazhan,Hyakiss the Lurker,1,https://tbc.wowhead.com/item=30675/lurkers-cord,,121
,11,Cord of Sanctification,Cord of Sanctification,Epic,116.92,Old Hillsbrad Foothills,Epoch Hunter,1,https://tbc.wowhead.com/item=29250,,62,24,,,,7
,12,Belt of Faith,Belt of Faith,Epic,114.03,Classic,,0,https://tbc.wowhead.com/item=22518,,48,23,17
,13,Veteran's Mooncloth Belt,Veteran's Mooncloth Belt,Epic,113.84,Season 2,PvP,2,https://tbc.wowhead.com/item=32979,,68,30
,14,Grasp of the Old God,Grasp of the Old God,Epic,106.28,Classic,,0,https://tbc.wowhead.com/item=21582,,59,19,,,,7
,15,Marshal's Mooncloth Belt,Marshal's Mooncloth Belt,Epic,100.26,,PvP,1,https://www.wowhead.com/tbc/item=32976/marshals-mooncloth-belt,,59,27
,,Ring,,,,,,,,,heal,int,spi,crit,haste,mp5,socket
,1,Band of the Eternal Restorer,Band of the Eternal Restorer,Epic,157.27,Tanaris,Restorer's Covenant,3,https://tbc.wowhead.com/item=29309,,93,25,,,,10
,2,Blessed Band of Karabor,Blessed Band of Karabor,Epic,153.55,Black Temple,Trash,3,https://tbc.wowhead.com/item=32528,,73,20,,,30,6
,3,Coral Band of the Revived,Coral Band of the Revived,Epic,145.45,Serpentshrine Cavern,Lady Vashj,2,https://tbc.wowhead.com/item=30110,,75,14,27
,4,Ring of Calming Waves,Ring of Calming Waves,Epic,128.39,Black Temple,High Warlord Naj'entus,3,https://tbc.wowhead.com/item=32238,,64,27
,5,Band of Eternity (revered),Band of Eternity (revered),Epic,128.27,Tanaris,Restorer's Oath,3,https://tbc.wowhead.com/item=29308,,64,25,,,,10
,6,Violet Signet of the Grand Restorer,Violet Signet of the Grand Restorer,Epic,121.03,Deadwind Pass,Eminence Among the Violet Eye,1,https://tbc.wowhead.com/item=29290,,55,23,17
,7,Phoenix-Ring of Rebirth,Phoenix-Ring of Rebirth,Epic,117.74,Tempest Keep,Al'ar,2,https://tbc.wowhead.com/item=29920,,55,24,,,,10
,8,Band of Eternity (honored),Band of Eternity (honored),Epic,117.61,Tanaris,Restorer's Vow,3,https://tbc.wowhead.com/item=29306,,59,23,,,,9
,9,Violet Signet,Violet Signet,Epic,115.51,Deadwind Pass,Distinguished Service,1,https://tbc.wowhead.com/item=29291,,51,22,17
,10,Naaru Lightwarden's Band,Naaru Lightwarden's Band,Epic,114.06,Magtheridon's Lair,The Fall of Magtheridon,1,https://tbc.wowhead.com/item=28790,,55,25,,,,8
,11,Mender's Heart-Ring,Mender's Heart-Ring,Epic,110.61,Karazhan,Terestian Illhoof,1,https://tbc.wowhead.com/item=28661,,44,21,19
,12,Band of Eternity (friendly),Band of Eternity (friendly),Epic,109.47,Tanaris,Restorer's Pledge,2,https://tbc.wowhead.com/item=29307,,55,22,,,,8
,13,Ring of Faith,Ring of Faith,Epic,108.52,Naxxramas,Kel'Thuzad,1,https://tbc.wowhead.com/item=23061,,55,16,16
,14,Violet Signet,Violet Signet,Epic,105.34,Deadwind Pass,Down the Violet Path,1,https://tbc.wowhead.com/item=29289,,46,21,15
,15,Jade Ring of the Everliving,Jade Ring of the Everliving,Epic,99.28,Karazhan,Prince Malchezaar,1,https://tbc.wowhead.com/item=28763,,68,,,,,12
,,Legs,,,,,,,,,heal,int,spi,crit,haste,mp5,socket
,1,Leggings of Eternity,Leggings of Eternity,Epic,269.57,Hyjal Summit,Archimonde,3,https://tbc.wowhead.com/item=30912,,121,38,,,,16,Blue,Blue,Blue
,2,Breeches of Absolution,Breeches of Absolution,Epic,265.17,Black Temple,Illidari Council,3,https://tbc.wowhead.com/item=31068,,117,33,34,,,8,Yellow
,3,Breeches of the Avatar,Breeches of the Avatar,Epic,252.62,Serpentshrine Cavern,Fathom-Lord Karathress,2,https://tbc.wowhead.com/item=30153,,101,36,27,,,12,Blue
,4,Star-Soul Breeches,Star-Soul Breeches,Epic,236.74,Tempest Keep,High Astromancer Solarian,2,https://tbc.wowhead.com/item=29977,,101,27,52
,5,Gilded Trousers of Benediction,Gilded Trousers of Benediction,Epic,221.38,Shadowmoon Valley,Doomwalker,1,https://tbc.wowhead.com/item=30727,,118,16,,,,12,Yellow,Blue,Blue
,6,Pantaloons of Repentance,Pantaloons of Repentance,Epic,216.00,Karazhan,Netherspite,1,https://tbc.wowhead.com/item=28742,,68,34,26,,,,Red,Blue,Blue
,7,Trousers of the Incarnate,Trousers of the Incarnate,Epic,209.95,Gruul's Lair,Gruul the Dragonkiller,1,https://tbc.wowhead.com/item=29053,,88,37,36
,8,Pontifex Kilt,Pontifex Kilt,Epic,207.02,Steamvault,Warlord Kalithresh,1,https://tbc.wowhead.com/item=30543,,66,29,27,,,,Red,Yellow,Blue
,9,Kamaei's Cerulean Skirt,Kamaei's Cerulean Skirt,Epic,194.36,,World Drop,1,https://tbc.wowhead.com/item=31343,,118,25,21
,10,Pontiff's Pantaloons of Prophecy,Pontiff's Pantaloons of Prophecy,Rare,188.67,Old Hillsbrad Foothills,Captain Skarloc,1,https://tbc.wowhead.com/item=28218,,55,27,24,,,,Red,Blue,Blue
,11,Leggings of Absolution,Leggings of Absolution,Epic,176.48,Black Temple,Illidari Council,3,https://tbc.wowhead.com/item=31067,,,41,28,,,8,Yellow
,12,Hallowed Trousers,Hallowed Trousers,Rare,174.38,Sethekk Halls,Talon King Ikiss,1,https://tbc.wowhead.com/item=27875,,73,33,18,,,7
,13,Leggings of Channeled Elements,Leggings of Channeled Elements,Epic,172.93,Hyjal Summit,Kaz'rogal,3,https://tbc.wowhead.com/item=30916,,,28,28,,,,Yellow,Yellow,Blue
,14,Whitemend Pants,Whitemend Pants,Epic,170.41,Tailoring,Crafted,1,https://tbc.wowhead.com/item=24261,,62,21,,,,11,Blue,Yellow,Red
,15,Vengeful Gladiator's Mooncloth Leggings,Vengeful Gladiator's Mooncloth Leggings,Epic,160.28,Season 3,PvP,3,https://tbc.wowhead.com/item=33719,,81,28,,,,14
,,Feet,,,,,,,,,heal,int,spi,crit,haste,mp5,socket
,1,Archbishop's Slippers,Archbishop's Slippers,Epic,197.07,Hyjal Summit,Anetheron,3,https://tbc.wowhead.com/item=30885,,84,30,37
,2,Soul-Strider Boots,Soul-Strider Boots,Epic,185.53,Serpentshrine Cavern,Fathom-Lord Karathress,2,https://tbc.wowhead.com/item=30100,,64,19,33,,,,Red,Blue
,3,Boots of the Divine Light,Boots of the Divine Light,Epic,184.66,Hyjal Summit,Trash,3,https://tbc.wowhead.com/item=32609,,73,24,24,,,,Yellow,Blue
,4,Boots of the Long Road,Boots of the Long Road,Epic,176.17,Tailoring,Crafted,2,https://tbc.wowhead.com/item=30035,,73,26,22,,,9
,5,Glider's Foot-Wraps of the Prophet,Glider's Foot-Wraps of the Prophet,Epic,161.01,Karazhan,Shadikith the Glider,1,https://tbc.wowhead.com/item=30680/gliders-foot-wraps,,64,29,29
,6,Boots of the Incorrupt,Boots of the Incorrupt,Epic,156.32,Karazhan,Shade of Aran,1,https://tbc.wowhead.com/item=28663,,57,24,23,,,8
,7,Boots of the Pious,Boots of the Pious,Epic,143.52,Mechanar,Pathaleon the Calculator,1,https://tbc.wowhead.com/item=29251,,62,26,23
,8,Curate's Boots,Curate's Boots,Rare,136.63,,Fel Embers,1,https://tbc.wowhead.com/item=25792,,53,25,25
,9,Slippers of Serenity,Slippers of Serenity,Rare,128.41,Auchenai Crypts,Exarch Maladaar,1,https://tbc.wowhead.com/item=27411,,35,22,15,,,,Red,Blue
,10,Vindicator's Mooncloth Slippers,Vindicator's Mooncloth Slippers,Epic,124.37,Season 3,PvP,3,https://tbc.wowhead.com/item=33902,,77,31
,11,Glider's Foot-Wraps of Healing,Glider's Foot-Wraps of Healing,Epic,121.00,Karazhan,Shadikith the Glider,1,https://tbc.wowhead.com/item=30680/gliders-foot-wraps,,121
,12,Slippers of the Seacaller,Slippers of the Seacaller,Epic,119.54,Black Temple,High Warlord Naj'entus,3,https://tbc.wowhead.com/item=32239,,,18,18,,,,Yellow,Blue
,13,Sandals of Faith,Sandals of Faith,Epic,116.88,Classic,,0,https://tbc.wowhead.com/item=22516,,44,22,13,,,6
,14,Light-Woven Slippers,Light-Woven Slippers,Rare,115.36,Sethekk Halls,Darkweaver Syth,1,https://tbc.wowhead.com/item=27919,,29,24,13,,,10
,15,Veteran's Mooncloth Slippers,Veteran's Mooncloth Slippers,Epic,113.84,Season 2,PvP,2,https://tbc.wowhead.com/item=32981,,68,30
,,Trinket,,,,,,,,,heal,int,spi,crit,haste,mp5,socket
,1,Eye of Gruul,Eye of Gruul,Epic,174.35,Gruul's Lair,Gruul the Dragonkiller,1,https://tbc.wowhead.com/item=28823,,44,,,,,50
,2,Memento of Tyrande,Memento of Tyrande,Epic,161.02,Black Temple,Illidan Stormrage,3,https://tbc.wowhead.com/item=32496,,118,,,,,16.5
,3,Earring of Soulful Meditation,Earring of Soulful Meditation,Epic,156.85,Serpentshrine Cavern,The Lurker Below,2,https://tbc.wowhead.com/item=30665,,66,,50
,4,Bangle of Endless Blessings,Bangle of Endless Blessings,Rare,139.04,Botanica,Warp Splinter,1,https://tbc.wowhead.com/item=28370,,,,22,,,38
,5,Essence of the Martyr,Essence of the Martyr,Epic,133.50,Badge of Justice,G'eras,1,https://tbc.wowhead.com/item=29376,,133.5
,6,Direbrew Hops,Direbrew Hops,Epic,133.50,,,3,https://tbc.wowhead.com/item=38288,,133.5
,7,Darkmoon Card: Blue Dragon,Darkmoon Card: Blue Dragon,Epic,130.35,Darkmoon Faire,,0,https://tbc.wowhead.com/item=19288/darkmoon-card-blue-dragon,,,,,,,50
,8,Pendant of the Violet Eye,Pendant of the Violet Eye,Epic,121.08,Karazhan,Shade of Aran,1,https://tbc.wowhead.com/item=28727,,,40,,,,23
,9,Scarab of the Infinite Cycle,Scarab of the Infinite Cycle,Rare,104.35,Black Morass,Aeonus,1,https://tbc.wowhead.com/item=28190,,70,,,,30
,10,Lower City Prayerbook,Lower City Prayerbook,Rare,98.68,Lower City,Revered,1,https://tbc.wowhead.com/item=30841,,70,,,,,11
,11,Eye of the Dead,Eye of the Dead,Epic,90.00,Naxxramas,Sapphiron,0,https://tbc.wowhead.com/item=23047,,90
,12,Rejuvenating Gem,Rejuvenating Gem,Epic,89.46,Blackwing Lair,,0,https://tbc.wowhead.com/item=19395/rejuvenating-gem,,66,,,,,9
,13,Oshu'gun Relic,Oshu'gun Relic,Uncommon,88.50,Nagrand,Gava'xi,1,https://tbc.wowhead.com/item=25634/oshugun-relic,,88.5
,14,Warp-Scarab Brooch,Warp-Scarab Brooch,Rare,80.89,Mana-Tombs,Nexus-Prince Shaffar,1,https://tbc.wowhead.com/item=27828,,47,,,,,13
,15,Xi'ri's Gift,Xi'ri's Gift,Rare,77.85,The Sha'tar,Revered,1,https://tbc.wowhead.com/item=29179,,47
,,One Hand,,,,,,,,,heal,int,spi,crit,haste,mp5,socket
,1,Crystal Spire of Karabor,Crystal Spire of Karabor,Epic,524.56,Black Temple,Illidan Stormrage,3,https://tbc.wowhead.com/item=32500,,486,15,,,,6
,2,Lightfathom Scepter,Lightfathom Scepter,Epic,502.24,Serpentshrine Cavern,Lady Vashj,2,https://tbc.wowhead.com/item=30108,,443,20,,,,11
,3,Vengeful Gladiator's Salvation,Vengeful Gladiator's Salvation,Epic,499.14,Season 3,PvP,3,https://tbc.wowhead.com/item=33743,,464,23
,4,Hammer of Atonement,Hammer of Atonement,Epic,497.26,Hyjal Summit,Kaz'rogal,3,https://tbc.wowhead.com/item=30918,,443,21
,5,Merciless Gladiator's Salvation,Merciless Gladiator's Salvation,Epic,455.09,Season 2,PvP,2,https://tbc.wowhead.com/item=32964,,423,21
,6,Light's Justice,Light's Justice,Epic,450.43,Karazhan,Prince Malchezaar,1,https://tbc.wowhead.com/item=28771,,382,21,20
,7,Gladiator's Salvation,Gladiator's Salvation,Epic,402.50,Season 1,PvP,1,https://tbc.wowhead.com/item=32451,,375,18
,8,Shard of the Virtuous,Shard of the Virtuous,Epic,394.20,Karazhan,Maiden of Virtue,1,https://tbc.wowhead.com/item=28522,,348,20,,,,6
,9,Hand of Eternity,Hand of Eternity,Epic,365.81,Blacksmithing,Crafted,1,https://tbc.wowhead.com/item=23556,,317,20,,,,7
,10,Shockwave Truncheon,Shockwave Truncheon,Epic,348.07,Shadow Labyrinth,Murmur,1,https://tbc.wowhead.com/item=29353,,317,,,,,6
,11,The Ancient Scepter of Sue-Min,The Ancient Scepter of Sue-Min,Epic,342.78,,World Drop,1,https://tbc.wowhead.com/item=31342,,299,15,,,,8
,12,Gavel of Pure Light,Gavel of Pure Light,Epic,338.19,The Sha'tar,Exalted,1,https://tbc.wowhead.com/item=29175,,299,12,,,,8
,13,Hammer of the Penitent,Hammer of the Penitent,Rare,290.71,Mechanar,Mechano-Lord Capacitus,1,https://tbc.wowhead.com/item=28257,,227,16,13,,,6
,14,Dathrohan's Ceremonial Hammer,Dathrohan's Ceremonial Hammer,Rare,281.10,Old Hillsbrad Foothills,Captain Skarloc,1,https://tbc.wowhead.com/item=28216,,227,14,18
,15,Hammer of the Twisting Nether,Hammer of the Twisting Nether,Epic,275.66,Naxxramas,Kel'Thuzad,1,https://tbc.wowhead.com/item=23056,,238,11,,,,8
,,Off Hand,,,,,,,,,heal,int,spi,crit,haste,mp5,socket
,1,Scepter of Purification,Scepter of Purification,Epic,148.40,Hyjal Summit,Archimonde,3,https://tbc.wowhead.com/item=30911,,77,17,25
,2,Touch of Inspiration,Touch of Inspiration,Epic,127.37,Black Temple,Devourer of Souls,3,https://tbc.wowhead.com/item=32350,,64,21,,,,12
,3,Talisman of the Sun King,Talisman of the Sun King,Epic,111.31,Tempest Keep,Al'ar,2,https://tbc.wowhead.com/item=29923,,59,24,,,,6
,4,Windcaller's Orb,Windcaller's Orb,Epic,110.25,Cenarion Expedition,Exalted,1,https://tbc.wowhead.com/item=29170,,64,16,12
,5,Signet of Unshakable Faith,Signet of Unshakable Faith,Epic,109.06,Karazhan,Moroes,1,https://tbc.wowhead.com/item=28525,,37,21,22
,6,Aran's Soothing Sapphire,Aran's Soothing Sapphire,Epic,105.47,Karazhan,Shade of Aran,1,https://tbc.wowhead.com/item=28728,,51,22,,,,8
,7,Netherwing Spiritualist's Charm,Netherwing Spiritualist's Charm,Rare,98.82,,Ally of the Netherwing,1,https://tbc.wowhead.com/item=31493,,33,15,15,,,6
,8,Noth's Frigid Heart,Noth's Frigid Heart,Epic,94.96,Naxxramas,Noth the Plaguebringer,1,https://tbc.wowhead.com/item=23029,,53,12,13
,9,Merciless Gladiator's Reprieve,Merciless Gladiator's Reprieve,Epic,91.03,Season 2,PvP,2,https://tbc.wowhead.com/item=32961,,62,19
,10,Tears of Heaven,Tears of Heaven,Epic,90.64,Badge of Justice,G'eras,1,https://tbc.wowhead.com/item=29274,,75,,,,,6
,11,Lordaeron Medical Guide,Lordaeron Medical Guide,Rare,90.35,Old Hillsbrad Foothills,Lieutenant Drake,1,https://tbc.wowhead.com/item=28213,,46,10,16
,12,Swamplight Lantern,Swamplight Lantern,Rare,89.26,Slave Pens,Quagmirran,1,https://tbc.wowhead.com/item=27714,,40,22,,,,6
,13,Sapphiron's Right Eye,Sapphiron's Right Eye,Epic,87.71,Naxxramas,Sapphiron,1,https://tbc.wowhead.com/item=23048,,62,10,,,,4
,14,Lamp of Peaceful Repose,Lamp of Peaceful Repose,Rare,78.15,Arcatraz,Dalliah the Doomsayer,1,https://tbc.wowhead.com/item=28387,,35,18,,,,6
,15,Faol's Signet of Cleansing,Faol's Signet of Cleansing,Rare,77.25,Hellfire Ramparts,Omor the Unscarred,1,https://tbc.wowhead.com/item=27477,,59,,,,,7
,,Two Hand,,,,,,,,,heal,int,spi,crit,haste,mp5,socket
,1,Apostle of Argus,Apostle of Argus,Epic,636.11,Hyjal Summit,Archimonde,3,https://tbc.wowhead.com/item=30908,,486,59,,,,23
,2,Staff of Immaculate Recovery,Staff of Immaculate Recovery,Epic,621.02,Black Temple,Gurtogg Bloodboil,3,https://tbc.wowhead.com/item=32344,,443,51,35,,,14
,3,Ethereum Life-Staff,Ethereum Life-Staff,Epic,594.89,Tempest Keep,High Astromancer Solarian,2,https://tbc.wowhead.com/item=29981,,415,44,62
,4,Exodar Life-Staff,Exodar Life-Staff,Epic,510.52,World Boss,Doom Lord Kazzak,1,https://tbc.wowhead.com/item=30732,,364,34,,,,18,Blue,Blue,Yellow
,5,Crystalheart Pulse-Staff,Crystalheart Pulse-Staff,Epic,500.11,Magtheridon's Lair,Magtheridon,1,https://tbc.wowhead.com/item=28782,,382,50,,,,16
,6,Nightstaff of the Everliving,Nightstaff of the Everliving,Epic,499.89,Karazhan,Nightbane,1,https://tbc.wowhead.com/item=28604,,348,34,55
,7,"Atiesh, Greatstaff of the Guardian","Atiesh, Greatstaff of the Guardian",Legendary,453.84,Classic,,0,https://tbc.wowhead.com/item=22631,,362,28,27
,8,Serpentcrest Life-Staff,Serpentcrest Life-Staff,Rare,351.84,The Steamvault,Mekgineer Steamrigger,1,https://tbc.wowhead.com/item=27791,,227,27,46
,9,Seer's Cane,Seer's Cane,Rare,324.36,Quartermaster Enuril,,1,https://tbc.wowhead.com/item=29133,,228,46,,,,10
,10,Ameer's Judgement,Ameer's Judgement,Rare,320.57,,Nexus-King Salhadaar,1,https://tbc.wowhead.com/item=30012,,194,40,27
,11,Staff of Divine Infusion,Staff of Divine Infusion,Rare,319.99,,,1,https://tbc.wowhead.com/item=31289,,194,23,50
,12,Epoch-Mender,Epoch-Mender,Rare,311.76,Black Morass,Temporus,1,https://tbc.wowhead.com/item=28033,,227,35,,,,12
,13,Staff of the Ashtongue Deathsworn,Staff of the Ashtongue Deathsworn,Rare,308.19,,,1,https://tbc.wowhead.com/item=31417,,194,45,25
,14,Staff of the Redeemer,Staff of the Redeemer,Rare,288.83,,,1,https://tbc.wowhead.com/item=31038,,194,45,,,,10
,15,Spire of Twilight,Spire of Twilight,Epic,262.13,Naxxramas,Thaddius,1,https://tbc.wowhead.com/item=22801,,178,38,,,,10
,,Two Hand,,,,,,,,,heal,int,spi,crit,haste,mp5,socket
,1,Naaru-Blessed Life Rod,Naaru-Blessed Life Rod,Epic,84.41,Black Temple,Devourer of Souls,3,https://tbc.wowhead.com/item=32363,,37,12,16
,2,Luminescent Rod of the Naaru,Luminescent Rod of the Naaru,Epic,72.03,Serpentshrine Cavern,Morogrim Tidewalker,2,https://tbc.wowhead.com/item=30080,,35,14,,,,6
,3,Blue Diamond Witchwand,Blue Diamond Witchwand,Epic,68.85,Karazhan,The Crone,1,https://tbc.wowhead.com/item=28588,,29,13,11
,4,Vengeful Gladiator's Baton of Light,Vengeful Gladiator's Baton of Light,Epic,54.39,Season 3,PvP,3,https://tbc.wowhead.com/item=34059,,33,14
,5,Wand of the Whispering Dead,Wand of the Whispering Dead,Epic,53.63,Naxxramas,Instructor Razuvious,1,https://tbc.wowhead.com/item=23009,,22,10,9
,6,Soul-Wand of the Aldor,Soul-Wand of the Aldor,Rare,52.39,Shadow Labyrinth,Ambassador Hellmaw,1,https://tbc.wowhead.com/item=27885,,22,8,10
,7,Calming Spore Reed,Calming Spore Reed,Rare,48.58,Slave Pens,Rokmar the Crackler,1,https://tbc.wowhead.com/item=24380,,20,8,9
,8,Rejuvenating Scepter,Rejuvenating Scepter,Uncommon,36.21,,Ar'kelos the Guardian,0,https://tbc.wowhead.com/item=29779,,31,,,,,2
,9,Barrel-Blade Longrifle,Barrel-Blade Longrifle,Epic,32.54,Shadowmoon Valley,Doomwalker,1,https://tbc.wowhead.com/item=30724,,,,,,,,Red,Red
,10,Eredar Wand of Obliteration,Eredar Wand of Obliteration,Epic,30.30,Magtheridon's Lair,Magtheridon,1,https://tbc.wowhead.com/item=28783,,,11
,11,Nexus Torch,Nexus Torch,Rare,25.88,Shattered Halls,Warchief Kargath Bladefist,1,https://tbc.wowhead.com/item=27540,,,10
,12,Nethekurse's Rod of Torment,Nethekurse's Rod of Torment,Rare,24.92,Hellfire Peninsula,Turning the Tide,1,https://tbc.wowhead.com/item=25806,,,10
,13,Rod of Dire Shadows,Rod of Dire Shadows,Rare,24.92,Hellfire Peninsula,The Will of the Warchief,1,https://tbc.wowhead.com/item=25808,,,10
,14,Unearthed Enkaat Wand,Unearthed Enkaat Wand,Uncommon,23.42,,Mark V is Alive!,0,https://tbc.wowhead.com/item=30252,,,7,7
,15,Vengeful Gladiator's Touch of Defeat,Vengeful Gladiator's Touch of Defeat,Epic,21.39,Season 3,PvP,3,https://tbc.wowhead.com/item=33764,,,14
