Boomkin Phase 3,,,"Value Credit: http://tbcwowaddons.weebly.com/pawn.html & boomkin sims, if you have better values please let me know!"
,,Item,,,EPV,If Hit  Capped,Location,Phase,,,Stats
,,Head,,,,,,,,,,sp,int,hit,crit,haste,socket
,1,Cowl of the Illidari High Lord,Cowl of the Illidari High Lord,Epic,175.38,150.18,Black Temple,Illidan Stormrage,3,https://tbc.wowhead.com/item=32525,,64,31,21,47,,Meta,Blue
,2,Thunderheart Headguard,Thunderheart Headguard,Epic,162.88,147.28,Hyjal Summit,Archimonde,3,https://tbc.wowhead.com/item=31040,,62,32,13,29,,Yellow,Meta
,3,Nordrassil Headpiece,Nordrassil Headpiece,Epic,146.00,134.00,Serpentshrine Cavern,Lady Vashj,2,https://tbc.wowhead.com/item=30233,,54,28,10,25,,Yellow,Meta
,4,Cowl of the Grand Engineer,Cowl of the Grand Engineer,Epic,139.46,120.26,Tempest Keep,Void Reaver,2,https://tbc.wowhead.com/item=29986,,53,27,16,35,,Yellow,Yellow,Blue
,5,Magnified Moon Specs,Magnified Moon Specs,Epic,129.92,,Engineering,Crafted,2,https://tbc.wowhead.com/item=32480,,50,24,,41,,Meta,Blue
,6,Vengeful Gladiator's Wyrmhide Helm,Vengeful Gladiator's Wyrmhide Helm,Epic,124.28,,Season 3,PvP,3,https://tbc.wowhead.com/item=33768,,53,30,,17,,Meta,Yellow
,7,Spellstrike Hood,Spellstrike Hood,Epic,120.16,100.96,Tailoring,Crafted,1,https://tbc.wowhead.com/item=24266,,46,12,16,24,,Blue,Yellow,Red
,8,Antlers of Malorne,Antlers of Malorne,Epic,115.10,,Karazhan,Prince Malchezaar,1,https://tbc.wowhead.com/item=29093,,36,29,,24,,Red,Meta
,9,Merciless Gladiator's Wyrmhide Helm,Merciless Gladiator's Wyrmhide Helm,Epic,109.72,,Season 2,PvP,2,https://tbc.wowhead.com/item=32057,,49,26,,,,Meta,Yellow
,10,Gladiator's Wyrmhide Helm,Gladiator's Wyrmhide Helm,Epic,102.76,,Season 1,PvP,1,https://tbc.wowhead.com/item=28137,,43,25,,,,Meta,Yellow
,11,Incanter's Cowl,Incanter's Cowl,Rare,102.64,,Mechanar,Pathaleon the Calculator,1,https://tbc.wowhead.com/item=28278,,29,27,,19,,Yellow,Meta
,12,Mana-Binders Cowl,Mana-Binders Cowl,Epic,100.22,,Badge of Justice,G'eras,1,https://tbc.wowhead.com/item=32089,,34,29,,15,,Yellow,Meta
,13,Uni-Mind Headdress,Uni-Mind Headdress,Epic,99.00,76.20,Karazhan,Netherspite,1,https://tbc.wowhead.com/item=28744,,46,40,19,25
,14,Hood of Oblivion,Hood of Oblivion,Rare,98.36,,Archatraz,Harbinger Skyriss,1,https://tbc.wowhead.com/item=28415,,40,32,,,,Blue,Meta
,15,Evoker's Helmet of Second Sight,Evoker's Helmet of Second Sight,Rare,93.82,,,"Teron Gorefiend, I am...",1,https://tbc.wowhead.com/item=31104,,35,15,,24,,Blue,Blue,Yellow
,,Neck,,,,,,,,,,sp,int,hit,crit,haste,socket
,1,Translucent Spellthread Necklace,Translucent Spellthread Necklace,Epic,78.40,60.40,Black Temple,Devourer of Souls,3,https://tbc.wowhead.com/item=32349,,46,,15,24
,2,Eye of the Night (GROUP BUFF),Eye of the Night (GROUP BUFF),Rare,68.80,49.60,Jewelcrafting,Crafted,1,https://tbc.wowhead.com/item=24116,,34,,16,26
,3,The Sun King's Talisman,The Sun King's Talisman,Epic,61.48,,Tempest Keep,Kael'thas and the Verdant Sphere,2,https://tbc.wowhead.com/item=30015,,41,16,,24
,4,Vindicator's Pendant of Conquest,Vindicator's Pendant of Conquest,Epic,55.30,,Season 3,PvP,3,https://tbc.wowhead.com/item=33920,,25,15,,21,,Yellow
,5,Chain of the Twilight Owl (GROUP BUFF),Chain of the Twilight Owl (GROUP BUFF),Rare,54.67,,Jewelcrafting,Crafted,1,https://tbc.wowhead.com/item=24121,,21,19,,44.08
,6,Vindicator's Pendant of Reprieve,Vindicator's Pendant of Reprieve,Epic,53.48,,Season 3,PvP,3,https://tbc.wowhead.com/item=35317,,17,16,,,23,Yellow
,7,Brooch of Unquenchable Fury,Brooch of Unquenchable Fury,Epic,51.98,33.98,Karazhan,Moroes,1,https://tbc.wowhead.com/item=28530,,26,21,15
,8,Vindicator's Pendant of Dominance,Vindicator's Pendant of Dominance,Epic,49.60,,Season 3,PvP,3,https://tbc.wowhead.com/item=33921,,30,20,,,,Yellow
,9,Adornment of Stolen Souls,Adornment of Stolen Souls,Epic,49.40,,Karazhan,Prince Malchezaar,1,https://tbc.wowhead.com/item=28762,,28,20,,23
,10,Veteran's Pendant of Conquest,Veteran's Pendant of Conquest,Epic,48.36,,Season 2,PvP,2,https://tbc.wowhead.com/item=33067,,21,12,,18,,Yellow
,11,Brooch of Heightened Potential,Brooch of Heightened Potential,Rare,46.52,35.72,Shadow Labyrinth,Blackheart the Inciter,1,https://tbc.wowhead.com/item=28134,,22,14,9,14
,12,Hydra-fang Necklace,Hydra-fang Necklace,Rare,44.28,25.08,Underbog,Ghaz'an,1,https://tbc.wowhead.com/item=27758,,19,16,16
,13,Veteran's Pendant of Dominance,Veteran's Pendant of Dominance,Epic,44.08,,Season 2,PvP,2,https://tbc.wowhead.com/item=33065,,26,16,,,,Yellow
,14,Pendant of Dominance,Pendant of Dominance,Epic,42.56,,,PvP,1,https://tbc.wowhead.com/item=28245,,26,12,,,,Yellow
,15,Pendant of the Lost Ages,Pendant of the Lost Ages,Epic,42.46,,Serpentshrine Cavern,Morogrim Tidewalker,2,https://tbc.wowhead.com/item=30008,,36,17
,,Shoulders,,,,,,,,,,sp,int,hit,crit,haste,socket
,1,Thunderheart Shoulderpads,Thunderheart Shoulderpads,Epic,112.84,96.04,Black Temple,Mother Shahraz,3,https://tbc.wowhead.com/item=31049,,46,31,14,13,,Blue,Yellow
,2,Hatefury Mantle,Hatefury Mantle,Epic,100.24,,Hyjal Summit,Anetheron,3,https://tbc.wowhead.com/item=30884,,55,18,,24,,Blue,Yellow
,3,Blood-cursed Shoulderpads,Blood-cursed Shoulderpads,Epic,98.82,77.22,Black Temple,Gurtogg Bloodboil,3,https://tbc.wowhead.com/item=32338,,55,19,18,25
,4,Nordrassil Wrath-Mantle,Nordrassil Wrath-Mantle,Epic,98.70,80.70,Tempest Keep,Void Reaver,2,https://tbc.wowhead.com/item=30235,,41,27,15,,,Blue,Yellow
,5,Mantle of the Elven Kings,Mantle of the Elven Kings,Epic,88.22,66.62,Tempest Keep,Trash,2,https://tbc.wowhead.com/item=30024,,39,18,18,25
,6,Mantle of Nimble Thought,Mantle of Nimble Thought,Epic,84.28,,Tailoring,Crafted,3,https://tbc.wowhead.com/item=32587,,44,26,,,38
,7,Illidari Shoulderpads,Illidari Shoulderpads,Epic,81.34,,Serpentshrine Cavern,Morogrim Tidewalker,2,https://tbc.wowhead.com/item=30079,,39,23,,16,,Yellow,Yellow
,8,Pauldrons of Malorne,Pauldrons of Malorne,Epic,77.80,,Gruul's Lair,High King Maulgar,1,https://tbc.wowhead.com/item=29095,,36,24,,,,Blue,Yellow
,9,Vengeful Gladiator's Wyrmhide Spaulders,Vengeful Gladiator's Wyrmhide Spaulders,Epic,74.14,,Season 3,PvP,3,https://tbc.wowhead.com/item=33770,,36,20,,8,,Red,Yellow
,10,Merciless Gladiator's Wyrmhide Spaulders,Merciless Gladiator's Wyrmhide Spaulders,Epic,65.78,,Season 2,PvP,2,https://tbc.wowhead.com/item=32059,,33,17,,,,Red,Yellow
,11,Mana-Etched Spaulders,Mana-Etched Spaulders,Rare,60.06,,Slave Pens,Quagmirran,1,https://tbc.wowhead.com/item=27796,,20,17,,16,,Yellow,Red
,12,Gladiator's Wyrmhide Spaulders,Gladiator's Wyrmhide Spaulders,Epic,59.64,,Season 1,PvP,1,https://tbc.wowhead.com/item=28139,,28,14,,,,Red,Yellow
,13,Spaulders of Oblivion,Spaulders of Oblivion,Rare,59.46,,Shadow Labyrinth,Murmur,1,https://tbc.wowhead.com/item=27778,,29,17,,,,Yellow,Blue
,14,Spaulders of the Torn-heart,Spaulders of the Torn-heart,Rare,56.18,,,The Cipher of Damnation - The Third Fragment Recovered,1,https://tbc.wowhead.com/item=30925,,40,7,,18
,15,Incanter's Pauldrons,Incanter's Pauldrons,Rare,55.90,,Steamvault,Warlord Kalithresh,1,https://tbc.wowhead.com/item=27738,,20,17,,,,Yellow,Red
,,Back,,,,,,,,,,sp,int,hit,crit,haste,socket
,1,Cloak of the Illidari Council,Cloak of the Illidari Council,Epic,63.08,,Black Temple,High Nethermancer Zerevor,3,https://tbc.wowhead.com/item=32331,,42,16,,25
,2,Ruby Drape of the Mysticant,Ruby Drape of the Mysticant,Epic,59.58,37.98,Karazhan,Prince Malchezaar,1,https://tbc.wowhead.com/item=28766,,30,21,18
,3,Shroud of the Highborne,Shroud of the Highborne,Epic,57.34,,Black Temple,Illidan Stormrage,3,https://tbc.wowhead.com/item=32524,,23,23,,,32
,4,Ancient Spellcloak of the Highborne,Ancient Spellcloak of the Highborne,Epic,53.10,,Hellfire Peninsula,Doom Lord Kazzak,1,https://tbc.wowhead.com/item=30735,,36,15,,19
,5,Royal Cloak of the Sunstriders,Royal Cloak of the Sunstriders,Epic,52.36,,Tempest Keep,Kael'thas Sunstrider,2,https://tbc.wowhead.com/item=29992,,44,22
,6,Brute Cloak of the Ogre-Magi,Brute Cloak of the Ogre-Magi,Epic,49.40,,Gruul's Lair,High King Maulgar,1,https://tbc.wowhead.com/item=28797,,28,20,,23
,7,Cloak of the Necropolis,Cloak of the Necropolis,Epic,48.18,38.58,Naxxramas,Sapphiron,1,https://tbc.wowhead.com/item=23050,,26,11,8,14
,8,Illidari Cloak of Wrath,Illidari Cloak of Wrath,Rare,47.00,,,World Drop,1,https://tbc.wowhead.com/item=31201,,47
,9,Cloak of the Devoured,Cloak of the Devoured,Epic,43.40,33.80,Classic,,0,https://tbc.wowhead.com/item=22731,,30,10,8
,10,Sethekk Oracle Cloak,Sethekk Oracle Cloak,Rare,43.24,28.84,Sethekk Halls,Talon King Ikiss,1,https://tbc.wowhead.com/item=27981,,22,18,12
,11,Shadow-Cloak of Dalaran,Shadow-Cloak of Dalaran,Epic,42.84,,Karazhan,Moroes,1,https://tbc.wowhead.com/item=28570,,36,18
,12,Ambusher's Cloak of Wrath,Ambusher's Cloak of Wrath,Uncommon,42.00,,,World Drop,1,https://tbc.wowhead.com/item=25041,,42
,13,Cloak of Entropy,Cloak of Entropy,Rare,41.18,29.18,,World Drop,1,https://tbc.wowhead.com/item=31140,,25,11,10
,14,Shawl of Shifting Probabilities,Shawl of Shifting Probabilities,Epic,40.28,,Badge of Justice,G'eras,1,https://tbc.wowhead.com/item=29369,,21,16,,22
,15,Cloak of the Frigid Winds,Cloak of the Frigid Winds,Epic,40.28,,Slave Pens,Ahune,3,https://tbc.wowhead.com/item=35497,,21,16,,22
,,Chest,,,,,,,,,,sp,int,hit,crit,haste,socket
,1,Thunderheart Vest,Thunderheart Vest,Epic,157.78,137.38,Black Temple,Illidan Stormrage,3,https://tbc.wowhead.com/item=31043,,62,40,17,25,,Blue,Blue,Yellow
,2,Vestments of the Sea-Witch,Vestments of the Sea-Witch,Epic,154.64,122.24,Serpentshrine Cavern,Lady Vashj,2,https://tbc.wowhead.com/item=30107,,57,28,27,31,,Yellow,Yellow,Blue
,3,Nordrassil Chestpiece,Nordrassil Chestpiece,Epic,143.66,120.86,Tempest Keep,Kael'thas Sunstrider,2,https://tbc.wowhead.com/item=30231,,54,32,19,17,,Blue,Blue,Yellow
,4,Robes of Rhonin,Robes of Rhonin,Epic,142.24,109.84,Hyjal Summit,Archimonde,3,https://tbc.wowhead.com/item=30913,,81,38,27,24
,5,Chestpiece of Malorne,Chestpiece of Malorne,Epic,121.52,98.72,Magtheridon's Lair,Magtheridon,1,https://tbc.wowhead.com/item=29091,,46,27,19,,,Yellow,Yellow,Blue
,6,Spellfire Robe (Fire/Arcane),Spellfire Robe (Fire/Arcane),Epic,119.26,,Tailoring,Crafted,1,https://tbc.wowhead.com/item=21848,,72,17,,28,,Yellow,Blue
,7,Robe of Hateful Echoes,Robe of Hateful Echoes,Epic,114.68,,Serpentshrine Cavern,Hydross the Unstable,2,https://tbc.wowhead.com/item=30056,,50,36,,25,,Red,Yellow,Yellow
,8,Windhawk Hauberk,Windhawk Hauberk,Epic,114.28,,Leatherworking,Crafted,1,https://tbc.wowhead.com/item=29522,,46,29,,19,,Blue,Yellow,Blue
,9,Robe of the Shadow Council,Robe of the Shadow Council,Epic,112.32,,Black Temple,Teron Gorefiend,3,https://tbc.wowhead.com/item=32327,,73,36,,28
,10,Vengeful Gladiator's Wyrmhide Tunic,Vengeful Gladiator's Wyrmhide Tunic,Epic,110.34,,Season 3,PvP,3,https://tbc.wowhead.com/item=33771,,53,28,,13,,Red,Red,Yellow
,11,Auchenai Anchorite's Robe,Auchenai Anchorite's Robe,Rare,100.72,73.12,Terokkar Forest,Everything Will Be Alright,1,https://tbc.wowhead.com/item=29341,,28,24,23,,,Yellow,Yellow,Red
,12,Merciless Gladiator's Wyrmhide Tunic,Merciless Gladiator's Wyrmhide Tunic,Epic,97.60,,Season 2,PvP,2,https://tbc.wowhead.com/item=32060,,49,24,,,,Red,Red,Yellow
,13,Robe of the Crimson Order,Robe of the Crimson Order,Rare,94.74,58.74,,,1,https://tbc.wowhead.com/item=31297,,50,23,30
,14,Gladiator's Wyrmhide Tunic,Gladiator's Wyrmhide Tunic,Epic,93.84,,Season 1,PvP,1,https://tbc.wowhead.com/item=28140,,46,22,,,,Red,Red,Yellow
,15,Warp Infused Drape,Warp Infused Drape,Rare,91.04,76.64,Botanica,Warp Splinter,1,https://tbc.wowhead.com/item=28342,,30,28,12,,,Red,Blue,Yellow
,,Wrist,,,,,,,,,,sp,int,hit,crit,haste,socket
,1,Focused Mana Bindings,Focused Mana Bindings,Epic,72.40,49.60,Black Temple,Shade of Akama,3,https://tbc.wowhead.com/item=32270,,42,20,19
,2,Elunite Empowered Bracers,Elunite Empowered Bracers,Epic,68.64,45.84,Black Temple,Devourer of Souls,3,https://tbc.wowhead.com/item=32351,,34,22,19
,3,Cuffs of Devastation,Cuffs of Devastation,Epic,68.46,,Hyjal Summit,Rage Winterchill,3,https://tbc.wowhead.com/item=30870,,34,20,,14,,Yellow
,4,Bracers of Nimble Thought,Bracers of Nimble Thought,Epic,64.00,,Tailoring,Crafted,3,https://tbc.wowhead.com/item=32586,,34,20,,,28
,5,Ravager's Cuffs of Wrath,Ravager's Cuffs of Wrath,Epic,59.00,,Karazhan,Rokad the Ravager,1,https://tbc.wowhead.com/item=30684/ravagers-cuffs,,59
,6,Windhawk Bracers,Windhawk Bracers,Epic,57.44,,Leatherworking,Crafted,1,https://tbc.wowhead.com/item=29523,,27,17,,16,,Yellow
,7,Mindstorm Wristbands,Mindstorm Wristbands,Epic,54.74,,Tempest Keep,Al'ar,2,https://tbc.wowhead.com/item=29918,,36,13,,23
,8,Veteran's Silk Cuffs,Veteran's Silk Cuffs,Epic,49.24,,Season 2,PvP,2,https://tbc.wowhead.com/item=32820,,22,18,,14,,Yellow
,9,Crystalweave Bracers,Crystalweave Bracers,Epic,48.28,,Tailoring,Crafted,2,https://tbc.wowhead.com/item=32655,,23,16,,12,,Red
,10,Illidari Bindings of Wrath,Illidari Bindings of Wrath,Rare,47.00,,Shadowmoon Valley,Ambassador Jerrikar,1,https://tbc.wowhead.com/item=31225/illidari-bindings,,47
,11,Vindicator's Wyrmhide Bracers,Vindicator's Wyrmhide Bracers,Epic,46.66,,Season 3,PvP,3,https://tbc.wowhead.com/item=33917,,23,20,,,,Red
,12,Bracers of Havok,Bracers of Havok,Rare,46.56,,Tailoring,Crafted,1,https://tbc.wowhead.com/item=24250,,30,12,,,,Yellow
,13,Ravager's Cuffs of the Invoker,Ravager's Cuffs of the Invoker,Epic,46.56,,Karazhan,Rokad the Ravager,1,https://tbc.wowhead.com/item=30684/ravagers-cuffs,,25,22,,22
,14,General's Silk Cuffs,General's Silk Cuffs,Epic,45.66,,Season 1,PvP,1,https://tbc.wowhead.com/item=28411,,20,17,,12,,Yellow
,15,Marshal's Silk Cuffs,Marshal's Silk Cuffs,Epic,45.66,,,PvP,1,https://tbc.wowhead.com/item=29002,,20,17,,12,,Yellow
,,Hands,,,,,,,,,,sp,int,hit,crit,haste,socket
,1,Thunderheart Handguards,Thunderheart Handguards,Epic,103.88,89.48,Hyjal Summit,Azgalor,3,https://tbc.wowhead.com/item=31035,,46,30,12,21,,Yellow
,2,Anger-Spark Gloves,Anger-Spark Gloves,Epic,93.00,69.00,Shadowmoon Valley,Doomwalker,1,https://tbc.wowhead.com/item=30725,,30,,20,25,,Red,Red
,3,Spellfire Gloves (Fire/Arcane),Spellfire Gloves (Fire/Arcane),Epic,91.60,,Tailoring,Crafted,1,https://tbc.wowhead.com/item=21847,,50,10,,23,,Yellow,Blue
,4,Handwraps of Flowing Thought,Handwraps of Flowing Thought,Epic,84.16,67.36,Karazhan,Attumen the Huntsman,1,https://tbc.wowhead.com/item=28507,,35,22,14,,,Yellow,Blue
,5,Soul-Eater's Handwraps,Soul-Eater's Handwraps,Epic,81.72,,Magtheridon's Lair,Magtheridon,1,https://tbc.wowhead.com/item=28780,,36,24,,21,,Yellow,Blue
,6,Gauntlets of the Sun King,Gauntlets of the Sun King,Epic,76.62,,Tempest Keep,Kael'thas Sunstrider,2,https://tbc.wowhead.com/item=29987,,42,29,,28
,7,Nordrassil Gauntlets,Nordrassil Gauntlets,Epic,73.48,,Serpentshrine Cavern,Leotheras the Blind,2,https://tbc.wowhead.com/item=30232,,41,27,,24
,8,Manaspark Gloves,Manaspark Gloves,Rare,66.72,48.72,The Underbog,Hungarfen,1,https://tbc.wowhead.com/item=24450,,16,14,15,,,Red,Yellow
,9,Vengeful Gladiator's Wyrmhide Gloves,Vengeful Gladiator's Wyrmhide Gloves,Epic,61.64,,Season 3,PvP,3,https://tbc.wowhead.com/item=33767,,43,24,,12
,10,Botanist's Gloves of Growth,Botanist's Gloves of Growth,Epic,61.58,,Black Temple,Teron Gorefiend,3,https://tbc.wowhead.com/item=32328,,,21,,,37,Yellow,Blue
,11,Gloves of Malorne,Gloves of Malorne,Epic,61.20,,Karazhan,The Curator,1,https://tbc.wowhead.com/item=29092,,33,27,,18
,12,Tempest's Touch,Tempest's Touch,Rare,60.64,,,Return to Andormu,1,https://tbc.wowhead.com/item=29317,,27,20,,,,Blue,Blue
,13,Mana-Etched Gloves,Mana-Etched Gloves,Rare,60.06,,Hellfire Ramparts,Omor the Unscarred,1,https://tbc.wowhead.com/item=27465,,20,17,,16,,Red,Yellow
,14,Gloves of the Deadwatcher,Gloves of the Deadwatcher,Rare,59.72,38.12,Auchenai Crypts,Shirrak the Dead Watcher,1,https://tbc.wowhead.com/item=27493,,29,24,18
,15,Starlight Gauntlets,Starlight Gauntlets,Rare,59.70,,The Underbog,Hungarfen,1,https://tbc.wowhead.com/item=24452,,25,21,,,,Blue,Blue
,,Waist,,,,,,,,,,sp,int,hit,crit,haste,socket
,1,Belt of Blasting,Belt of Blasting,Epic,119.60,92.00,Tailoring,Crafted,2,https://tbc.wowhead.com/item=30038,,50,,23,30,,Blue,Yellow
,2,Cord of Screaming Terrors,Cord of Screaming Terrors,Epic,108.50,79.70,Serpentshrine Cavern,The Lurker Below,2,https://tbc.wowhead.com/item=30064,,50,15,24,,,Yellow,Yellow
,3,Anetheron's Noose,Anetheron's Noose,Epic,102.14,,Hyjal Summit,Anetheron,3,https://tbc.wowhead.com/item=30888,,55,23,,24,,Yellow,Blue
,4,Spellfire Belt (Fire/Arcane),Spellfire Belt (Fire/Arcane),Epic,91.64,,Tailoring,Crafted,1,https://tbc.wowhead.com/item=21846,,50,18,,18,,Yellow,Blue
,5,Waistwrap of Infinity,Waistwrap of Infinity,Epic,89.96,,Black Temple,Supremus,3,https://tbc.wowhead.com/item=32256,,56,22,,,32
,6,Belt of the Crescent Moon,Belt of the Crescent Moon,Epic,89.52,,Hyjal Summit,Kaz'rogal,3,https://tbc.wowhead.com/item=30914,,44,27,,,36
,7,Windhawk Belt,Windhawk Belt,Epic,82.22,,Leatherworking,Crafted,1,https://tbc.wowhead.com/item=29524,,37,19,,12,,Blue,Yellow
,8,Girdle of Ruination,Girdle of Ruination,Epic,79.94,,Tailoring,Crafted,1,https://tbc.wowhead.com/item=24256,,39,13,,20,,Red,Yellow
,9,Lurker's Cord of the Wrath,Lurker's Cord of the Wrath,Epic,79.00,,Karazhan,Hyakiss the Lurker,1,https://tbc.wowhead.com/item=30675/lurkers-cord,,79
,10,Belt of Divine Inspiration,Belt of Divine Inspiration,Epic,76.88,,Gruul's Lair,High King Maulgar,1,https://tbc.wowhead.com/item=28799,,43,26,,,,Yellow,Blue
,11,Glyph-Lined Sash,Glyph-Lined Sash,Rare,68.14,,Mana-Tombs,Nexus-Prince Shaffar,1,https://tbc.wowhead.com/item=27843,,30,23,,9,,Yellow,Yellow
,12,Belt of Depravity,Belt of Depravity,Epic,64.66,44.26,Arcatraz,Harbinger Skyriss,1,https://tbc.wowhead.com/item=29241,,34,27,17
,13,Lurker's Cord of Invoker,Lurker's Cord of Invoker,Epic,62.42,,Karazhan,Hyakiss the Lurker,1,https://tbc.wowhead.com/item=30675/lurkers-cord,,34,29,,29
,14,Mindfire Waistband,Mindfire Waistband,Rare,59.64,,Blood Furnace,Keli'dan the Breaker,1,https://tbc.wowhead.com/item=24395,,21,14,,11,,Yellow,Blue
,15,Malefic Girdle,Malefic Girdle,Epic,59.48,,Karazhan,Terestian Illhoof,1,https://tbc.wowhead.com/item=28654,,37,26,,21
,,Ring,,,,,,,,,,sp,int,hit,crit,haste,socket
,1,Ring of Captured Storms,Ring of Captured Storms,Epic,82.20,59.40,Black Temple,High Warlord Naj'entus,3,https://tbc.wowhead.com/item=32247,,42,,19,29
,2,Band of the Eternal Sage,Band of the Eternal Sage,Epic,72.90,,Tanaris,Sage's Covenant,3,https://tbc.wowhead.com/item=29305,,49,25,,24
,3,Ring of Ancient Knowledge,Ring of Ancient Knowledge,Epic,71.40,,Black Temple,Trash,3,https://tbc.wowhead.com/item=32527,,39,20,,,31
,4,Ring of Unrelenting Storms (Nature),Ring of Unrelenting Storms (Nature),Epic,60.10,,Karazhan,Trash,1,https://tbc.wowhead.com/item=30667,,43,15,,19
,5,Blessed Band of Karabor,Blessed Band of Karabor,Epic,60.08,,Black Temple,Trash,3,https://tbc.wowhead.com/item=32528,,25,20,,,30
,6,Band of Eternity (revered),Band of Eternity (revered),Epic,57.90,,Tanaris,Sage's Oath,3,https://tbc.wowhead.com/item=29304,,34,25,,24
,7,Band of Crimson Fury,Band of Crimson Fury,Epic,55.56,36.36,Magtheridon's Lair,The Fall of Magtheridon,1,https://tbc.wowhead.com/item=28793,,28,22,16
,8,Band of Eternity (honored),Band of Eternity (honored),Epic,53.94,,Tanaris,Sage's Vow,3,https://tbc.wowhead.com/item=29303,,32,23,,22
,9,Ring of Endless Coils,Ring of Endless Coils,Epic,50.20,,Serpentshrine Cavern,Lady Vashj,2,https://tbc.wowhead.com/item=30109,,37,,,22
,10,Band of Eternity (friendly),Band of Eternity (friendly),Epic,49.96,,Tanaris,Sage's Pledge,2,https://tbc.wowhead.com/item=29302,,29,22,,21
,11,Ring of Recurrence,Ring of Recurrence,Epic,49.10,,Karazhan,Chess Event,1,https://tbc.wowhead.com/item=28753,,32,15,,19
,12,Ring of the Fallen God,Ring of the Fallen God,Epic,48.88,39.28,Classic,,0,https://tbc.wowhead.com/item=21709,,37,6,8
,13,Ashyen's Gift,Ashyen's Gift,Epic,48.20,23.00,Cenarion Expedition,Exalted,1,https://tbc.wowhead.com/item=29172,,23,,21
,14,Violet Signet of the Archmage,Violet Signet of the Archmage,Epic,47.94,,Deadwind Pass,Eminence Among the Violet Eye,1,https://tbc.wowhead.com/item=29287,,29,23,,17
,15,Sparking Arcanite Ring,Sparking Arcanite Ring,Rare,47.72,35.72,Old Hillsbrad Foothills,Epoch Hunter,1,https://tbc.wowhead.com/item=28227,,22,14,10,14
,,Legs,,,,,,,,,,sp,int,hit,crit,haste,socket
,1,Leggings of Channeled Elements,Leggings of Channeled Elements,Epic,157.16,135.56,Hyjal Summit,Kaz'rogal,3,https://tbc.wowhead.com/item=30916,,59,28,18,34,,Yellow,Yellow,Blue
,2,Leggings of Devastation,Leggings of Devastation,Epic,143.16,111.96,Black Temple,Mother Shahraz,3,https://tbc.wowhead.com/item=32367,,60,42,26,,,Yellow,Yellow,Blue
,3,Thunderheart Pants,Thunderheart Pants,Epic,138.02,114.02,Black Temple,Illidari Council,3,https://tbc.wowhead.com/item=31046,,62,48,20,21,,Blue
,4,Leggings of the Seventh Circle,Leggings of the Seventh Circle,Epic,130.96,109.36,Hellfire Peninsula,Doom Lord Kazzak,1,https://tbc.wowhead.com/item=30734,,50,22,18,25,,Red,Yellow,Yellow
,5,Spellstrike Pants,Spellstrike Pants,Epic,127.04,100.64,Tailoring,Crafted,1,https://tbc.wowhead.com/item=24262,,46,8,22,26,,Blue,Yellow,Red
,6,Trousers of the Astromancer,Trousers of the Astromancer,Epic,111.16,,Tempest Keep,High Astromancer Solarian,2,https://tbc.wowhead.com/item=29972,,54,36,,,,Blue,Yellow,Blue
,7,Nordrassil Wrath-Kilt,Nordrassil Wrath-Kilt,Epic,108.18,,Serpentshrine Cavern,Fathom-Lord Karathress,2,https://tbc.wowhead.com/item=30234,,54,36,,26,,Blue
,8,Tempest Leggings,Tempest Leggings,Rare,94.98,,Provisioner Nasela,,1,https://tbc.wowhead.com/item=29141,,44,11,,18,,Red,Yellow,Yellow
,9,Kurenai Kilt,Kurenai Kilt,Rare,94.98,,Trader Narasu,,1,https://tbc.wowhead.com/item=29142,,44,11,,18,,Red,Yellow,Yellow
,10,Breeches of the Occultist,Breeches of the Occultist,Epic,94.16,,Black Morass,Aeonus,1,https://tbc.wowhead.com/item=30531,,36,22,,23,,Blue,Yellow,Yellow
,11,Vengeful Gladiator's Wyrmhide Legguards,Vengeful Gladiator's Wyrmhide Legguards,Epic,92.72,,Season 3,PvP,3,https://tbc.wowhead.com/item=33769,,61,35,,22
,12,Kirin Tor Master's Trousers,Kirin Tor Master's Trousers,Epic,91.52,,Shadow Labyrinth,Murmur,1,https://tbc.wowhead.com/item=30532,,36,29,,,,Red,Yellow,Blue
,13,Moonchild Leggings,Moonchild Leggings,Rare,85.66,,Blood Furnace,Broggok,1,https://tbc.wowhead.com/item=27492,,23,20,,21,,Red,Yellow,Yellow
,14,Khadgar's Kilt of Abjuration,Khadgar's Kilt of Abjuration,Rare,85.46,,Black Morass,Temporus,1,https://tbc.wowhead.com/item=28185,,36,22,,,,Yellow,Blue,Blue
,15,Haramad's Leggings of the Third Coin,Haramad's Leggings of the Third Coin,Rare,83.62,,,Undercutting the Competition,1,https://tbc.wowhead.com/item=29343,,27,29,,16,,Yellow,Yellow,Red
,,Feet,,,,,,,,,,sp,int,hit,crit,haste,socket
,1,Slippers of the Seacaller,Slippers of the Seacaller,Epic,98.36,,Black Temple,High Warlord Naj'entus,3,https://tbc.wowhead.com/item=32239,,44,18,,29,,Yellow,Blue
,2,Naturewarden's Treads,Naturewarden's Treads,Epic,94.50,,Black Temple,Devourer of Souls,3,https://tbc.wowhead.com/item=32352,,44,18,,26,,Yellow,Blue
,3,Blue Suede Shoes,Blue Suede Shoes,Epic,89.76,68.16,Hyjal Summit,Kaz'rogal,3,https://tbc.wowhead.com/item=30894,,56,32,18
,4,Boots of Blasting,Boots of Blasting,Epic,85.10,63.50,Tailoring,Crafted,2,https://tbc.wowhead.com/item=30037,,39,25,18,25
,5,Glider's Foot-Wraps of Wrath,Glider's Foot-Wraps of Wrath,Epic,79.00,,Karazhan,Shadikith the Glider,1,https://tbc.wowhead.com/item=30680/gliders-foot-wraps,,79
,6,Velvet Boots of the Guardian,Velvet Boots of the Guardian,Epic,76.48,,Serpentshrine Cavern,The Lurker Below,2,https://tbc.wowhead.com/item=30067,,49,21,,24
,7,Boots of Foretelling,Boots of Foretelling,Epic,70.14,,Karazhan,Maiden of Virtue,1,https://tbc.wowhead.com/item=28517,,26,23,,19,,Red,Yellow
,8,Ruby Slippers,Ruby Slippers,Epic,65.22,46.02,Karazhan,The Crone,1,https://tbc.wowhead.com/item=28585,,35,29,16
,9,Glider's Foot-Wraps of the Invoker,Glider's Foot-Wraps of the Invoker,Epic,62.42,,Karazhan,Shadikith the Glider,1,https://tbc.wowhead.com/item=30680/gliders-foot-wraps,,34,29,,29
,10,Sigil-Laced Boots,Sigil-Laced Boots,Rare,61.04,,Arcatraz,Harbinger Skyriss,1,https://tbc.wowhead.com/item=28406,,20,18,,17,,Red,Yellow
,11,Shattrath Jumpers,Shattrath Jumpers,Rare,59.46,,,Into the Heart of the Labyrinth,1,https://tbc.wowhead.com/item=28179,,29,17,,,,Blue,Yellow
,12,Shalassi Oracle's Sandals,Shalassi Oracle's Sandals,Rare,58.98,,,Rescue Deirom!,1,https://tbc.wowhead.com/item=25970,,18,21,,15,,Red,Yellow
,13,Veteran's Silk Footguards,Veteran's Silk Footguards,Epic,58.46,,Season 2,PvP,2,https://tbc.wowhead.com/item=32795,,32,27,,27
,14,Vindicator's Wyrmhide Boots,Vindicator's Wyrmhide Boots,Epic,56.62,,Season 3,PvP,3,https://tbc.wowhead.com/item=33916,,40,30
,15,Extravagant Boots of Malice,Extravagant Boots of Malice,Rare,55.92,39.12,Mana-Tombs,Tavarok,1,https://tbc.wowhead.com/item=27821,,30,24,14
,,Trinket,,,,,,,,,,sp,int,hit,crit,haste,socket
,1,The Skull of Gul'dan,The Skull of Gul'dan,Epic,108.20,78.20,Black Temple,Illidan Stormrage,3,https://tbc.wowhead.com/item=32483,,55,,25,,29
,2,Mark of the Champion (undead/demon),Mark of the Champion (undead/demon),Epic,85.00,,Naxxramas,The Fall of Kel'Thuzad,1,https://tbc.wowhead.com/item=23207,,85
,3,Sextant of Unstable Currents,Sextant of Unstable Currents,Epic,83.00,,Serpentshrine Cavern,Fathom-Lord Karathress,2,https://tbc.wowhead.com/item=30626,,59,,,40
,4,Darkmoon Card: Crusade,Darkmoon Card: Crusade,Epic,80.00,,Darkmoon Faire,,2,https://tbc.wowhead.com/item=31856,,80
,5,Eye of Magtheridon,Eye of Magtheridon,Epic,71.00,,Magtheridon's Lair,Magtheridon,1,https://tbc.wowhead.com/item=28789,,71
,6,Quagmirran's Eye,Quagmirran's Eye,Rare,69.00,,Slave Pens,Quagmirran,1,https://tbc.wowhead.com/item=27683,,37,,,,40
,7,Icon of the Silver Crescent,Icon of the Silver Crescent,Epic,69.00,,Badge of Justice,G'eras,1,https://tbc.wowhead.com/item=29370,,69
,8,Dark Iron Smoking Pipe,Dark Iron Smoking Pipe,Epic,68.83,,,,3,https://tbc.wowhead.com/item=38290,,68.83333333
,9,Scryer's Bloodgem,Scryer's Bloodgem,Rare,63.40,25.00,The Scryers,Revered,1,https://tbc.wowhead.com/item=29132,,25,,32
,10,Neltharion's Tear,Neltharion's Tear,Epic,63.20,44.00,Classic,,0,https://tbc.wowhead.com/item=19379,,44,,16
,11,The Restrained Essence of Sapphiron,The Restrained Essence of Sapphiron,Epic,62.00,,Naxxramas,Sapphiron,0,https://tbc.wowhead.com/item=23046,,62
,12,Arcanist's Stone,Arcanist's Stone,Rare,59.00,29.00,Old Hillsbrad Foothills,Epoch Hunter,1,https://tbc.wowhead.com/item=28223,,29,,25
,13,Shiffar's Nexus-Horn,Shiffar's Nexus-Horn,Rare,59.00,,Arcatraz,Harbinger Skyriss,1,https://tbc.wowhead.com/item=28418,,41,,,30
,14,Starkiller's Bauble,Starkiller's Bauble,Uncommon,52.03,20.83,,The Horrors of Pollution,0,https://tbc.wowhead.com/item=30340,,20.83,,26
,15,Xi'ri's Gift,Xi'ri's Gift,Rare,44.20,,The Sha'tar,Revered,1,https://tbc.wowhead.com/item=29179,,25,,,32
,,One Hand,,,,,,,,,,sp,int,hit,crit,haste,socket
,1,Vengeful Gladiator's Gavel,Vengeful Gladiator's Gavel,Epic,275.00,254.60,Season 3,PvP,3,https://tbc.wowhead.com/item=33687,,247,20,17
,2,Vengeful Gladiator's Spellblade,Vengeful Gladiator's Spellblade,Epic,275.00,254.60,Season 3,PvP,3,https://tbc.wowhead.com/item=33763,,247,20,17
,3,Hammer of Judgement,Hammer of Judgement,Epic,270.76,244.36,Hyjal Summit,Trash,3,https://tbc.wowhead.com/item=34009,,236,22,22
,4,The Maelstrom's Fury,The Maelstrom's Fury,Epic,257.18,,Black Temple,High Warlord Naj'entus,3,https://tbc.wowhead.com/item=32237,,236,21,,22
,5,Merciless Gladiator's Spellblade,Merciless Gladiator's Spellblade,Epic,249.84,231.84,Season 2,PvP,2,https://tbc.wowhead.com/item=32053,,225,18,15
,6,Merciless Gladiator's Gavel,Merciless Gladiator's Gavel,Epic,249.84,231.84,Season 2,PvP,2,https://tbc.wowhead.com/item=32963,,225,18,15
,7,Talon of the Tempest,Talon of the Tempest,Epic,244.00,233.20,Shadowmoon Valley,Doomwalker,1,https://tbc.wowhead.com/item=30723,,194,10,9,19,,Yellow,Yellow
,8,Nathrezim Mindblade,Nathrezim Mindblade,Epic,223.64,,Karazhan,Prince Malchezaar,1,https://tbc.wowhead.com/item=28770,,203,18,,23
,9,Gladiator's Spellblade,Gladiator's Spellblade,Epic,205.84,,Season 1,PvP,1,https://tbc.wowhead.com/item=28297,,199,18
,10,Gladiator's Gavel,Gladiator's Gavel,Epic,205.84,,Season 1,PvP,1,https://tbc.wowhead.com/item=32450,,199,18
,11,Illidari-Bane Mageblade (Demon),Illidari-Bane Mageblade (Demon),Rare,201.18,,Shadowmoon Valley,Quenching the Blade,1,https://tbc.wowhead.com/item=30787,,185,11,,20
,12,Eternium Runed Blade,Eternium Runed Blade,Epic,187.82,,Blacksmithing,Crafted,1,https://tbc.wowhead.com/item=23554,,168,19,,21
,13,Gavel of Unearthed Secrets,Gavel of Unearthed Secrets,Epic,174.08,,Lower City,Exalted,1,https://tbc.wowhead.com/item=30832,,159,16,,15
,14,Starlight Dagger,Starlight Dagger,Rare,145.90,126.70,Slave Pens,Mennu the Betrayer,1,https://tbc.wowhead.com/item=27543,,121,15,16
,15,High Warlord's Spellblade,High Warlord's Spellblade,Rare,141.54,125.94,,PvP,1,https://tbc.wowhead.com/item=28931,,121,13,13
,,Off Hand,,,,,,,,,,sp,int,hit,crit,haste,socket
,2,Chronicle of Dark Secrets,Chronicle of Dark Secrets,Epic,80.76,60.36,Hyjal Summit,Rage Winterchill,3,https://tbc.wowhead.com/item=30872,,42,12,17,23
,3,Blind-Seers Icon,Blind-Seers Icon,Epic,76.88,48.08,Black Temple,Shade of Akama,3,https://tbc.wowhead.com/item=32361,,42,16,24
,4,Jewel of Infinite Possibilities,Jewel of Infinite Possibilities,Epic,55.04,29.84,Karazhan,Netherspite,1,https://tbc.wowhead.com/item=28734,,23,18,21
,5,Fathomstone,Fathomstone,Epic,54.36,,Serpentshrine Cavern,Hydross the Unstable,2,https://tbc.wowhead.com/item=30049,,36,12,,23
,6,Khadgar's Knapsack,Khadgar's Knapsack,Epic,49.00,,Badge of Justice,Weapons Vendor,1,https://tbc.wowhead.com/item=29273,,49
,7,Lamp of Peaceful Radiance,Lamp of Peaceful Radiance,Rare,48.52,34.12,Arcatraz,Harbinger Skyriss,1,https://tbc.wowhead.com/item=28412,,21,14,12,13
,8,Talisman of Nightbane,Talisman of Nightbane,Epic,45.42,,Karazhan,Nightbane,1,https://tbc.wowhead.com/item=28603,,28,19,,17
,9,Draenei Crystal Rod of Wrath,Draenei Crystal Rod of Wrath,Uncommon,45.00,,,World Drop,1,https://tbc.wowhead.com/item=25099,,45
,10,Karaborian Talisman,Karaborian Talisman,Epic,43.74,,Magtheridon's Lair,Magtheridon,1,https://tbc.wowhead.com/item=28781,,35,23
,11,Star-Heart Lamp,Star-Heart Lamp,Rare,43.24,28.84,Black Morass,Temporus,1,https://tbc.wowhead.com/item=28187,,22,18,12
,12,Karrog's Shard,Karrog's Shard,Rare,42.20,,,,1,https://tbc.wowhead.com/item=32533,,35,,,12
,13,Merciless Gladiator's Endgame,Merciless Gladiator's Endgame,Epic,40.22,,Season 2,PvP,2,https://tbc.wowhead.com/item=31978,,33,19
,14,Crystal Orb of Enlightenment,Crystal Orb of Enlightenment,Epic,39.08,,Jho'nass,,1,https://tbc.wowhead.com/item=32651,,33,16
,15,Manual of the Nethermancer,Manual of the Nethermancer,Rare,38.10,,Mechanar,Nethermancer Sepethrea,1,https://tbc.wowhead.com/item=28260,,21,15,,19
,1,Sapphiron's Left Eye,Sapphiron's Left Eye,Epic,37.44,,Naxxramas,Sapphiron,1,https://tbc.wowhead.com/item=23049,,26,8,,14
,,Two Hand,,,,,,,,,,sp,int,hit,crit,haste,socket
,3,"Zhar'doom, Greatstaff of the Devourer","Zhar'doom, Greatstaff of the Devourer",Epic,342.46,,Black Temple,Illidan Stormrage,3,https://tbc.wowhead.com/item=32374,,259,47,,36,55
,4,Vengeful Gladiator's Battle Staff,Vengeful Gladiator's Battle Staff,Epic,325.68,292.08,Season 3,PvP,3,https://tbc.wowhead.com/item=34540,,247,46,28,46
,5,Merciless Gladiator's War Staff,Merciless Gladiator's War Staff,Epic,294.96,266.16,Season 2,PvP,2,https://tbc.wowhead.com/item=32055,,225,42,24,42
,6,Vengeful Gladiator's War Staff,Vengeful Gladiator's War Staff,Epic,292.08,292.08,Season 3,PvP,3,https://tbc.wowhead.com/item=33766,,247,46,0,46
,7,The Nexus Key,The Nexus Key,Epic,286.36,,Tempest Keep,Kael'thas Sunstrider,2,https://tbc.wowhead.com/item=29988,,236,52,,51
,8,Gladiator's War Staff,Gladiator's War Staff,Epic,259.10,233.90,Season 1,PvP,1,https://tbc.wowhead.com/item=24557,,199,35,21,36
,9,Staff of Infinite Mysteries,Staff of Infinite Mysteries,Epic,231.98,204.38,Karazhan,The Curator,1,https://tbc.wowhead.com/item=28633,,185,51,23
,10,Frostscythe of Lord Ahune,Frostscythe of Lord Ahune,Epic,209.10,,Slave Pens,Ahune,3,https://tbc.wowhead.com/item=35514,,176,35,,33
,11,Terokk's Shadowstaff,Terokk's Shadowstaff,Epic,206.16,,Sethekk Halls,Talon King Ikiss,1,https://tbc.wowhead.com/item=29355,,168,42,,37
,12,Hammer of Righteous Might,Hammer of Righteous Might,Epic,190.76,,Blacksmithing,Crafted,1,https://tbc.wowhead.com/item=32854,,168,37
,13,Auchenai Staff,Auchenai Staff,Rare,176.88,154.08,Quartermaster Endarin,,1,https://tbc.wowhead.com/item=29130,,121,46,19,26
,14,High Warlord's War Staff,High Warlord's War Staff,Rare,174.40,150.40,,PvP,1,https://tbc.wowhead.com/item=28935,,121,30,20,30
,15,Grand Marshal's War Staff,Grand Marshal's War Staff,Rare,174.40,150.40,,PvP,1,https://tbc.wowhead.com/item=28959,,121,30,20,30
,,Warpstaff of Arcanum,Warpstaff of Arcanum,Rare,170.24,151.04,Botanica,Warp Splinter,1,https://tbc.wowhead.com/item=28341,,121,38,16,26
,,Grand Scepter of the Nexus-Kings,Grand Scepter of the Nexus-Kings,Rare,160.14,137.34,Mana-Tombs,Nexus-Prince Shaffar,1,https://tbc.wowhead.com/item=27842,,121,43,19
