Protection Phase 3,,,Value Credit: TPS 1.2:1 DTPS// Fight Club Discord // https://discord.com/channels/383596811517952002/784258089284927518/857628398116143104
,,Item,,,EPV,If Hit  Capped,Location,Phase,,,Stats
,,Head,,,,,,,,,,armor,stam,def,dodge,parry,block,ap,str,agi,hit,crit,haste,arp,exp,socket
,1,Faceplate of the Impenetrable,Faceplate of the Impenetrable,Epic,221.30,,Black Temple,Illidan Stormrage,3,https://tbc.wowhead.com/item=32521,,1532,82,30,38,,29,,,,,,,,,Meta,Red
,2,Vengeful Gladiator's Plate Helm,Vengeful Gladiator's Plate Helm,Epic,215.29,207.13,Season 3,PvP,3,https://tbc.wowhead.com/item=33730,,1483,61,,,,,,39,,12,35,,84,,Meta,Yellow
,3,Onslaught Battle-Helm,Onslaught Battle-Helm,Epic,211.25,,Hyjal Summit,Archimonde,3,https://tbc.wowhead.com/item=30972,,1483,54,,,,,,54,41,,,,105,,Meta,Red
,4,Helm of the Illidari Shatterer,Helm of the Illidari Shatterer,Epic,206.15,183.03,Black Temple,High Nethermancer Zerevor,3,https://tbc.wowhead.com/item=32373,,1434,29,,,,,,51,,34,42,,,,Meta,Yellow
,5,Onslaught Greathelm,Onslaught Greathelm,Epic,202.00,,Hyjal Summit,Archimonde,3,https://tbc.wowhead.com/item=30974,,1483,48,36,,,30,,23,28,,,,,,Meta,Red
,6,Destroyer Battle-Helm,Destroyer Battle-Helm,Epic,199.89,185.61,Serpentshrine Cavern,Lady Vashj,2,https://tbc.wowhead.com/item=30120,,1355,45,,,,,,47,,21,36,,,,Meta,Blue
,7,Merciless Gladiator's Plate Helm,Merciless Gladiator's Plate Helm,Epic,193.88,184.36,Season 2,PvP,2,https://tbc.wowhead.com/item=30488,,1385,54,,,,,,35,,14,31,,,,Meta,Yellow
,8,Warbringer Greathelm,Warbringer Greathelm,Epic,185.53,,Karazhan,Prince Malchezaar,1,https://tbc.wowhead.com/item=29011,,1227,53,24,,,19,,15,17,,,,,,Meta,Yellow
,9,Fel-Steel Warhelm,Fel-Steel Warhelm,Epic,181.58,161.18,Tempest Keep,Void Reaver,2,https://tbc.wowhead.com/item=29983,,1306,46,,,,,,46,,30,44
,10,Warbringer Battle-Helm,Warbringer Battle-Helm,Epic,179.92,170.40,Karazhan,Prince Malchezaar,1,https://tbc.wowhead.com/item=29021,,1227,45,,,,,,45,,14,24,,,,Meta,Yellow
,11,Destroyer Greathelm,Destroyer Greathelm,Epic,179.13,,Serpentshrine Cavern,Lady Vashj,2,https://tbc.wowhead.com/item=30115,,1355,48,30,33,,,,28,28,,,,,,Meta,Red
,12,Tankatronic Goggles,Tankatronic Goggles,Epic,178.56,169.72,Engineering,Crafted,2,https://tbc.wowhead.com/item=32473,,1296,67,38,22,,,,,,13,,,,,Meta,Yellow
,13,Cursed Vision of Sargeras,Cursed Vision of Sargeras,Epic,177.95,163.67,Black Temple,Illidan Stormrage,3,https://tbc.wowhead.com/item=32235,,385,46,,,,,108,,39,21,38,,,,Meta,Yellow
,14,Furious Gizmatic Goggles,Furious Gizmatic Goggles,Epic,173.41,164.57,Engineering,Crafted,2,https://tbc.wowhead.com/item=32461,,1296,28,,,,,,48,,13,38,,,,Meta,Blue
,15,The Horseman's Helm,The Horseman's Helm,Epic,168.13,,Scarlet Monastery,Headless Horseman,2,https://tbc.wowhead.com/item=33808,,1129,46,,,,,,40,,,30,,,,Red,Yellow,Blue
,,Neck,,,,,,,,,,armor,stam,def,dodge,parry,block,ap,str,agi,hit,crit,haste,arp,exp,socket
,1,Pendant of Titans,Pendant of Titans,Epic,71.92,58.32,Black Temple,Devourer of Souls,3,https://tbc.wowhead.com/item=32362,,,43,21,25,,,,,,20
,2,Frayed Tether of the Drowned,Frayed Tether of the Drowned,Epic,68.74,56.50,Serpentshrine Cavern,Fathom-Lord Karathress,2,https://tbc.wowhead.com/item=30099,,,45,24,,,,,,,18
,3,Choker of Serrated Blades,Choker of Serrated Blades,Epic,68.57,,Hyjal Summit,Trash,3,https://tbc.wowhead.com/item=32591,,,37,,,,,70,,,,,,175
,4,Vindicator's Pendant of Triumph,Vindicator's Pendant of Triumph,Epic,68.35,,Season 3,PvP,3,https://tbc.wowhead.com/item=33923,,,35,,,,,50,,,,22,,,,Yellow
,5,Veteran's Pendant of Triumph,Veteran's Pendant of Triumph,Epic,60.70,,Season 2,PvP,2,https://tbc.wowhead.com/item=33066,,,31,,,,,42,,,,18,,,,Yellow
,6,Worgen Claw Necklace,Worgen Claw Necklace,Epic,58.75,47.19,Karazhan,Attumen the Huntsman,1,https://tbc.wowhead.com/item=28509,,,21,,,,,42,,20,17
,7,Hailstone Pendant,Hailstone Pendant,Epic,57.39,44.47,,,1,https://tbc.wowhead.com/item=35511,,,33,22,,,,,,,19
,8,Choker of Vile Intent,Choker of Vile Intent,Epic,56.80,44.56,Badge of Justice,G'eras,1,https://tbc.wowhead.com/item=29381,,,18,,,,,42,,20,18
,9,Amulet of Bitter Hatred,Amulet of Bitter Hatred,Epic,56.80,44.56,Slave Pens,Ahune,3,https://tbc.wowhead.com/item=35507,,,18,,,,,42,,20,18
,10,Telonicus's Pendant of Mayhem,Telonicus's Pendant of Mayhem,Epic,55.65,,Tempest Keep,Kael'thas and the Verdant Sphere,2,https://tbc.wowhead.com/item=30017,,,26,,,,,70,,27
,11,Necklace of the Deep,Necklace of the Deep,Rare,55.57,,Jewelcrafting,Crafted,1,https://tbc.wowhead.com/item=32508,,,20,,,,,,,21,,,,,,Red,Red
,12,Saberclaw Talisman,Saberclaw Talisman,Epic,54.28,,Karazhan,Shade of Aran,1,https://tbc.wowhead.com/item=28674,,,33,,,,,46,,21
,13,Pendant of the Perilous,Pendant of the Perilous,Epic,52.67,,Serpentshrine Cavern,Trash,2,https://tbc.wowhead.com/item=30022,,,24,,,,,,32,,,23
,14,Pendant of Triumph,Pendant of Triumph,Epic,52.51,,,PvP,1,https://tbc.wowhead.com/item=28244,,,28,,,,,36,,,,10,,,,Yellow
,15,Choker of Endless Nightmares,Choker of Endless Nightmares,Epic,50.52,36.24,Black Temple,Supremus,3,https://tbc.wowhead.com/item=32260,,,,,,,,72,,,21,27
,,Shoulders,,,,,,,,,,armor,stam,def,dodge,parry,block,ap,str,agi,hit,crit,haste,arp,exp,socket
,1,Vengeful Gladiator's Plate Shoulders,Vengeful Gladiator's Plate Shoulders,Epic,173.89,,Season 3,PvP,3,https://tbc.wowhead.com/item=33732,,1369,57,,,,,,33,,,30,,,,Red,Yellow
,2,Onslaught Shoulderblades,Onslaught Shoulderblades,Epic,169.64,,Black Temple,Mother Shahraz,3,https://tbc.wowhead.com/item=30979,,1369,34,,,,,,39,39,,,,91,,Yellow,Blue
,3,Destroyer Shoulderguards,Destroyer Shoulderguards,Epic,168.91,,Tempest Keep,Void Reaver,2,https://tbc.wowhead.com/item=30117,,1251,44,29,,,,,13,21,,,,,,Red,Blue
,4,Destroyer Shoulderblades,Destroyer Shoulderblades,Epic,165.33,153.09,Tempest Keep,Void Reaver,2,https://tbc.wowhead.com/item=30122,,1251,38,,,,,,36,,18,20,,,,Yellow,Blue
,5,Merciless Gladiator's Plate Shoulders,Merciless Gladiator's Plate Shoulders,Epic,160.24,,Season 2,PvP,2,https://tbc.wowhead.com/item=30490,,1278,51,,,,,,29,,,27,,,,Red,Yellow
,6,Blood-stained Pauldrons,Blood-stained Pauldrons,Epic,157.66,142.02,Hyjal Summit,Rage Winterchill,3,https://tbc.wowhead.com/item=30866,,1324,34,,,,,,47,,23,32
,7,Swiftsteel Shoulders,Swiftsteel Shoulders,Epic,150.70,137.78,Blacksmithing,Crafted,3,https://tbc.wowhead.com/item=32570,,1324,29,,,,,,47,,19,,35
,8,Warbringer Shoulderplates,Warbringer Shoulderplates,Epic,150.01,141.17,Gruul's Lair,High King Maulgar,1,https://tbc.wowhead.com/item=29023,,1133,33,,,,,,32,22,13,,,,,Yellow,Blue
,9,Onslaught Shoulderguards,Onslaught Shoulderguards,Epic,148.53,,Black Temple,Mother Shahraz,3,https://tbc.wowhead.com/item=30980,,1369,53,25,,31,17,,,,,,,,,Red,Yellow
,10,Gladiator's Plate Shoulders,Gladiator's Plate Shoulders,Epic,143.28,,Season 1,PvP,1,https://tbc.wowhead.com/item=24546,,1160,45,,,,,,22,,,23,,,,Red,Yellow
,11,Pauldrons of Abyssal Fury,Pauldrons of Abyssal Fury,Epic,141.18,,Black Temple,Supremus,3,https://tbc.wowhead.com/item=32250,,1324,72,28,36
,12,Warbringer Shoulderguards,Warbringer Shoulderguards,Epic,134.96,,Gruul's Lair,High King Maulgar,1,https://tbc.wowhead.com/item=29016,,1133,38,17,26,,,,14,15,,,,,,Red,Yellow
,13,Pauldrons of the Wardancer,Pauldrons of the Wardancer,Epic,132.94,,Serpentshrine Cavern,Hydross the Unstable,2,https://tbc.wowhead.com/item=30053,,1206,21,,,,,,38,,,29,,,,Red,Blue
,14,Mantle of Abrahmis,Mantle of Abrahmis,Epic,130.85,,Karazhan,Netherspite,1,https://tbc.wowhead.com/item=28743,,1087,43,23,,,,,21,,,,,,,Red,Yellow
,15,Ripfiend Shoulderplates,Ripfiend Shoulderplates,Epic,119.49,110.65,Hellfire Peninsula,Doom Lord Kazzak,1,https://tbc.wowhead.com/item=30740,,1133,,,,,,,39,,13,22,,,,Yellow,Yellow
,,Back,,,,,,,,,,armor,stam,def,dodge,parry,block,ap,str,agi,hit,crit,haste,arp,exp,socket
,1,Shadowmoon Destroyer's Drape,Shadowmoon Destroyer's Drape,Epic,74.04,62.48,Black Temple,Teron Gorefiend,3,https://tbc.wowhead.com/item=32323,,118,24,,,,,72,,,17,24
,2,Farstrider Defender's Cloak,Farstrider Defender's Cloak,Epic,67.17,,Badge of Justice,G'eras,1,https://tbc.wowhead.com/item=29385,,267,30
,3,Royal Cloak of Arathi Kings,Royal Cloak of Arathi Kings,Epic,66.20,55.32,Karazhan,Moroes,1,https://tbc.wowhead.com/item=28529,,97,31,,,,,,26,,16
,4,Cloak of Darkness (melee),Cloak of Darkness (melee),Epic,65.72,,Tailoring,Crafted,3,https://tbc.wowhead.com/item=33122,,101,25,,,,,,23,,,24,,,,Blue
,5,Drape of the Dark Reavers,Drape of the Dark Reavers,Epic,63.53,51.97,Karazhan,Shade of Aran,1,https://tbc.wowhead.com/item=28672,,97,21,,,,,34,,24,17
,6,Thalassian Wildercloak,Thalassian Wildercloak,Epic,62.88,,Tempest Keep,Kael'thas Sunstrider,2,https://tbc.wowhead.com/item=29994,,116,28,,,,,68,,28
,7,Razor-Scale Battlecloak,Razor-Scale Battlecloak,Epic,57.34,,Serpentshrine Cavern,Morogrim Tidewalker,2,https://tbc.wowhead.com/item=30098,,108,22,,,,,,33,23
,8,Cloak of the Pit Stalker,Cloak of the Pit Stalker,Epic,56.22,,Magtheridon's Lair,Magtheridon,1,https://tbc.wowhead.com/item=28777,,105,28,,,,,56,,,,24
,9,Farstrider Wildercloak,Farstrider Wildercloak,Epic,55.39,,Karazhan,Prince Malchezaar,1,https://tbc.wowhead.com/item=28764,,105,36,,,,,70
,10,Nomad's Woven Cloak,Nomad's Woven Cloak,Rare,52.88,44.04,Nagrand,Bring Me The Egg!,1,https://tbc.wowhead.com/item=28031,,66,21,,,,,,14,14,13
,11,Auchenai Death Shroud,Auchenai Death Shroud,Rare,52.16,40.60,Auchenai Crypts,Avatar of the Martyred,1,https://tbc.wowhead.com/item=27878,,78,15,,,,,36,,15,17
,12,Thoriumweave Cloak,Thoriumweave Cloak,Rare,52.16,,Mechanar,Mechano-Lord Capacitus,1,https://tbc.wowhead.com/item=28256,,390,35
,13,Gilded Thorium Cloak,Gilded Thorium Cloak,Epic,51.76,,Karazhan,Terestian Illhoof,1,https://tbc.wowhead.com/item=28660,,385,30,24
,14,Devilshark Cape,Devilshark Cape,Rare,51.50,,Steamvault,Warlord Kalithresh,1,https://tbc.wowhead.com/item=27804,,78,22,20,18
,15,Cloak of the Inciter,Cloak of the Inciter,Rare,50.33,39.45,Shadow Labyrinth,Blackheart the Inciter,1,https://tbc.wowhead.com/item=27892,,76,15,,,,,30,,,16,18
,,Chest,,,,,,,,,,armor,stam,def,dodge,parry,block,ap,str,agi,hit,crit,haste,arp,exp,socket
,1,Onslaught Breastplate,Onslaught Breastplate,Epic,246.73,,Black Temple,Illidan Stormrage,3,https://tbc.wowhead.com/item=30975,,1825,54,,,,,,53,34,16,,,126,,Red,Blue,Blue
,2,Vengeful Gladiator's Plate Chestpiece,Vengeful Gladiator's Plate Chestpiece,Epic,244.30,,Season 3,PvP,3,https://tbc.wowhead.com/item=33728,,1825,67,,,,,,39,,12,39,,84,,Red,Red,Yellow
,3,Destroyer Chestguard,Destroyer Chestguard,Epic,228.47,,Tempest Keep,Kael'thas Sunstrider,2,https://tbc.wowhead.com/item=30113,,1668,57,27,24,,,,25,26,24,,,,,Blue,Yellow,Red
,4,Bulwark of Kings,Bulwark of Kings,Epic,222.53,23.38,Blacksmithing,Crafted,1,https://tbc.wowhead.com/item=28484,,1595,55,,,,,,35,,23,37,,,,Blue,Yellow,Yellow
,5,Merciless Gladiator's Plate Chestpiece,Merciless Gladiator's Plate Chestpiece,Epic,221.88,,Season 2,PvP,2,https://tbc.wowhead.com/item=30486,,1704,60,,,,,,35,,14,35,,,,Red,Red,Yellow
,6,Onslaught Chestguard,Onslaught Chestguard,Epic,218.83,,Black Temple,Illidan Stormrage,3,https://tbc.wowhead.com/item=30976,,1825,69,37,,28,23,,,37,,,,,,Red,Red,Yellow
,7,Destroyer Breastplate,Destroyer Breastplate,Epic,216.51,,Tempest Keep,Kael'thas Sunstrider,2,https://tbc.wowhead.com/item=30118,,1668,48,,,,,,50,,15,33,,,,Yellow,Blue,Red
,8,Heartshatter Breastplate,Heartshatter Breastplate,Epic,210.00,,Black Temple,Mother Shahraz,3,https://tbc.wowhead.com/item=32365,,1765,45,,,,,,63,,30,44
,9,Krakken-Heart Breastplate,Krakken-Heart Breastplate,Epic,206.38,,Serpentshrine Cavern,Lady Vashj,2,https://tbc.wowhead.com/item=30102,,1728,42,,,,,,61,43,30
,10,Warbringer Chestguard,Warbringer Chestguard,Epic,203.16,,Magtheridon's Lair,Magtheridon,1,https://tbc.wowhead.com/item=29012,,1510,48,22,,,23,,16,17,,,,,,Yellow,Yellow,Red
,11,Glory of the Defender,Glory of the Defender,Epic,202.93,,Hyjal Summit,Azgalor,3,https://tbc.wowhead.com/item=30896,,1765,75,35,51,,,,,,34
,12,Midnight Chestguard,Midnight Chestguard,Epic,196.29,,Hyjal Summit,Archimonde,3,https://tbc.wowhead.com/item=30905,,474,64,,,,,106,,,29,46,,,,Blue,Red,Yellow
,13,Breastplate of Kings,Breastplate of Kings,Epic,194.61,25.42,Blacksmithing,Crafted,1,https://tbc.wowhead.com/item=28483,,1353,46,,,,,,31,,20,31,,,,Blue,Yellow,Yellow
,14,Gladiator's Plate Chestpiece,Gladiator's Plate Chestpiece,Epic,192.90,44.00,Season 1,PvP,1,https://tbc.wowhead.com/item=24544,,1547,49,,,,,,23,,12,30,,,,Red,Red,Yellow
,15,Nether Shadow Tunic,Nether Shadow Tunic,Epic,182.30,,Black Temple,Supremus,3,https://tbc.wowhead.com/item=32252,,444,52,,,,,86,,36,35,,,,,Red,Yellow,Blue
,,Wrist,,,,,,,,,,armor,stam,def,dodge,parry,block,ap,str,agi,hit,crit,haste,arp,exp,socket
,1,Vindicator's Plate Bracers,Vindicator's Plate Bracers,Epic,105.85,,Season 3,PvP,3,https://tbc.wowhead.com/item=33813,,772,36,,,,,,25,,,21,,,,Yellow
,2,Furious Shackles,Furious Shackles,Epic,102.30,,Hyjal Summit,Rage Winterchill,3,https://tbc.wowhead.com/item=30861,,772,28,,,,,,35,,,19,,,,Yellow
,3,Swiftsteel Bracers,Swiftsteel Bracers,Epic,98.82,,Blacksmithing,Crafted,3,https://tbc.wowhead.com/item=32568,,772,32,,,,,,35,,,,27
,4,Bracers of Eradication,Bracers of Eradication,Epic,98.16,86.60,Serpentshrine Cavern,The Lurker Below,2,https://tbc.wowhead.com/item=30057,,703,12,,,,,,25,,17,24,,,,Blue
,5,Vambraces of Courage,Vambraces of Courage,Epic,97.99,,Karazhan,Attumen the Huntsman,1,https://tbc.wowhead.com/item=28502,,634,33,15,,,,,,,,,,,,Yellow
,6,Vindicator's Scaled Bracers,Vindicator's Scaled Bracers,Epic,97.08,,Season 3,PvP,3,https://tbc.wowhead.com/item=33910,,772,28,,,,,,29,,,15,,,,Yellow
,7,Eternium Shell Bracers,Eternium Shell Bracers,Epic,94.61,,Black Temple,High Warlord Naj'entus,3,https://tbc.wowhead.com/item=32232,,772,52,24,26
,8,Bladespire Warbands,Bladespire Warbands,Epic,92.87,,Gruul's Lair,High King Maulgar,1,https://tbc.wowhead.com/item=28795,,687,16,,,,,,20,,,24,,,,Blue,Red
,9,Veteran's Plate Bracers,Veteran's Plate Bracers,Epic,92.24,,Season 2,PvP,2,https://tbc.wowhead.com/item=32818,,693,30,,,,,,21,,,17,,,,Yellow
,10,Insidious Bands,Insidious Bands,Epic,88.81,80.65,Black Temple,Teron Gorefiend,3,https://tbc.wowhead.com/item=32324,,194,28,,,,,58,,28,12,,,,,Yellow
,11,Veteran's Scaled Bracers,Veteran's Scaled Bracers,Epic,87.17,,Season 2,PvP,2,https://tbc.wowhead.com/item=32819,,693,25,,,,,,29,,,8,,,,Yellow
,12,Deadly Cuffs,Deadly Cuffs,Epic,87.13,78.97,Hyjal Summit,Rage Winterchill,3,https://tbc.wowhead.com/item=30863,,194,28,,,,,58,,,12,28,,,,Yellow
,13,General's Plate Bracers,General's Plate Bracers,Epic,81.65,,Season 1,PvP,1,https://tbc.wowhead.com/item=28381,,624,25,,,,,,19,,,14,,,,Yellow
,14,Marshal's Plate Bracers,Marshal's Plate Bracers,Epic,81.65,,,PvP,1,https://tbc.wowhead.com/item=28996,,624,25,,,,,,19,,,14,,,,Yellow
,15,The Seeker's Wristguards,The Seeker's Wristguards,Epic,81.36,,Black Temple,Shade of Akama,3,https://tbc.wowhead.com/item=32279,,772,43,21,,,28
,,Hands,,,,,,,,,,armor,stam,def,dodge,parry,block,ap,str,agi,hit,crit,haste,arp,exp,socket
,1,Gauntlets of Enforcement,Gauntlets of Enforcement,Epic,173.72,,Black Temple,Teron Gorefiend,3,https://tbc.wowhead.com/item=32280,,1103,70,32,,,,,,,,,,,21
,2,Grips of Silent Justice,Grips of Silent Justice,Epic,163.82,153.62,Black Temple,Shade of Akama,3,https://tbc.wowhead.com/item=32278,,1103,37,,,,,,40,,15,,,175,,Red,Red
,3,Onslaught Gauntlets,Onslaught Gauntlets,Epic,158.73,,Hyjal Summit,Azgalor,3,https://tbc.wowhead.com/item=30969,,1141,49,,,,,,41,30,,,,91,,Red
,4,Pillager's Gauntlets,Pillager's Gauntlets,Epic,152.58,140.34,Black Temple,Trash,3,https://tbc.wowhead.com/item=32608,,1103,45,,,,,,38,,18,,38
,5,Destroyer Handguards,Destroyer Handguards,Epic,141.95,,Serpentshrine Cavern,Leotheras the Blind,2,https://tbc.wowhead.com/item=30114,,1042,44,25,,,23,,16,16
,6,Royal Gauntlets of Silvermoon,Royal Gauntlets of Silvermoon,Epic,138.05,,Tempest Keep,Kael'thas Sunstrider,2,https://tbc.wowhead.com/item=29998,,1080,57,24,32,,,,,,,,,,,Yellow,Blue
,7,Vengeful Gladiator's Plate Gauntlets,Vengeful Gladiator's Plate Gauntlets,Epic,138.01,,Season 3,PvP,3,https://tbc.wowhead.com/item=33729,,1141,52,,,,,,37,,,32
,8,Onslaught Handguards,Onslaught Handguards,Epic,132.54,,Hyjal Summit,Azgalor,3,https://tbc.wowhead.com/item=30970,,1141,50,32,27,,27,,18,,,,,,,Red
,9,Gauntlets of Martial Perfection,Gauntlets of Martial Perfection,Epic,132.05,,Gruul's Lair,Gruul the Dragonkiller,1,https://tbc.wowhead.com/item=28824,,982,34,,,,,,36,,,23,,,,Blue,Yellow
,10,Iron Gauntlets of the Maiden,Iron Gauntlets of the Maiden,Epic,131.60,,Karazhan,Maiden of Virtue,1,https://tbc.wowhead.com/item=28518,,906,39,16,,,17,,,,,,,,,Red,Yellow
,11,Destroyer Gauntlets,Destroyer Gauntlets,Epic,130.47,,Serpentshrine Cavern,Leotheras the Blind,2,https://tbc.wowhead.com/item=30119,,1042,46,,,,,,44,,,30
,12,Merciless Gladiator's Plate Gauntlets,Merciless Gladiator's Plate Gauntlets,Epic,125.02,,Season 2,PvP,2,https://tbc.wowhead.com/item=30487,,1065,46,,,,,,33,,,29
,13,Warbringer Gauntlets,Warbringer Gauntlets,Epic,124.59,112.35,Karazhan,The Curator,1,https://tbc.wowhead.com/item=29020,,944,33,,,,,,34,23,18
,14,Topaz-Studded Battlegrips,Topaz-Studded Battlegrips,Epic,120.77,,Hellfire Peninsula,Doom Lord Kazzak,1,https://tbc.wowhead.com/item=30741,,944,49,31,,,,,,,,,,,,Yellow,Blue
,15,Gladiator's Plate Gauntlets,Gladiator's Plate Gauntlets,Epic,112.52,,Season 1,PvP,1,https://tbc.wowhead.com/item=24549,,967,42,,,,,,28,,,26
,,Waist,,,,,,,,,,armor,stam,def,dodge,parry,block,ap,str,agi,hit,crit,haste,arp,exp,socket
,1,Girdle of Stability,Girdle of Stability,Epic,167.62,,Black Temple,Gurtogg Bloodboil,3,https://tbc.wowhead.com/item=32333,,993,56,19,18,,,,,,,,,,,Red,Yellow
,2,Girdle of Mighty Resolve,Girdle of Mighty Resolve,Epic,154.49,,Black Temple,Gurtogg Bloodboil,3,https://tbc.wowhead.com/item=32342,,993,56,26,,,25,,,,,,,,,Yellow,Blue
,3,Belt of the Guardian,Belt of the Guardian,Epic,137.67,,Blacksmithing,Crafted,2,https://tbc.wowhead.com/item=30034,,904,48,19,,,,,,,,,,,,Red,Yellow
,4,Red Belt of Battle,Red Belt of Battle,Epic,133.54,124.02,Blacksmithing,Crafted,2,https://tbc.wowhead.com/item=30032,,904,21,,,,,,41,,14,24,,,,Blue,Yellow
,5,Vindicator's Plate Belt,Vindicator's Plate Belt,Epic,130.38,,Season 3,PvP,3,https://tbc.wowhead.com/item=33811,,1027,49,,,,,,35,,,35
,6,Belt of Seething Fury,Belt of Seething Fury,Epic,126.25,,Hyjal Summit,Kaz'rogal,3,https://tbc.wowhead.com/item=30915,,993,37,,,,,,48,,,,38
,7,Girdle of the Endless Pit,Girdle of the Endless Pit,Epic,125.11,,Magtheridon's Lair,Magtheridon,1,https://tbc.wowhead.com/item=28779,,884,30,,,,,,34,,,28,,,,Red,Blue
,8,Belt of One-Hundred Deaths,Belt of One-Hundred Deaths,Epic,120.70,,Serpentshrine Cavern,Lady Vashj,2,https://tbc.wowhead.com/item=30106,,244,25,,,,,74,,29,,,,,25,Red,Blue
,9,Girdle of the Lightbearer,Girdle of the Lightbearer,Epic,119.72,,Black Temple,Trash,3,https://tbc.wowhead.com/item=32606,,993,33,,,,,,49,,,,32
,10,Veteran's Plate Belt,Veteran's Plate Belt,Epic,119.25,,Season 2,PvP,2,https://tbc.wowhead.com/item=32805,,959,45,,,,,,31,,,31
,11,Vindicator's Scaled Belt,Vindicator's Scaled Belt,Epic,119.17,,Season 3,PvP,3,https://tbc.wowhead.com/item=33909,,1027,39,,,,,,40,,,27
,12,Girdle of the Invulnerable,Girdle of the Invulnerable,Epic,113.76,,Serpentshrine Cavern,Leotheras the Blind,2,https://tbc.wowhead.com/item=30096,,904,37,22,19,29,,,,,,,,,,Red,Blue
,13,Don Alejandro's Money Belt,Don Alejandro's Money Belt,Epic,113.30,,Hyjal Summit,Anetheron,3,https://tbc.wowhead.com/item=30879,,249,37,,,,,76,,29,,19,,,,Red,Yellow
,14,Veteran's Scaled Belt,Veteran's Scaled Belt,Epic,112.30,,Season 2,PvP,2,https://tbc.wowhead.com/item=32806,,959,39,,,,,,41,,,18
,15,Crimson Girdle of the Indomitable,Crimson Girdle of the Indomitable,Epic,109.54,,Karazhan,Moroes,1,https://tbc.wowhead.com/item=28566,,816,36,24,,,20,,16,,,,,,,Red,Yellow
,,Ring,,,,,,,,,,armor,stam,def,dodge,parry,block,ap,str,agi,hit,crit,haste,arp,exp,socket
,1,Stormrage Signet Ring,Stormrage Signet Ring,Epic,90.55,70.15,Black Temple,Illidan Stormrage,3,https://tbc.wowhead.com/item=32497,,,33,,,,,66,,,30,,,126
,2,Ring of Deceitful Intent,Ring of Deceitful Intent,Epic,85.78,72.86,Black Temple,Shade of Akama,3,https://tbc.wowhead.com/item=32266,,,42,,,,,58,,21,19
,3,Band of the Eternal Defender,Band of the Eternal Defender,Epic,84.32,,Tanaris,Defender's Covenant,3,https://tbc.wowhead.com/item=29297,,133,43,30
,4,Band of the Abyssal Lord,Band of the Abyssal Lord,Epic,80.50,66.22,Black Temple,Supremus,3,https://tbc.wowhead.com/item=32261,,,53,27,,,,,,,21
,5,Band of Eternity (revered),Band of Eternity (revered),Epic,78.47,,Tanaris,Defender's Oath,3,https://tbc.wowhead.com/item=29296,,,43,30
,6,Band of the Eternal Champion,Band of the Eternal Champion,Epic,77.34,,Tanaris,Champion's Covenant,3,https://tbc.wowhead.com/item=29301,,,43,,,,,87,,29
,7,Band of Devastation,Band of Devastation,Epic,73.83,,Black Temple,Trash,3,https://tbc.wowhead.com/item=32526,,,44,,,,,66,,,,,31
,8,Band of Eternity (honored),Band of Eternity (honored),Epic,72.39,,Tanaris,Defender's Vow,3,https://tbc.wowhead.com/item=29295,,,40,28
,9,Band of Eternity (revered),Band of Eternity (revered),Epic,71.64,,Tanaris,Champion's Oath,3,https://tbc.wowhead.com/item=29300,,,43,,,,,60,,29
,10,Band of the Ranger-General,Band of the Ranger-General,Epic,71.48,59.24,Tempest Keep,Kael'thas Sunstrider,2,https://tbc.wowhead.com/item=29997,,,27,,,,,56,,,18,28
,11,Band of Eternity (friendly),Band of Eternity (friendly),Epic,67.45,,Tanaris,Defender's Pledge,2,https://tbc.wowhead.com/item=29294,,,37,25
,12,Band of Eternity (honored),Band of Eternity (honored),Epic,66.69,,Tanaris,Champion's Vow,3,https://tbc.wowhead.com/item=29299,,,40,,,,,56,,27
,13,Violet Signet of the Master Assassin,Violet Signet of the Master Assassin,Epic,66.09,49.09,Deadwind Pass,Eminence Among the Violet Eye,1,https://tbc.wowhead.com/item=29283,,,28,,,,,56,,,25
,14,Garona's Signet Ring,Garona's Signet Ring,Epic,63.38,51.14,Karazhan,The Curator,1,https://tbc.wowhead.com/item=28649,,,25,,,,,40,,20,18
,15,Violet Signet,Violet Signet,Epic,63.20,46.88,Deadwind Pass,Distinguished Service,1,https://tbc.wowhead.com/item=29282,,,27,,,,,52,,,24
,,Legs,,,,,,,,,,armor,stam,def,dodge,parry,block,ap,str,agi,hit,crit,haste,arp,exp,socket
,1,Onslaught Greaves,Onslaught Greaves,Epic,218.32,208.80,Black Temple,Illidari Council,3,https://tbc.wowhead.com/item=30977,,1597,55,,,,,,62,41,14,,,105,,Blue
,2,Onslaught Legguards,Onslaught Legguards,Epic,217.79,,Black Temple,Illidari Council,3,https://tbc.wowhead.com/item=30978,,1597,78,40,,41,,,,24,,,,,,Red
,3,Legguards of Endless Rage,Legguards of Endless Rage,Epic,214.17,201.25,Hyjal Summit,Archimonde,3,https://tbc.wowhead.com/item=30903,,1650,61,,,,,,70,,19,46
,4,Vengeful Gladiator's Plate Legguards,Vengeful Gladiator's Plate Legguards,Epic,211.71,203.55,Season 3,PvP,3,https://tbc.wowhead.com/item=33731,,1597,70,,,,,,51,,12,47,,84
,5,Praetorian's Legguards,Praetorian's Legguards,Epic,211.56,199.32,Black Temple,Shade of Akama,3,https://tbc.wowhead.com/item=32263,,1544,75,,35,43,,,,,18,,,,,Yellow,Yellow,Red
,6,Destroyer Greaves,Destroyer Greaves,Epic,200.27,185.31,Serpentshrine Cavern,Fathom-Lord Karathress,2,https://tbc.wowhead.com/item=30121,,1459,57,,,,,,52,,22,32,,,,Red
,7,Leggings of Divine Retribution,Leggings of Divine Retribution,Epic,197.41,,Black Temple,Gurtogg Bloodboil,3,https://tbc.wowhead.com/item=32341,,1544,51,,,,,,51,,,35,,350
,8,Destroyer Legguards,Destroyer Legguards,Epic,191.51,,Serpentshrine Cavern,Fathom-Lord Karathress,2,https://tbc.wowhead.com/item=30116,,1459,60,39,,,32,,18,28,,,,,,Red
,9,Merciless Gladiator's Plate Legguards,Merciless Gladiator's Plate Legguards,Epic,189.95,180.43,Season 2,PvP,2,https://tbc.wowhead.com/item=30489,,1491,63,,,,,,47,,14,43
,10,Greaves of the Bloodwarder,Greaves of the Bloodwarder,Epic,185.69,,Tempest Keep,High Astromancer Solarian,2,https://tbc.wowhead.com/item=29950,,1406,46,,,,,,49,,,31,,,,Red,Yellow,Blue
,11,Gladiator's Plate Legguards,Gladiator's Plate Legguards,Epic,166.54,158.38,Season 1,PvP,1,https://tbc.wowhead.com/item=24547,,1353,55,,,,,,40,,12,36
,12,Wrynn Dynasty Greaves,Wrynn Dynasty Greaves,Epic,162.56,,Karazhan,The Curator,1,https://tbc.wowhead.com/item=28621,,1269,48,27,29,,,,24,,,,,,,Red,Yellow,Yellow
,13,Warbringer Greaves,Warbringer Greaves,Epic,158.03,,Gruul's Lair,Gruul the Dragonkiller,1,https://tbc.wowhead.com/item=29022,,1322,54,,,,,,51,,,37
,14,Vanquisher's Legplates,Vanquisher's Legplates,Epic,156.35,,Mechanar,Pathaleon the Calculator,1,https://tbc.wowhead.com/item=30533,,1216,36,,,,,,36,,,23,,,,Red,Red,Blue
,15,Bow-stitched Leggings,Bow-stitched Leggings,Epic,156.08,,Hyjal Summit,Azgalor,3,https://tbc.wowhead.com/item=30900,,864,28,,,,,100,,42,,20,,,,Red,Yellow,Blue
,,Feet,,,,,,,,,,armor,stam,def,dodge,parry,block,ap,str,agi,hit,crit,haste,arp,exp,socket
,1,Dreadboots of the Legion,Dreadboots of the Legion,Epic,171.65,159.41,Black Temple,Devourer of Souls,3,https://tbc.wowhead.com/item=32345,,1213,40,,,,,,38,,18,30,,,,Yellow,Yellow
,2,Myrmidon's Treads,Myrmidon's Treads,Epic,161.09,149.53,Black Temple,Shade of Akama,3,https://tbc.wowhead.com/item=32268,,1213,56,30,26,,,,,,17,,,,,Yellow,Red
,3,Tide-stomper's Greaves,Tide-stomper's Greaves,Epic,141.45,,Black Temple,High Warlord Naj'entus,3,https://tbc.wowhead.com/item=32245,,1213,56,19,29,,,,,,,,,,,Red,Yellow
,4,Vindicator's Plate Greaves,Vindicator's Plate Greaves,Epic,140.41,,Season 3,PvP,3,https://tbc.wowhead.com/item=33812,,1255,49,,,,,,35,,,35
,5,Vindicator's Scaled Greaves,Vindicator's Scaled Greaves,Epic,129.20,,Season 3,PvP,3,https://tbc.wowhead.com/item=33911,,1255,39,,,,,,40,,,27
,6,Boots of the Resilient,Boots of the Resilient,Epic,128.80,,Tempest Keep,High Astromancer Solarian,2,https://tbc.wowhead.com/item=32267,,1105,51,25,,,25,,,,,,,,,Red,Yellow
,7,Veteran's Plate Greaves,Veteran's Plate Greaves,Epic,128.62,,Season 2,PvP,2,https://tbc.wowhead.com/item=32793,,1172,45,,,,,,31,,,31
,8,Quickstrider Moccasins,Quickstrider Moccasins,Epic,127.31,117.11,Hyjal Summit,Anetheron,3,https://tbc.wowhead.com/item=30880,,679,30,,,,,58,,28,15,,,,,Red,Yellow
,9,Ironstriders of Urgency,Ironstriders of Urgency,Epic,124.81,,Karazhan,Nightbane,1,https://tbc.wowhead.com/item=28608,,997,28,,,,,,33,20,,,,,,Red,Yellow
,10,Red Havoc Boots,Red Havoc Boots,Epic,124.27,,Blacksmithing,Crafted,2,https://tbc.wowhead.com/item=30031,,1105,49,32,,,25
,11,Veteran's Scaled Greaves,Veteran's Scaled Greaves,Epic,121.67,,Season 2,PvP,2,https://tbc.wowhead.com/item=32794,,1172,39,,,,,,41,,,18
,12,Vortex Walking Boots,Vortex Walking Boots,Epic,116.75,,Ogri'la,Exalted,3,https://tbc.wowhead.com/item=32648,,914,28,,,,,,28,,,19,,,,Yellow,Blue
,13,Warboots of Obliteration,Warboots of Obliteration,Epic,116.73,,Serpentshrine Cavern,Morogrim Tidewalker,2,https://tbc.wowhead.com/item=30081,,1105,29,,,,,,44,,,31
,14,Shadowmaster's Boots,Shadowmaster's Boots,Epic,116.33,,Black Temple,Mother Shahraz,3,https://tbc.wowhead.com/item=32366,,305,38,,,,,76,,30,,17,,,,Red,Yellow
,15,General's Plate Greaves,General's Plate Greaves,Epic,114.69,,Season 1,PvP,1,https://tbc.wowhead.com/item=28383,,1063,40,,,,,,27,,,27
,,Trinket,,,,,,,,,,armor,stam,def,dodge,parry,block,ap,str,agi,hit,crit,haste,arp,exp,socket
,1,Solarian's Sapphire (Group AP Buff),Solarian's Sapphire (Group AP Buff),Epic,103.85,,Tempest Keep,High Astromancer Solarian,2,https://tbc.wowhead.com/item=30446,,,30,,,,,350
,2,Dragonspine Trophy,Dragonspine Trophy,Epic,75.13,,Gruul's Lair,Gruul the Dragonkiller,1,https://tbc.wowhead.com/item=28830,,,,,,,,40,,,,,130
,3,Gnomeregan Auto-Blocker 600,Gnomeregan Auto-Blocker 600,Epic,61.75,,Badge of Justice,G'eras,1,https://tbc.wowhead.com/item=29387
,4,Coren's Lucky Coin,Coren's Lucky Coin,Epic,61.75,,,,3,https://tbc.wowhead.com/item=38289
,5,Madness of the Betrayer,Madness of the Betrayer,Epic,53.14,39.54,Black Temple,High Nethermancer Zerevor,3,https://tbc.wowhead.com/item=32505,,,,,,,,84,,,20,,,150
,6,Darkmoon Card: Vengeance,Darkmoon Card: Vengeance,Epic,51.00,,Darkmoon Faire,,2,https://tbc.wowhead.com/item=31858,,,51
,7,Darkmoon Card: Madness,Darkmoon Card: Madness,Epic,51.00,,Darkmoon Faire,,2,https://tbc.wowhead.com/item=31859,,,51
,8,Goblin Rocket Launcher,Goblin Rocket Launcher,Rare,45.00,,Engineering,Crafted,1,https://tbc.wowhead.com/item=23836,,,45
,9,Gnomish Poultryizer,Gnomish Poultryizer,Rare,45.00,,Engineering,Crafted,1,https://tbc.wowhead.com/item=23835,,,45
,10,Commander's Badge,Commander's Badge,Rare,45.00,,Shadowmoon Valley,"Hail, Commander!",1,https://tbc.wowhead.com/item=32864,,,45
,11,Brightbrew Charm,Brightbrew Charm,Epic,45.00,,,Brewfest,3,https://tbc.wowhead.com/item=37127,,,45
,12,Balebrew Charm,Balebrew Charm,Epic,45.00,,,Brewfest,3,https://tbc.wowhead.com/item=37128,,,45
,13,Tsunami Talisman,Tsunami Talisman,Epic,42.21,35.41,Serpentshrine Cavern,Leotheras the Blind,2,https://tbc.wowhead.com/item=30627,,,,,,,,61.82,,,10,38
,14,Glyph of Deflection,Glyph of Deflection,Epic,41.55,,Naxxramas,Sapphiron,0,https://tbc.wowhead.com/item=23040,,,,,,,12
,15,Icon of Unyielding Courage,Icon of Unyielding Courage,Rare,41.13,20.73,Blood Furnace,Keli'dan the Breaker,1,https://tbc.wowhead.com/item=28121,,,,,,,,,,,30,,,100
,,Ranged,,,,,,,,,,armor,stam,def,dodge,parry,block,ap,str,agi,hit,crit,haste,arp,exp,socket
,1,Legionkiller,Legionkiller,Epic,41.57,,Black Temple,Supremus,3,https://tbc.wowhead.com/item=32253,,,30,,,,,,,21
,2,Bristleblitz Striker,Bristleblitz Striker,Epic,40.28,,Hyjal Summit,Archimonde,3,https://tbc.wowhead.com/item=30906,,,28,,,,,,,,,25
,3,Gyro-Balanced Khorium Destroyer,Gyro-Balanced Khorium Destroyer,Epic,39.00,,Engineering,Crafted,1,https://tbc.wowhead.com/item=32756,,,27,,,,,,,,,,,,,Yellow
,4,Crystalline Crossbow,Crystalline Crossbow,Epic,34.17,26.69,Ogri'la,Exalted,3,https://tbc.wowhead.com/item=32645,,,16,,,,,,,12,11
,5,Rifle of the Stoic Guardian,Rifle of the Stoic Guardian,Epic,33.94,,Black Temple,Teron Gorefiend,3,https://tbc.wowhead.com/item=32325,,,31,,20
,6,Serpent Spine Longbow,Serpent Spine Longbow,Epic,32.87,,Serpentshrine Cavern,Lady Vashj,2,https://tbc.wowhead.com/item=30105,,,17,,,,,38,,,,16
,7,Barrel-Blade Longrifle,Barrel-Blade Longrifle,Epic,32.82,,Shadowmoon Valley,Doomwalker,1,https://tbc.wowhead.com/item=30724,,,,,,,,,,16,,,,,,Red,Red
,8,Arcanite Steam-Pistol,Arcanite Steam-Pistol,Epic,30.99,18.07,Tempest Keep,Al'ar,2,https://tbc.wowhead.com/item=29949,,,,,,,,,,20,19
,9,Starbolt Longbow,Starbolt Longbow,Rare,26.37,,Mana-Tombs,Pandemonius,1,https://tbc.wowhead.com/item=27817,,,19,,,,,,,,,15
,10,Consortium Blaster,Consortium Blaster,Rare,24.35,,The Consortium,Revered,1,https://tbc.wowhead.com/item=29115,,,15,,,,,28,,,,7
,11,Alley's Recurve,Alley's Recurve,Uncommon,24.17,19.41,,Mark V is Alive!,0,https://tbc.wowhead.com/item=30226,,0,10,,,,,14,,7,7
,12,The Boomstick,The Boomstick,Rare,23.61,,Sethekk Halls,Anzu,1,https://tbc.wowhead.com/item=32780,,,21,13
,13,Steelhawk Crossbow,Steelhawk Crossbow,Epic,23.15,12.27,Karazhan,Attumen the Huntsman,1,https://tbc.wowhead.com/item=28504,,,,,,,,30,,,16
,14,Veteran's Musket,Veteran's Musket,Epic,22.82,15.34,Honor Hold,Exalted,1,https://tbc.wowhead.com/item=29151,,,,,,,,22,,12,11
,15,Marksman's Bow,Marksman's Bow,Epic,22.82,15.34,Thrallmar,Exalted,1,https://tbc.wowhead.com/item=29152,,,,,,,,22,,12,11
,,One Hand,,,,,,,,,,type,dps,spd,stam,def,dodge,parry,ap,str,agi,hit,crit,haste,arp,socket
,1,Warglaive of Azzinoth,Warglaive of Azzinoth,Legendary,351.30,337.02,Black Temple,Illidan Stormrage,3,https://tbc.wowhead.com/item=32837,,Sword,109.3,2.8,29,,,,44,,22,21
,2,Vengeful Gladiator's Right Ripper,Vengeful Gladiator's Right Ripper,Epic,323.61,318.17,Season 3,PvP,3,https://tbc.wowhead.com/item=33737,,Fist,103.1,2.6,30,,,,34,,,8,21,,49
,3,Vengeful Gladiator's Cleaver,Vengeful Gladiator's Cleaver,Epic,323.61,318.17,Season 3,PvP,3,https://tbc.wowhead.com/item=33669,,Axe,103.1,2.6,30,,,,34,,,8,21,,49
,4,Vengeful Gladiator's Pummeler,Vengeful Gladiator's Pummeler,Epic,323.61,318.17,Season 3,PvP,3,https://tbc.wowhead.com/item=33733,,Mace,103.1,2.6,30,,,,34,,,8,21,,49
,5,Vengeful Gladiator's Shanker,Vengeful Gladiator's Shanker,Epic,323.61,318.17,Season 3,PvP,3,https://tbc.wowhead.com/item=33754,,Dagger,103.1,1.8,30,,,,34,,,8,21,,49
,6,Vengeful Gladiator's Slicer,Vengeful Gladiator's Slicer,Epic,323.61,318.17,Season 3,PvP,3,https://tbc.wowhead.com/item=33762,,Sword,103.1,2.6,30,,,,34,,,8,21,,49
,7,Rising Tide,Rising Tide,Epic,319.97,305.69,Black Temple,High Warlord Naj'entus,3,https://tbc.wowhead.com/item=32236,,Axe,100.2,2.6,33,,,,44,,,21
,8,The Brutalizer,The Brutalizer,Epic,317.96,,Black Temple,Supremus,3,https://tbc.wowhead.com/item=32254,,Axe,100.3,1.6,33,22
,9,Fang of Vashj,Fang of Vashj,Epic,311.36,,Serpentshrine Cavern,Lady Vashj,2,https://tbc.wowhead.com/item=30103,,Dagger,100.3,1.8,19,,,,56
,10,Blade of Savagery,Blade of Savagery,Epic,310.97,300.77,Black Temple,Mother Shahraz,3,https://tbc.wowhead.com/item=32369,,Sword,100.4,1.4,19,,,,44,,,15,22
,11,Messenger of Fate,Messenger of Fate,Epic,308.53,,Black Temple,Gurtogg Bloodboil,3,https://tbc.wowhead.com/item=32269,,Dagger,100.4,1.4,31,,,,44,,22
,12,The Unbreakable Will,The Unbreakable Will,Epic,306.64,,Hyjal Summit,Anetheron,3,https://tbc.wowhead.com/item=30874,,Sword,100.3,1.6,33,21
,13,Blazefury,Blazefury,Epic,306.11,293.87,Blacksmithing,Crafted,2,https://tbc.wowhead.com/item=28427,,Sword,97.5,1.6,28,,,,,,19,18
,14,Claw of Molten Fury,Claw of Molten Fury,Epic,302.65,,Hyjal Summit,Trash,3,https://tbc.wowhead.com/item=32946,,Fist,100.2,2.7,28,,,,38,,20
,15,Merciless Gladiator's Slicer,Merciless Gladiator's Slicer,Epic,302.40,295.60,Season 2,PvP,2,https://tbc.wowhead.com/item=32052,,Sword,97.7,2.6,27,,,,30,,,10,19
,,Off Hand,,,,,,,,,,armor,stam,def,dodge,block,str,hit,socket
,1,Bulwark of Azzinoth,Bulwark of Azzinoth,Epic,461.02,,Black Temple,Illidan Stormrage,3,https://tbc.wowhead.com/item=32375,,6336,60,29,,174
,2,Kaz'rogal's Hardened Heart,Kaz'rogal's Hardened Heart,Epic,450.66,436.38,Hyjal Summit,Kaz'rogal,3,https://tbc.wowhead.com/item=30889,,5930,43,28,,160,,21,Yellow
,3,Antonidas's Aegis of Rapt Concentration,Antonidas's Aegis of Rapt Concentration,Epic,423.29,,Hyjal Summit,Archimonde,3,https://tbc.wowhead.com/item=30909,,6336,28,,,174
,4,Illidari Runeshield,Illidari Runeshield,Epic,412.96,,Black Temple,Trash,3,https://tbc.wowhead.com/item=34011,,5930,45,,,160
,5,Bastion of Light,Bastion of Light,Epic,407.96,,Hyjal Summit,Anetheron,3,https://tbc.wowhead.com/item=30882,,5930,28,,,160,,,Red
,6,Merciless Gladiator's Shield Wall,Merciless Gladiator's Shield Wall,Epic,401.68,,Season 2,PvP,2,https://tbc.wowhead.com/item=32045,,5727,48,,,152
,7,Felstone Bulwark,Felstone Bulwark,Epic,396.10,,Black Temple,Supremus,3,https://tbc.wowhead.com/item=32255,,5930,28,,,160
,8,Aldori Legacy Defender,Aldori Legacy Defender,Epic,394.51,384.31,Gruul's Lair,Gruul the Dragonkiller,1,https://tbc.wowhead.com/item=28825,,5279,39,19,,137,,15,Blue
,9,Merciless Gladiator's Redoubt,Merciless Gladiator's Redoubt,Epic,380.68,,Season 2,PvP,2,https://tbc.wowhead.com/item=33309,,5727,27,,,152
,10,Merciless Gladiator's Barrier,Merciless Gladiator's Barrier,Epic,380.68,,Season 2,PvP,2,https://tbc.wowhead.com/item=33313,,5727,27,,,152
,11,Gladiator's Shield Wall,Gladiator's Shield Wall,Epic,363.31,,Season 1,PvP,1,https://tbc.wowhead.com/item=28358,,5197,45,,,134
,12,Shield of Impenetrable Darkness,Shield of Impenetrable Darkness,Epic,355.49,,Karazhan,Nightbane,1,https://tbc.wowhead.com/item=28606,,4872,33,22,,155
,13,Azure-Shield of Coldarra,Azure-Shield of Coldarra,Epic,339.83,,Badge of Justice,G'eras,1,https://tbc.wowhead.com/item=29266,,4668,31,22,,148
,14,Crest of the Sha'tar,Crest of the Sha'tar,Epic,330.38,,The Sha'tar,Exalted,1,https://tbc.wowhead.com/item=29176,,4465,19,13,,132,,,Blue,Blue
,15,Aegis of the Vindicator,Aegis of the Vindicator,Epic,323.93,,Magtheridon's Lair,Magtheridon,1,https://tbc.wowhead.com/item=29458,,5279,,,,137
