Restoration Phase 3,,,Value Credit: Egregious TBC https://docs.google.com/spreadsheets/d/187Bg7MxwStZldbL1faFD3JXUMlgEBYmYd7G9uEaDcJI/edit#gid=729770934
,,Item,,,EPV,Location,Phase,,,Stats
,,Head,,,,,,,,,heal,int,spi,crit,haste,mp5,socket
,1,Skyshatter Helmet,Skyshatter Helmet,Epic,212.15,Hyjal Summit,Archimonde,3,https://tbc.wowhead.com/item=31012,,119,34,,,,14,Meta,Yellow
,2,Helm of Soothing Currents,Helm of Soothing Currents,Epic,202.46,Black Temple,High Warlord Naj'entus,3,https://tbc.wowhead.com/item=32241,,118,42,,,,10,Blue,Meta
,3,Guise of the Tidal Lurker,Guise of the Tidal Lurker,Epic,200.32,Black Temple,High Warlord Naj'entus,3,https://tbc.wowhead.com/item=32240,,103,35,,,,15,Meta,Red
,4,Cataclysm Headguard,Cataclysm Headguard,Epic,192.04,Serpentshrine Cavern,Lady Vashj,2,https://tbc.wowhead.com/item=30166,,103,37,,,,,Meta,Yellow
,5,Living Replicator Specs,Living Replicator Specs,Epic,186.88,Engineering,Crafted,2,https://tbc.wowhead.com/item=32475,,106,38,,,,9,Meta,Blue
,6,Fathom-Helm of the Deeps,Fathom-Helm of the Deeps,Epic,180.43,Shadowmoon Valley,Doomwalker,1,https://tbc.wowhead.com/item=30728,,106,29,,,,9,Yellow,Blue,Blue
,7,Cowl of Benevolence,Cowl of Benevolence,Epic,179.66,Black Temple,Teron Gorefiend,3,https://tbc.wowhead.com/item=32329,,118,27,42,,,,Meta,Blue
,8,Vengeful Gladiator's Ringmail Helm,Vengeful Gladiator's Ringmail Helm,Epic,173.43,Season 3,PvP,3,https://tbc.wowhead.com/item=33740,,84,28,,,,,Meta,Red
,9,Wonderheal XT40 Shades,Wonderheal XT40 Shades,Epic,173.38,Engineering,Crafted,2,https://tbc.wowhead.com/item=32479,,106,38,22,,,,Meta,Blue
,10,Powerheal 4000 Lens,Powerheal 4000 Lens,Epic,168.38,Engineering,Crafted,2,https://tbc.wowhead.com/item=32495,,101,38,28,,,,Meta,Blue
,11,Merciless Gladiator's Ringmail Helm,Merciless Gladiator's Ringmail Helm,Epic,159.43,Season 2,PvP,2,https://tbc.wowhead.com/item=32031,,75,24,,,,,Meta,Red
,12,Whitemend Hood,Whitemend Hood,Epic,158.15,Tailoring,Crafted,1,https://tbc.wowhead.com/item=24264,,79,15,,,,11,Blue,Yellow,Red
,13,Cyclone Headdress,Cyclone Headdress,Epic,155.94,Karazhan,Prince Malchezaar,1,https://tbc.wowhead.com/item=29028,,75,41,,,,8,Meta,Blue
,14,Gladiator's Ringmail Helm,Gladiator's Ringmail Helm,Epic,141.43,Season 1,PvP,1,https://tbc.wowhead.com/item=31400,,62,20,,,,,Meta,Red
,15,Cowl of Naaru Blessings,Cowl of Naaru Blessings,Epic,128.70,Badge of Justice,G'eras,1,https://tbc.wowhead.com/item=32090,,66,29,23,,,,Blue,Meta
,,Neck,,,,,,,,,heal,int,spi,crit,haste,mp5,socket
,1,Vindicator's Pendant of Reprieve,Vindicator's Pendant of Reprieve,Epic,124.71,Season 3,PvP,3,https://tbc.wowhead.com/item=35317,,51,16,,,23,,Yellow
,2,Nadina's Pendant of Purity,Nadina's Pendant of Purity,Epic,112.15,Black Temple,Mother Shahraz,3,https://tbc.wowhead.com/item=32370,,79,14,,,,8
,3,Lord Sanguinar's Claim,Lord Sanguinar's Claim,Epic,99.38,Tempest Keep,Kael'thas and the Verdant Sphere,2,https://tbc.wowhead.com/item=30018,,79,19,,,,7
,4,Vindicator's Pendant of Salvation,Vindicator's Pendant of Salvation,Epic,88.17,Season 3,PvP,3,https://tbc.wowhead.com/item=33922,,51,16,,,,6,Yellow
,5,Archaic Charm of Presence,Archaic Charm of Presence,Epic,86.96,Shadowmoon Valley,Doomwalker,1,https://tbc.wowhead.com/item=30726,,75,23
,6,Emberspur Talisman,Emberspur Talisman,Epic,82.50,Karazhan,Nightbane,1,https://tbc.wowhead.com/item=28609,,66,,,,,11
,7,Veteran's Pendant of Salvation,Veteran's Pendant of Salvation,Epic,78.11,Season 2,PvP,2,https://tbc.wowhead.com/item=33068,,44,13,,,,5,Yellow
,8,Gezzarak's Fang,Gezzarak's Fang,Rare,70.80,Terokkar Forest,Gezzarak the Huntress,1,https://tbc.wowhead.com/item=32531,,57,15,,,,4
,9,Natasha's Guardian Cord,Natasha's Guardian Cord,Rare,69.20,,The Hound-Master,1,https://tbc.wowhead.com/item=31691,,55,10,,,,6
,10,Teeth of Gruul,Teeth of Gruul,Epic,68.92,Gruul's Lair,Gruul the Dragonkiller,1,https://tbc.wowhead.com/item=28822,,46,21,19,,,8
,11,Necklace of Resplendent Hope,Necklace of Resplendent Hope,Rare,66.50,Old Hillsbrad Foothills,Epoch Hunter,1,https://tbc.wowhead.com/item=28233,,53,,,,,9
,12,Amulet of the Fallen God,Amulet of the Fallen God,Epic,66.00,Classic,,0,https://tbc.wowhead.com/item=21712,,57,,,,,6
,13,Necklace of Eternal Hope,Necklace of Eternal Hope,Epic,64.92,Badge of Justice,G'eras,1,https://tbc.wowhead.com/item=29374,,48,21,,,,4
,14,Amulet of Glacial Tranquility,Amulet of Glacial Tranquility,Epic,64.92,Slave Pens,Ahune,3,https://tbc.wowhead.com/item=35509,,48,21,,,,4
,15,Karja's Medallion,Karja's Medallion,Rare,62.80,Netherstorm,Shutting Down Manaforge Ara,1,https://tbc.wowhead.com/item=30377,,55,15,10
,,Shoulders,,,,,,,,,heal,int,spi,crit,haste,mp5,socket
,1,Living Earth Shoulders,Living Earth Shoulders,Epic,173.82,Leatherworking,Crafted,3,https://tbc.wowhead.com/item=32579,,86,28,,,37
,2,Shoulderpads of Renewed Life,Shoulderpads of Renewed Life,Epic,171.32,Leatherworking,Crafted,3,https://tbc.wowhead.com/item=32583,,81,29,,,38
,3,Skyshatter Shoulderpads,Skyshatter Shoulderpads,Epic,151.47,Black Temple,Mother Shahraz,3,https://tbc.wowhead.com/item=31022,,86,31,,,,11,Blue,Yellow
,4,Swiftheal Mantle,Swiftheal Mantle,Epic,145.78,Tailoring,Crafted,3,https://tbc.wowhead.com/item=32585,,84,16,28,,27
,5,Vengeful Gladiator's Ringmail Spaulders,Vengeful Gladiator's Ringmail Spaulders,Epic,133.91,Season 3,PvP,3,https://tbc.wowhead.com/item=33742,,55,23,,,,7,Red,Yellow
,6,Cataclysm Shoulderguards,Cataclysm Shoulderguards,Epic,131.56,Tempest Keep,Void Reaver,2,https://tbc.wowhead.com/item=30168,,79,28,,,,8,Blue,Blue
,7,Coral-Barbed Shoulderpads,Coral-Barbed Shoulderpads,Epic,125.16,Serpentshrine Cavern,Leotheras the Blind,2,https://tbc.wowhead.com/item=30097,,73,33,,,,6,Blue,Blue
,8,Merciless Gladiator's Ringmail Spaulders,Merciless Gladiator's Ringmail Spaulders,Epic,122.39,Season 2,PvP,2,https://tbc.wowhead.com/item=32033,,48,20,,,,6,Red,Yellow
,9,The Wavemender's Mantle,The Wavemender's Mantle,Epic,120.02,Black Temple,Devourer of Souls,3,https://tbc.wowhead.com/item=32517,,84,26,,,,15
,10,Gladiator's Ringmail Spaulders,Gladiator's Ringmail Spaulders,Epic,115.87,Season 1,PvP,1,https://tbc.wowhead.com/item=31407,,42,19,,,,6,Red,Yellow
,11,Runetotem's Mantle,Runetotem's Mantle,Epic,112.44,Serpentshrine Cavern,Lady Vashj,2,https://tbc.wowhead.com/item=30111,,101,22,32
,12,Primal Mooncloth Shoulders,Primal Mooncloth Shoulders,Epic,110.82,Tailoring,Crafted,1,https://tbc.wowhead.com/item=21874,,92,16,15,,,7
,13,Cyclone Shoulderpads,Cyclone Shoulderpads,Epic,110.64,Gruul's Lair,High King Maulgar,1,https://tbc.wowhead.com/item=29031,,68,32,,,,,Blue,Blue
,14,Veil of Turning Leaves,Veil of Turning Leaves,Epic,99.08,Black Temple,High Nethermancer Zerevor,3,https://tbc.wowhead.com/item=32518,,84,29,38
,15,Amice of Brilliant Light,Amice of Brilliant Light,Epic,98.04,Black Temple,Shade of Akama,3,https://tbc.wowhead.com/item=32273,,84,27,37
,,Back,,,,,,,,,heal,int,spi,crit,haste,mp5,socket
,1,Shroud of the Highborne,Shroud of the Highborne,Epic,143.32,Black Temple,Illidan Stormrage,3,https://tbc.wowhead.com/item=32524,,68,23,,,32
,2,Shroud of the Final Stand,Shroud of the Final Stand,Epic,91.94,Black Temple,Trash,3,https://tbc.wowhead.com/item=34012,,64,22,,,,11
,3,Sunshower Light Cloak,Sunshower Light Cloak,Epic,89.48,Tempest Keep,Kael'thas Sunstrider,2,https://tbc.wowhead.com/item=29989,,77,24,20
,4,Shroud of Forgiveness,Shroud of Forgiveness,Epic,88.88,Black Temple,Gurtogg Bloodboil,3,https://tbc.wowhead.com/item=32337,,79,19,20
,5,Lifegiving Cloak,Lifegiving Cloak,Epic,78.26,,World Drop,1,https://tbc.wowhead.com/item=31329,,64,13,,,,5
,6,Stainless Cloak of the Pure Hearted,Stainless Cloak of the Pure Hearted,Epic,75.46,Karazhan,Prince Malchezaar,1,https://tbc.wowhead.com/item=28765,,53,23,,,,7
,7,Red Riding Hood's Cloak,Red Riding Hood's Cloak,Epic,69.94,Karazhan,The Big Bad Wolf,1,https://tbc.wowhead.com/item=28582,,48,22,,,,7
,8,White Remedy Cape,White Remedy Cape,Rare,69.50,Tailoring,Crafted,1,https://tbc.wowhead.com/item=24254,,59,,,,,7
,9,Bishop's Cloak,Bishop's Cloak,Epic,66.84,Badge of Justice,G'eras,1,https://tbc.wowhead.com/item=29375,,46,17,,,,8
,10,Shroud of Winter's Chill,Shroud of Winter's Chill,Epic,66.84,Slave Pens,Ahune,3,https://tbc.wowhead.com/item=35494,,46,17,,,,8
,11,Cloak of the Everliving,Cloak of the Everliving,Rare,66.50,Hellfire Ramparts,Watchkeeper Gargolmar,1,https://tbc.wowhead.com/item=27448,,53,,,,,9
,12,Light-Touched Stole of Altruism,Light-Touched Stole of Altruism,Epic,65.92,Auchenai Crypts,Exarch Maladaar,1,https://tbc.wowhead.com/item=29354,,55,21
,13,Apexis Cloak,Apexis Cloak,Rare,64.80,Ogri'la,Revered,3,https://tbc.wowhead.com/item=32653,,57,15
,14,Cloak of Suturing,Cloak of Suturing,Epic,61.74,Naxxramas,Patchwerk,1,https://tbc.wowhead.com/item=22960,,48,12,12,,,5
,15,Mantle of Vivification,Mantle of Vivification,Rare,59.86,Hellfire Peninsula,Turning the Tide,1,https://tbc.wowhead.com/item=25805,,40,18,,,,7
,,Chest,,,,,,,,,heal,int,spi,crit,haste,mp5,socket
,1,Skyshatter Chestguard,Skyshatter Chestguard,Epic,202.49,Black Temple,Illidan Stormrage,3,https://tbc.wowhead.com/item=31016,,119,32,,,,14,Blue,Blue,Yellow
,2,Vengeful Gladiator's Ringmail Armor,Vengeful Gladiator's Ringmail Armor,Epic,190.20,Season 3,PvP,3,https://tbc.wowhead.com/item=33738,,79,30,,,,8,Red,Yellow,Yellow
,3,Cataclysm Chestguard,Cataclysm Chestguard,Epic,188.53,Tempest Keep,Kael'thas Sunstrider,2,https://tbc.wowhead.com/item=30164,,90,33,,,,12,Blue,Blue,Yellow
,4,Primal Mooncloth Robe,Primal Mooncloth Robe,Epic,179.25,Tailoring,Crafted,1,https://tbc.wowhead.com/item=21875,,121,20,20,,,10,Yellow,Blue
,5,Merciless Gladiator's Ringmail Armor,Merciless Gladiator's Ringmail Armor,Epic,174.70,Season 2,PvP,2,https://tbc.wowhead.com/item=32029,,70,26,,,,7,Red,Yellow,Yellow
,6,Garments of Temperance,Garments of Temperance,Epic,165.68,Black Temple,Gurtogg Bloodboil,3,https://tbc.wowhead.com/item=32340,,118,34,,,,20
,7,Golden Links of Restoration,Golden Links of Restoration,Epic,164.70,Hyjal Summit,Anetheron,3,https://tbc.wowhead.com/item=30887,,118,35,,,,19
,8,Gladiator's Ringmail Armor,Gladiator's Ringmail Armor,Epic,159.95,Season 1,PvP,1,https://tbc.wowhead.com/item=31396,,59,23,,,,7,Red,Yellow,Yellow
,9,Cyclone Hauberk,Cyclone Hauberk,Epic,153.45,Magtheridon's Lair,Magtheridon,1,https://tbc.wowhead.com/item=29029,,68,30,,,,10,Red,Yellow,Blue
,10,Windhawk Hauberk,Windhawk Hauberk,Epic,148.80,Leatherworking,Crafted,1,https://tbc.wowhead.com/item=29522,,74,29,29,,,,Blue,Yellow,Blue
,11,Don Rodrigo's Poncho,Don Rodrigo's Poncho,Epic,134.12,Hyjal Summit,Azgalor,3,https://tbc.wowhead.com/item=30899,,118,31,52
,12,Gnarled Chestpiece of the Ancients,Gnarled Chestpiece of the Ancients,Epic,126.64,Serpentshrine Cavern,Morogrim Tidewalker,2,https://tbc.wowhead.com/item=30075,,110,32,34
,13,Hallowed Garments,Hallowed Garments,Rare,125.37,Shadow Labyrinth,Murmur,1,https://tbc.wowhead.com/item=28230,,57,26,26,,,,Red,Yellow,Blue
,14,Grand Marshal's Ringmail Chestguard,Grand Marshal's Ringmail Chestguard,Rare,124.78,,PvP,0,https://tbc.wowhead.com/item=31640,,31,22,,,,5,Red,Yellow,Yellow
,15,High Warlord's Ringmail Chestguard,High Warlord's Ringmail Chestguard,Rare,124.78,,PvP,0,https://tbc.wowhead.com/item=31646,,31,22,,,,5,Red,Yellow,Yellow
,,Wrist,,,,,,,,,heal,int,spi,crit,haste,mp5,socket
,1,Living Earth Bindings,Living Earth Bindings,Epic,129.84,Leatherworking,Crafted,3,https://tbc.wowhead.com/item=32577,,64,20,,,28
,2,Bracers of Renewed Life,Bracers of Renewed Life,Epic,129.84,Leatherworking,Crafted,3,https://tbc.wowhead.com/item=32582,,64,20,,,28
,3,Howling Wind Bracers,Howling Wind Bracers,Epic,97.92,Hyjal Summit,Rage Winterchill,3,https://tbc.wowhead.com/item=30869,,62,21,,,,8,Blue
,4,Vindicator's Ringmail Bracers,Vindicator's Ringmail Bracers,Epic,95.02,Season 3,PvP,3,https://tbc.wowhead.com/item=33906,,51,17,,,,,Yellow
,5,Ravager's Cuffs of Healing,Ravager's Cuffs of Healing,Epic,90.00,Karazhan,Rokad the Ravager,1,https://tbc.wowhead.com/item=30684/ravagers-cuffs,,90
,6,Rejuvenating Bracers,Rejuvenating Bracers,Epic,87.40,Hyjal Summit,Rage Winterchill,3,https://tbc.wowhead.com/item=30868,,64,20,28,,,,Blue
,7,Bracers of Martyrdom,Bracers of Martyrdom,Epic,87.40,Hyjal Summit,Rage Winterchill,3,https://tbc.wowhead.com/item=30871,,64,20,28,,,,Blue
,8,Windhawk Bracers,Windhawk Bracers,Epic,87.37,Leatherworking,Crafted,1,https://tbc.wowhead.com/item=29523,,47,17,7,,,,Yellow
,9,Blackfathom Warbands,Blackfathom Warbands,Epic,86.96,Serpentshrine Cavern,Hydross the Unstable,2,https://tbc.wowhead.com/item=30047,,62,23,,,,,Blue
,10,Veteran's Ringmail Bracers,Veteran's Ringmail Bracers,Epic,81.54,Season 2,PvP,2,https://tbc.wowhead.com/item=32997,,42,14,,,,,Yellow
,11,Wraps of Purification,Wraps of Purification,Epic,76.50,Serpentshrine Cavern,Hydross the Unstable,2,https://tbc.wowhead.com/item=32516,,53,25,,,,7
,12,Grove-Bands of Remulos,Grove-Bands of Remulos,Epic,75.28,Serpentshrine Cavern,The Lurker Below,2,https://tbc.wowhead.com/item=30062,,68,14,21
,13,Veteran's Mooncloth Cuffs,Veteran's Mooncloth Cuffs,Epic,74.17,Season 2,PvP,2,https://tbc.wowhead.com/item=32980,,46,16,,,,,Yellow
,14,Wristbands of Divine Influence,Wristbands of Divine Influence,Epic,72.92,Black Temple,Shade of Akama,3,https://tbc.wowhead.com/item=32513,,62,21,28
,15,Veteran's Kodohide Bracers,Veteran's Kodohide Bracers,Epic,71.36,Season 2,PvP,2,https://tbc.wowhead.com/item=32812,,31,18,,,,6,Red
,,Hands,,,,,,,,,heal,int,spi,crit,haste,mp5,socket
,1,Botanist's Gloves of Growth,Botanist's Gloves of Growth,Epic,201.03,Black Temple,Teron Gorefiend,3,https://tbc.wowhead.com/item=32328,,84,21,,,37,,Yellow,Blue
,2,Spiritwalker Gauntlets,Spiritwalker Gauntlets,Epic,171.30,Black Temple,Shade of Akama,3,https://tbc.wowhead.com/item=32275,,84,27,,,37
,3,Gloves of Unfailing Faith,Gloves of Unfailing Faith,Epic,143.66,Black Temple,Devourer of Souls,3,https://tbc.wowhead.com/item=32353,,75,33,,,,11,Red,Blue
,4,Worldstorm Gauntlets,Worldstorm Gauntlets,Epic,141.74,Tempest Keep,High Astromancer Solarian,2,https://tbc.wowhead.com/item=29976,,73,22,,,,9,Blue,Yellow
,5,Skyshatter Gloves,Skyshatter Gloves,Epic,131.28,Hyjal Summit,Azgalor,3,https://tbc.wowhead.com/item=31007,,86,39,,,,8,Blue
,6,Gloves of Centering,Gloves of Centering,Epic,116.40,Karazhan,Maiden of Virtue,1,https://tbc.wowhead.com/item=28520,,62,20,,,,6,Blue,Red
,7,Cataclysm Gloves,Cataclysm Gloves,Epic,116.09,Serpentshrine Cavern,Leotheras the Blind,2,https://tbc.wowhead.com/item=30165,,77,34,,,,6
,8,Mitts of the Treemender,Mitts of the Treemender,Epic,108.29,Karazhan,Maiden of Virtue,1,https://tbc.wowhead.com/item=28521,,64,22,14,,,,Blue,Yellow
,9,Vengeful Gladiator's Ringmail Gauntlets,Vengeful Gladiator's Ringmail Gauntlets,Epic,107.21,Season 3,PvP,3,https://tbc.wowhead.com/item=33739,,77,23
,10,Cyclone Gloves,Cyclone Gloves,Epic,97.56,,,1,https://tbc.wowhead.com/item=29032,,68,28,,,,10
,11,Merciless Gladiator's Ringmail Gauntlets,Merciless Gladiator's Ringmail Gauntlets,Epic,96.46,Season 2,PvP,2,https://tbc.wowhead.com/item=32030,,70,20
,12,Gloves of Saintly Blessings,Gloves of Saintly Blessings,Epic,88.00,Karazhan,Attumen the Huntsman,1,https://tbc.wowhead.com/item=28508,,40,25,25,,,,Red,Blue
,13,Gloves of the Living Touch,Gloves of the Living Touch,Epic,86.36,Leatherworking,Crafted,1,https://tbc.wowhead.com/item=29506,,77,18,22
,14,Bark-Gloves of Ancient Wisdom,Bark-Gloves of Ancient Wisdom,Epic,86.00,Tempest Keep,Trash,2,https://tbc.wowhead.com/item=30029,,73,25,33
,15,Gladiator's Ringmail Gauntlets,Gladiator's Ringmail Gauntlets,Epic,83.69,Season 1,PvP,1,https://tbc.wowhead.com/item=31397,,59,18
,,Waist,,,,,,,,,heal,int,spi,crit,haste,mp5,socket
,1,Angelista's Sash,Angelista's Sash,Epic,172.86,Hyjal Summit,Kaz'rogal,3,https://tbc.wowhead.com/item=30895,,84,30,,,37
,2,Naturalist's Preserving Cinch,Naturalist's Preserving Cinch,Epic,172.86,Black Temple,Supremus,3,https://tbc.wowhead.com/item=32258,,84,30,,,37
,3,Belt of Primal Majesty,Belt of Primal Majesty,Epic,172.34,Black Temple,Gurtogg Bloodboil,3,https://tbc.wowhead.com/item=32339,,84,29,,,37
,4,Girdle of Fallen Stars,Girdle of Fallen Stars,Epic,137.06,Tempest Keep,Trash,2,https://tbc.wowhead.com/item=30030,,73,18,,,,10,Yellow,Yellow
,5,Primal Mooncloth Belt,Primal Mooncloth Belt,Epic,132.09,Tailoring,Crafted,1,https://tbc.wowhead.com/item=21873,,81,12,11,,,8,Yellow,Blue
,6,Lurker's Cord of Healing,Lurker's Cord of Healing,Epic,121.00,Karazhan,Hyakiss the Lurker,1,https://tbc.wowhead.com/item=30675/lurkers-cord,,121
,7,Belt of Divine Guidance,Belt of Divine Guidance,Epic,118.33,Black Temple,High Nethermancer Zerevor,3,https://tbc.wowhead.com/item=32519,,73,24,32,,,,Yellow,Blue
,8,Windhawk Belt,Windhawk Belt,Epic,116.49,Leatherworking,Crafted,1,https://tbc.wowhead.com/item=29524,,65,19,20,,,,Blue,Yellow
,9,Belt of the Long Road,Belt of the Long Road,Epic,115.21,Tailoring,Crafted,2,https://tbc.wowhead.com/item=30036,,73,18,33,,,,Blue,Yellow
,10,Girdle of Zaetar,Girdle of Zaetar,Epic,110.96,Tempest Keep,Void Reaver,2,https://tbc.wowhead.com/item=29984,,73,23,24,,,,Blue,Blue
,11,Vindicator's Ringmail Girdle,Vindicator's Ringmail Girdle,Epic,102.77,Season 3,PvP,3,https://tbc.wowhead.com/item=33907,,66,30
,12,Flashfire Girdle,Flashfire Girdle,Epic,99.92,Black Temple,Shade of Akama,3,https://tbc.wowhead.com/item=32276,,,26,,,37
,13,Veteran's Kodohide Belt,Veteran's Kodohide Belt,Epic,94.04,Season 2,PvP,2,https://tbc.wowhead.com/item=32800,,68,27,,,,8
,14,Veteran's Ringmail Girdle,Veteran's Ringmail Girdle,Epic,92.02,Season 2,PvP,2,https://tbc.wowhead.com/item=32998,,59,27
,15,Cord of Nature's Sustenance,Cord of Nature's Sustenance,Epic,88.60,Karazhan,Terestian Illhoof,1,https://tbc.wowhead.com/item=28655,,64,30,16,,,6
,,Ring,,,,,,,,,heal,int,spi,crit,haste,mp5,socket
,1,Blessed Band of Karabor,Blessed Band of Karabor,Epic,151.80,Black Temple,Trash,3,https://tbc.wowhead.com/item=32528,,73,20,,,30,6
,2,Band of the Eternal Restorer,Band of the Eternal Restorer,Epic,121.00,Tanaris,Restorer's Covenant,3,https://tbc.wowhead.com/item=29309,,93,25,,,,10
,3,Ring of Calming Waves,Ring of Calming Waves,Epic,95.56,Black Temple,High Warlord Naj'entus,3,https://tbc.wowhead.com/item=32238,,64,27
,4,Band of Eternity (revered),Band of Eternity (revered),Epic,92.00,Tanaris,Restorer's Oath,3,https://tbc.wowhead.com/item=29308,,64,25,,,,10
,5,Ring of Flowing Light,Ring of Flowing Light,Epic,91.79,Hellfire Peninsula,Doom Lord Kazzak,1,https://tbc.wowhead.com/item=30736,,75
,6,Jade Ring of the Everliving,Jade Ring of the Everliving,Epic,86.00,Karazhan,Prince Malchezaar,1,https://tbc.wowhead.com/item=28763,,68,,,,,12
,7,Band of Eternity (honored),Band of Eternity (honored),Epic,84.46,Tanaris,Restorer's Vow,3,https://tbc.wowhead.com/item=29306,,59,23,,,,9
,8,Phoenix-Ring of Rebirth,Phoenix-Ring of Rebirth,Epic,82.48,Tempest Keep,Al'ar,2,https://tbc.wowhead.com/item=29920,,55,24,,,,10
,9,Coral Band of the Revived,Coral Band of the Revived,Epic,82.28,Serpentshrine Cavern,Lady Vashj,2,https://tbc.wowhead.com/item=30110,,75,14,27
,10,Naaru Lightwarden's Band,Naaru Lightwarden's Band,Epic,80.00,Magtheridon's Lair,The Fall of Magtheridon,1,https://tbc.wowhead.com/item=28790,,55,25,,,,8
,11,Band of Eternity (friendly),Band of Eternity (friendly),Epic,78.44,Tanaris,Restorer's Pledge,2,https://tbc.wowhead.com/item=29307,,55,22,,,,8
,12,Gift of the Talonpriests,Gift of the Talonpriests,Rare,72.24,Terokkar Forest,Terokk,1,https://tbc.wowhead.com/item=32535,,66,12
,13,Ring of Ancient Knowledge,Ring of Ancient Knowledge,Epic,71.78,Black Temple,Trash,3,https://tbc.wowhead.com/item=32527,,,20,,,31
,14,Vindicator's Band of Subjugation,Vindicator's Band of Subjugation,Epic,70.84,Season 3,PvP,3,https://tbc.wowhead.com/item=35320,,,22,,,30
,15,Ancestral Band,Ancestral Band,Rare,70.80,Thrallmar,Revered,1,https://tbc.wowhead.com/item=29168,,57,15,,,,4
,,Legs,,,,,,,,,heal,int,spi,crit,haste,mp5,socket
,1,Leggings of Eternity,Leggings of Eternity,Epic,203.76,Hyjal Summit,Archimonde,3,https://tbc.wowhead.com/item=30912,,121,38,,,,16,Blue,Blue,Blue
,2,Kilt of Immortal Nature,Kilt of Immortal Nature,Epic,200.69,Black Temple,Shade of Akama,3,https://tbc.wowhead.com/item=32271,,118,42,,,,10,Blue,Yellow,Blue
,3,Sun-touched Chain Leggings,Sun-touched Chain Leggings,Epic,194.41,Hyjal Summit,Kaz'rogal,3,https://tbc.wowhead.com/item=30893,,110,28,,,,16,Yellow,Blue,Blue
,4,Gilded Trousers of Benediction,Gilded Trousers of Benediction,Epic,190.17,Shadowmoon Valley,Doomwalker,1,https://tbc.wowhead.com/item=30727,,118,16,,,,12,Yellow,Blue,Blue
,5,Sunhawk Leggings,Sunhawk Leggings,Epic,189.47,Tempest Keep,Kael'thas Sunstrider,2,https://tbc.wowhead.com/item=29991,,108,31,,,,13,Blue,Blue,Yellow
,6,Skyshatter Leggings,Skyshatter Leggings,Epic,184.88,Black Temple,Illidari Council,3,https://tbc.wowhead.com/item=31019,,119,44,,,,14,Red
,7,Cataclysm Legguards,Cataclysm Legguards,Epic,155.44,Serpentshrine Cavern,Fathom-Lord Karathress,2,https://tbc.wowhead.com/item=30167,,103,47,,,,10,Blue
,8,Heart-Flame Leggings,Heart-Flame Leggings,Epic,153.01,Karazhan,Chess Event,1,https://tbc.wowhead.com/item=28751,,90,33,,,,,Blue,Blue,Yellow
,9,Vengeful Gladiator's Ringmail Leggings,Vengeful Gladiator's Ringmail Leggings,Epic,150.83,Season 3,PvP,3,https://tbc.wowhead.com/item=33741,,99,33,,,,9
,10,Whitemend Pants,Whitemend Pants,Epic,144.27,Tailoring,Crafted,1,https://tbc.wowhead.com/item=24261,,62,21,,,,11,Blue,Yellow,Red
,11,Earthsoul Leggings,Earthsoul Leggings,Epic,142.45,Karazhan,The Big Bad Wolf,1,https://tbc.wowhead.com/item=28591,,81,30,24,,,,Yellow,Blue,Blue
,12,Pontifex Kilt,Pontifex Kilt,Epic,135.93,Steamvault,Warlord Kalithresh,1,https://tbc.wowhead.com/item=30543,,66,29,27,,,,Red,Yellow,Blue
,13,Merciless Gladiator's Ringmail Leggings,Merciless Gladiator's Ringmail Leggings,Epic,135.33,Season 2,PvP,2,https://tbc.wowhead.com/item=32032,,90,29,,,,8
,14,Pantaloons of Repentance,Pantaloons of Repentance,Epic,133.68,Karazhan,Netherspite,1,https://tbc.wowhead.com/item=28742,,68,34,26,,,,Red,Blue,Blue
,15,Cyclone Kilt,Cyclone Kilt,Epic,132.30,Gruul's Lair,Gruul the Dragonkiller,1,https://tbc.wowhead.com/item=29030,,95,40,,,,11
,,Feet,,,,,,,,,heal,int,spi,crit,haste,mp5,socket
,1,Gold-Leaf Wildboots,Gold-Leaf Wildboots,Epic,128.73,Hellfire Peninsula,Doom Lord Kazzak,1,https://tbc.wowhead.com/item=30737,,86,19,18,,,,Yellow,Blue
,2,Glider's Foot-Wraps of Healing,Glider's Foot-Wraps of Healing,Epic,121.00,Karazhan,Shadikith the Glider,1,https://tbc.wowhead.com/item=30680/gliders-foot-wraps,,121
,3,Boots of the Divine Light,Boots of the Divine Light,Epic,118.33,Hyjal Summit,Trash,3,https://tbc.wowhead.com/item=32609,,73,24,24,,,,Yellow,Blue
,4,Stillwater Boots,Stillwater Boots,Epic,117.72,Hyjal Summit,Rage Winterchill,3,https://tbc.wowhead.com/item=30873,,84,36,,,,10
,5,Orca-Hide Boots,Orca-Hide Boots,Epic,113.04,Serpentshrine Cavern,Leotheras the Blind,2,https://tbc.wowhead.com/item=30092,,73,27,19,,,,Blue,Blue
,6,Soul-Strider Boots,Soul-Strider Boots,Epic,108.88,Serpentshrine Cavern,Fathom-Lord Karathress,2,https://tbc.wowhead.com/item=30100,,64,19,33,,,,Red,Blue
,7,Vindicator's Ringmail Sabatons,Vindicator's Ringmail Sabatons,Epic,102.77,Season 3,PvP,3,https://tbc.wowhead.com/item=33908,,66,30
,8,Boots of the Long Road,Boots of the Long Road,Epic,100.02,Tailoring,Crafted,2,https://tbc.wowhead.com/item=30035,,73,26,22,,,9
,9,Archbishop's Slippers,Archbishop's Slippers,Epic,99.60,Hyjal Summit,Anetheron,3,https://tbc.wowhead.com/item=30885,,84,30,37
,10,Enchanted Leather Sandals,Enchanted Leather Sandals,Epic,99.08,Hyjal Summit,Anetheron,3,https://tbc.wowhead.com/item=30886,,84,29,37
,11,Veteran's Kodohide Boots,Veteran's Kodohide Boots,Epic,95.52,Season 2,PvP,2,https://tbc.wowhead.com/item=32788,,70,26,,,,8
,12,Forestlord Striders,Forestlord Striders,Epic,95.04,Karazhan,Chess Event,1,https://tbc.wowhead.com/item=28752,,55,27,16,,,,Blue,Blue
,13,Veteran's Ringmail Sabatons,Veteran's Ringmail Sabatons,Epic,92.02,Season 2,PvP,2,https://tbc.wowhead.com/item=32999,,59,27
,14,Tempest-Strider Boots,Tempest-Strider Boots,Epic,88.52,Serpentshrine Cavern,The Lurker Below,2,https://tbc.wowhead.com/item=30066,,51,26,,,,16
,15,General's Kodohide Boots,General's Kodohide Boots,Epic,84.46,Season 1,PvP,1,https://tbc.wowhead.com/item=31595,,62,23,,,,7
,,Trinket,,,,,,,,,heal,int,spi,crit,haste,mp5,socket
,1,Memento of Tyrande,Memento of Tyrande,Epic,142.75,Black Temple,Illidan Stormrage,3,https://tbc.wowhead.com/item=32496,,118,,,,,16.5
,2,Essence of the Martyr,Essence of the Martyr,Epic,133.50,Badge of Justice,G'eras,1,https://tbc.wowhead.com/item=29376,,133.5
,3,Direbrew Hops,Direbrew Hops,Epic,133.50,,,3,https://tbc.wowhead.com/item=38288,,133.5
,4,Scarab of the Infinite Cycle,Scarab of the Infinite Cycle,Rare,129.40,Black Morass,Aeonus,1,https://tbc.wowhead.com/item=28190,,70,,,,30
,5,Eye of Gruul,Eye of Gruul,Epic,119.00,Gruul's Lair,Gruul the Dragonkiller,1,https://tbc.wowhead.com/item=28823,,44,,,,,50
,6,Eye of the Dead,Eye of the Dead,Epic,90.00,Naxxramas,Sapphiron,0,https://tbc.wowhead.com/item=23047,,90
,7,Oshu'gun Relic,Oshu'gun Relic,Uncommon,88.50,Nagrand,Gava'xi,1,https://tbc.wowhead.com/item=25634/oshugun-relic,,88.5
,8,Lower City Prayerbook,Lower City Prayerbook,Rare,86.50,Lower City,Revered,1,https://tbc.wowhead.com/item=30841,,70,,,,,11
,9,Rejuvenating Gem,Rejuvenating Gem,Epic,79.50,Blackwing Lair,,0,https://tbc.wowhead.com/item=19395/rejuvenating-gem,,66,,,,,9
,10,Quagmirran's Eye,Quagmirran's Eye,Rare,79.20,Slave Pens,Quagmirran,1,https://tbc.wowhead.com/item=27683,,,,,,40
,11,Darkmoon Card: Blue Dragon,Darkmoon Card: Blue Dragon,Epic,75.00,Darkmoon Faire,,0,https://tbc.wowhead.com/item=19288/darkmoon-card-blue-dragon,,,,,,,50
,12,Ribbon of Sacrifice,Ribbon of Sacrifice,Epic,73.00,Karazhan,The Big Bad Wolf,1,https://tbc.wowhead.com/item=28590,,73
,13,Xi'ri's Gift,Xi'ri's Gift,Rare,70.36,The Sha'tar,Revered,1,https://tbc.wowhead.com/item=29179,,47
,14,Warp-Scarab Brooch,Warp-Scarab Brooch,Rare,66.50,Mana-Tombs,Nexus-Prince Shaffar,1,https://tbc.wowhead.com/item=27828,,47,,,,,13
,15,Auslese's Light Channeler,Auslese's Light Channeler,Rare,59.00,Blood Furnace,Broggok,1,https://tbc.wowhead.com/item=24390,,59
,,One Hand,,,,,,,,,heal,int,spi,crit,haste,mp5,socket
,1,Crystal Spire of Karabor,Crystal Spire of Karabor,Epic,502.80,Black Temple,Illidan Stormrage,3,https://tbc.wowhead.com/item=32500,,486,15,,,,6
,2,Vengeful Gladiator's Salvation,Vengeful Gladiator's Salvation,Epic,475.96,Season 3,PvP,3,https://tbc.wowhead.com/item=33743,,464,23
,3,Hammer of Atonement,Hammer of Atonement,Epic,470.71,Hyjal Summit,Kaz'rogal,3,https://tbc.wowhead.com/item=30918,,443,21
,4,Lightfathom Scepter,Lightfathom Scepter,Epic,469.90,Serpentshrine Cavern,Lady Vashj,2,https://tbc.wowhead.com/item=30108,,443,20,,,,11
,5,Merciless Gladiator's Salvation,Merciless Gladiator's Salvation,Epic,433.92,Season 2,PvP,2,https://tbc.wowhead.com/item=32964,,423,21
,6,Light's Justice,Light's Justice,Epic,392.92,Karazhan,Prince Malchezaar,1,https://tbc.wowhead.com/item=28771,,382,21,20
,7,Gladiator's Salvation,Gladiator's Salvation,Epic,384.36,Season 1,PvP,1,https://tbc.wowhead.com/item=32451,,375,18
,8,Shard of the Virtuous,Shard of the Virtuous,Epic,367.40,Karazhan,Maiden of Virtue,1,https://tbc.wowhead.com/item=28522,,348,20,,,,6
,9,Hand of Eternity,Hand of Eternity,Epic,337.90,Blacksmithing,Crafted,1,https://tbc.wowhead.com/item=23556,,317,20,,,,7
,10,Shockwave Truncheon,Shockwave Truncheon,Epic,337.68,Shadow Labyrinth,Murmur,1,https://tbc.wowhead.com/item=29353,,317,,,,,6
,11,The Ancient Scepter of Sue-Min,The Ancient Scepter of Sue-Min,Epic,318.80,,World Drop,1,https://tbc.wowhead.com/item=31342,,299,15,,,,8
,12,Gavel of Pure Light,Gavel of Pure Light,Epic,317.24,The Sha'tar,Exalted,1,https://tbc.wowhead.com/item=29175,,299,12,,,,8
,13,Hammer of the Twisting Nether,Hammer of the Twisting Nether,Epic,255.72,Naxxramas,Kel'Thuzad,1,https://tbc.wowhead.com/item=23056,,238,11,,,,8
,14,Lightsworn Hammer,Lightsworn Hammer,Rare,244.72,Shattered Halls,Warchief Kargath Bladefist,1,https://tbc.wowhead.com/item=27538,,227,11,,,,8
,15,Hammer of the Penitent,Hammer of the Penitent,Rare,244.32,Mechanar,Mechano-Lord Capacitus,1,https://tbc.wowhead.com/item=28257,,227,16,13,,,6
,,Off Hand,,,,,,,,,heal,int,spi,crit,haste,mp5,socket
,1,Bastion of Light,Bastion of Light,Epic,98.56,Hyjal Summit,Anetheron,3,https://tbc.wowhead.com/item=30882,,62,28,,,,,Red
,2,Felstone Bulwark,Felstone Bulwark,Epic,94.63,Black Temple,Supremus,3,https://tbc.wowhead.com/item=32255,,64,21
,3,Touch of Inspiration,Touch of Inspiration,Epic,92.92,Black Temple,Devourer of Souls,3,https://tbc.wowhead.com/item=32350,,64,21,,,,12
,4,Scepter of Purification,Scepter of Purification,Epic,85.84,Hyjal Summit,Archimonde,3,https://tbc.wowhead.com/item=30911,,77,17,25
,5,Tears of Heaven,Tears of Heaven,Epic,84.00,Badge of Justice,G'eras,1,https://tbc.wowhead.com/item=29274,,75,,,,,6
,6,Talisman of the Sun King,Talisman of the Sun King,Epic,80.48,Tempest Keep,Al'ar,2,https://tbc.wowhead.com/item=29923,,59,24,,,,6
,7,Aegis of the Vindicator,Aegis of the Vindicator,Epic,80.42,Magtheridon's Lair,Magtheridon,1,https://tbc.wowhead.com/item=29458,,53,21,,,,11
,8,Aran's Soothing Sapphire,Aran's Soothing Sapphire,Epic,74.44,Karazhan,Shade of Aran,1,https://tbc.wowhead.com/item=28728,,51,22,,,,8
,9,Shield of Condemnation,Shield of Condemnation,Epic,73.20,Naxxramas,Kel'Thuzad,1,https://tbc.wowhead.com/item=22819,,59,10,,,,6
,10,Sapphiron's Right Eye,Sapphiron's Right Eye,Epic,73.20,Naxxramas,Sapphiron,1,https://tbc.wowhead.com/item=23048,,62,10,,,,4
,11,Windcaller's Orb,Windcaller's Orb,Epic,72.32,Cenarion Expedition,Exalted,1,https://tbc.wowhead.com/item=29170,,64,16,12
,12,Merciless Gladiator's Reprieve,Merciless Gladiator's Reprieve,Epic,71.88,Season 2,PvP,2,https://tbc.wowhead.com/item=32961,,62,19
,13,Merciless Gladiator's Redoubt,Merciless Gladiator's Redoubt,Epic,71.88,Season 2,PvP,2,https://tbc.wowhead.com/item=33309,,62,19
,14,Faol's Signet of Cleansing,Faol's Signet of Cleansing,Rare,69.50,Hellfire Ramparts,Omor the Unscarred,1,https://tbc.wowhead.com/item=27477,,59,,,,,7
,15,Light-Bearer's Faith Shield,Light-Bearer's Faith Shield,Epic,66.44,Badge of Justice,G'eras,1,https://tbc.wowhead.com/item=29267,,55,22
,,Two Hand,,,,,,,,,heal,int,spi,crit,haste,mp5,socket
,1,Apostle of Argus,Apostle of Argus,Epic,551.18,Hyjal Summit,Archimonde,3,https://tbc.wowhead.com/item=30908,,486,59,,,,23
,2,Staff of Immaculate Recovery,Staff of Immaculate Recovery,Epic,490.52,Black Temple,Gurtogg Bloodboil,3,https://tbc.wowhead.com/item=32344,,443,51,35,,,14
,3,Exodar Life-Staff,Exodar Life-Staff,Epic,454.53,World Boss,Doom Lord Kazzak,1,https://tbc.wowhead.com/item=30732,,364,34,,,,18,Blue,Blue,Yellow
,4,Ethereum Life-Staff,Ethereum Life-Staff,Epic,437.88,Tempest Keep,High Astromancer Solarian,2,https://tbc.wowhead.com/item=29981,,415,44,62
,5,Crystalheart Pulse-Staff,Crystalheart Pulse-Staff,Epic,432.00,Magtheridon's Lair,Magtheridon,1,https://tbc.wowhead.com/item=28782,,382,50,,,,16
,6,Nightstaff of the Everliving,Nightstaff of the Everliving,Epic,365.68,Karazhan,Nightbane,1,https://tbc.wowhead.com/item=28604,,348,34,55
,7,Seer's Cane,Seer's Cane,Rare,266.92,Quartermaster Enuril,,1,https://tbc.wowhead.com/item=29133,,228,46,,,,10
,8,Epoch-Mender,Epoch-Mender,Rare,263.20,Black Morass,Temporus,1,https://tbc.wowhead.com/item=28033,,227,35,,,,12
,9,Serpentcrest Life-Staff,Serpentcrest Life-Staff,Rare,241.04,The Steamvault,Mekgineer Steamrigger,1,https://tbc.wowhead.com/item=27791,,227,27,46
,10,Staff of the Redeemer,Staff of the Redeemer,Rare,232.40,,,1,https://tbc.wowhead.com/item=31038,,194,45,,,,10
,11,Ameer's Judgement,Ameer's Judgement,Rare,227.21,,Nexus-King Salhadaar,1,https://tbc.wowhead.com/item=30012,,194,40,27
,12,Staff of the Ashtongue Deathsworn,Staff of the Ashtongue Deathsworn,Rare,217.40,,,1,https://tbc.wowhead.com/item=31417,,194,45,25
,13,Severin's Cane,Severin's Cane,Rare,214.80,,Terokk's Downfall,1,https://tbc.wowhead.com/item=32830,,194,40
,14,Spire of Twilight,Spire of Twilight,Epic,212.76,Naxxramas,Thaddius,1,https://tbc.wowhead.com/item=22801,,178,38,,,,10
,15,Staff of Divine Infusion,Staff of Divine Infusion,Rare,205.96,,,1,https://tbc.wowhead.com/item=31289,,194,23,50
