Retribution Phase 3,,,Value Credit: Baranor's TBC Retribution DPS Spreadsheet https://docs.google.com/spreadsheets/d/1TFoIQ8MvBQUGJ2cz7MFxGAim3hUwxRRfxda9LuivssY/edit#gid=973000119
,,Item,,,EPV,If Hit  Capped,Location,Phase,,,Stats
,,Head,,,,,,,,,,ap,str,agi,hit,crit,haste,arp,exp,socket
,1,Cursed Vision of Sargeras,Cursed Vision of Sargeras,Epic,125.58,119.28,Black Temple,Illidan Stormrage,3,https://tbc.wowhead.com/item=32235,,108,,39,21,38,,,,Meta,Yellow
,2,Helm of the Illidari Shatterer,Helm of the Illidari Shatterer,Epic,113.85,103.65,Black Temple,High Nethermancer Zerevor,3,https://tbc.wowhead.com/item=32373,,,51,,34,42,,,,Meta,Yellow
,3,Forest Prowler's Helm,Forest Prowler's Helm,Epic,107.79,,Black Temple,High Nethermancer Zerevor,3,https://tbc.wowhead.com/item=32376,,100,,42,,20,,,,Red,Meta
,4,Furious Gizmatic Goggles,Furious Gizmatic Goggles,Epic,102.94,99.04,Engineering,Crafted,2,https://tbc.wowhead.com/item=32461,,,48,,13,38,,,,Meta,Blue
,5,Lightbringer War-Helm,Lightbringer War-Helm,Epic,99.64,,Hyjal Summit,Archimonde,3,https://tbc.wowhead.com/item=30989,,,61,,,23,,,,Yellow,Meta
,6,Crystalforge War-Helm,Crystalforge War-Helm,Epic,96.14,,Serpentshrine Cavern,Lady Vashj,2,https://tbc.wowhead.com/item=30131,,,56,24,,,,,,Red,Meta
,7,Vengeful Gladiator's Scaled Helm,Vengeful Gladiator's Scaled Helm,Epic,95.90,92.30,Season 3,PvP,3,https://tbc.wowhead.com/item=33751,,,47,,12,28,,,,Meta,Red
,8,Merciless Gladiator's Scaled Helm,Merciless Gladiator's Scaled Helm,Epic,89.26,,Season 2,PvP,2,https://tbc.wowhead.com/item=32041,,,51,,,18,,,,Meta,Red
,9,Justicar Crown,Justicar Crown,Epic,85.37,,Karazhan,Prince Malchezaar,1,https://tbc.wowhead.com/item=29073,,,43,22,,,,,,Red,Meta
,10,Mask of the Deceiver,Mask of the Deceiver,Epic,83.77,78.97,Badge of Justice,G'eras,1,https://tbc.wowhead.com/item=32087,,64,,32,16,,,,,Yellow,Meta
,11,Gladiator's Scaled Helm,Gladiator's Scaled Helm,Epic,83.63,,Season 1,PvP,1,https://tbc.wowhead.com/item=27881,,,45,,,16,,,,Meta,Red
,12,Helm of the Claw,Helm of the Claw,Rare,79.70,75.50,Zangarmarsh,The Warlord's Hideout,1,https://tbc.wowhead.com/item=28182,,66,,25,14,,,,,Yellow,Meta
,13,Cowl of Beastly Rage,Cowl of Beastly Rage,Epic,77.36,,Badge of Justice,G'eras,1,https://tbc.wowhead.com/item=32088,,,29,26,,,,,,Yellow,Meta
,14,Wastewalker Helm,Wastewalker Helm,Rare,76.48,71.08,Old Hillsbrad Foothills,Epoch Hunter,1,https://tbc.wowhead.com/item=28224,,56,,,18,22,,,,Blue,Meta
,15,Helm of Assassination,Helm of Assassination,Rare,75.93,,Arcatraz,Harbinger Skyriss,1,https://tbc.wowhead.com/item=28414,,66,,,,25,,,,Yellow,Meta
,,Neck,,,,,,,,,,ap,str,agi,hit,crit,haste,arp,exp,socket
,1,Choker of Endless Nightmares,Choker of Endless Nightmares,Epic,44.48,38.18,Black Temple,Supremus,3,https://tbc.wowhead.com/item=32260,,72,,,21,27
,2,Pendant of the Perilous,Pendant of the Perilous,Epic,37.43,,Serpentshrine Cavern,Trash,2,https://tbc.wowhead.com/item=30022,,,32,,,23
,3,Telonicus's Pendant of Mayhem,Telonicus's Pendant of Mayhem,Epic,37.10,,Tempest Keep,Kael'thas and the Verdant Sphere,2,https://tbc.wowhead.com/item=30017,,70,,27
,4,Vindicator's Pendant of Triumph,Vindicator's Pendant of Triumph,Epic,35.85,,Season 3,PvP,3,https://tbc.wowhead.com/item=33923,,50,,,,22,,,,Yellow
,5,Braided Eternium Chain (GROUP BUFF),Braided Eternium Chain (GROUP BUFF),Rare,35.31,29.01,Jewelcrafting,Crafted,1,https://tbc.wowhead.com/item=24114,,40,,,21,28
,6,Choker of Serrated Blades,Choker of Serrated Blades,Epic,34.15,,Hyjal Summit,Trash,3,https://tbc.wowhead.com/item=32591,,70,,,,,,175
,7,Haramad's Bargain,Haramad's Bargain,Epic,33.77,,The Consortium,Exalted,1,https://tbc.wowhead.com/item=29119,,,26,25
,8,Mithril Chain of Heroism,Mithril Chain of Heroism,Epic,33.50,,Karazhan,Chess Event,1,https://tbc.wowhead.com/item=28745,,,28,22
,9,Choker of Animalistic Fury,Choker of Animalistic Fury,Epic,33.33,,Serpentshrine Cavern,The Lurker Below,2,https://tbc.wowhead.com/item=30059,,64,,,,23
,10,Veteran's Pendant of Triumph,Veteran's Pendant of Triumph,Epic,31.01,,Season 2,PvP,2,https://tbc.wowhead.com/item=33066,,42,,,,18,,,,Yellow
,11,Choker of Vile Intent,Choker of Vile Intent,Epic,29.88,24.48,Badge of Justice,G'eras,1,https://tbc.wowhead.com/item=29381,,42,,20,18
,12,Amulet of Bitter Hatred,Amulet of Bitter Hatred,Epic,29.88,24.48,Slave Pens,Ahune,3,https://tbc.wowhead.com/item=35507,,42,,20,18
,13,Worgen Claw Necklace,Worgen Claw Necklace,Epic,29.58,24.48,Karazhan,Attumen the Huntsman,1,https://tbc.wowhead.com/item=28509,,42,,20,17
,14,Necklace of Trophies,Necklace of Trophies,Rare,29.19,24.99,,World Drop,1,https://tbc.wowhead.com/item=31275,,,22,15,14
,15,Adamantine Chain of the Unbroken,Adamantine Chain of the Unbroken,Epic,28.37,,Slave Pens,Quagmirran,1,https://tbc.wowhead.com/item=29349,,34,,,,30
,,Shoulders,,,,,,,,,,ap,str,agi,hit,crit,haste,arp,exp,socket
,1,Shoulderpads of the Stranger,Shoulderpads of the Stranger,Epic,69.08,,Serpentshrine Cavern,Hydross the Unstable,2,https://tbc.wowhead.com/item=30055,,60,,33,,16,,,10,Red
,2,Swiftstrike Shoulders,Swiftstrike Shoulders,Epic,69.02,,Leatherworking,Crafted,3,https://tbc.wowhead.com/item=32581,,74,,29,,,38
,3,Swiftsteel Shoulders,Swiftsteel Shoulders,Epic,67.62,61.92,Blacksmithing,Crafted,3,https://tbc.wowhead.com/item=32570,,,47,,19,,35
,4,Shoulders of Lightning Reflexes,Shoulders of Lightning Reflexes,Epic,67.08,,Leatherworking,Crafted,3,https://tbc.wowhead.com/item=32575,,74,,27,,,37
,5,Lightbringer Shoulderbraces,Lightbringer Shoulderbraces,Epic,63.11,,Black Temple,Mother Shahraz,3,https://tbc.wowhead.com/item=30997,,,50,,,19,,,,Yellow,Yellow
,6,Shoulders of the Hidden Predator,Shoulders of the Hidden Predator,Epic,60.94,,Black Temple,Shade of Akama,3,https://tbc.wowhead.com/item=32264,,76,,38,,26
,7,Blood-stained Pauldrons,Blood-stained Pauldrons,Epic,60.81,53.91,Hyjal Summit,Rage Winterchill,3,https://tbc.wowhead.com/item=30866,,,47,,23,32
,8,Ripfiend Shoulderplates,Ripfiend Shoulderplates,Epic,60.68,56.78,Hellfire Peninsula,Doom Lord Kazzak,1,https://tbc.wowhead.com/item=30740,,,39,,13,22,,,,Yellow,Yellow
,9,Pauldrons of the Wardancer,Pauldrons of the Wardancer,Epic,60.24,,Serpentshrine Cavern,Hydross the Unstable,2,https://tbc.wowhead.com/item=30053,,,38,,,29,,,,Red,Blue
,10,Crystalforge Shoulderbraces,Crystalforge Shoulderbraces,Epic,57.61,,Tempest Keep,Void Reaver,2,https://tbc.wowhead.com/item=30133,,,45,,,16,,,,Yellow,Yellow
,11,Mantle of Darkness,Mantle of Darkness,Epic,55.09,48.49,Black Temple,High Warlord Naj'entus,3,https://tbc.wowhead.com/item=32377,,94,,,22,33
,12,Vengeful Gladiator's Scaled Shoulders,Vengeful Gladiator's Scaled Shoulders,Epic,54.75,,Season 3,PvP,3,https://tbc.wowhead.com/item=33753,,,33,,,26,,,,Red,Yellow
,13,Justicar Shoulderplates,Justicar Shoulderplates,Epic,53.74,48.94,Gruul's Lair,High King Maulgar,1,https://tbc.wowhead.com/item=29075,,,36,13,16,,,,,Yellow,Red
,14,Razorfury Mantle,Razorfury Mantle,Epic,53.31,,Hyjal Summit,Kaz'rogal,3,https://tbc.wowhead.com/item=30917,,76,,28,,23
,15,Merciless Gladiator's Scaled Shoulders,Merciless Gladiator's Scaled Shoulders,Epic,52.16,,Season 2,PvP,2,https://tbc.wowhead.com/item=32043,,,36,,,18,,,,Red,Yellow
,,Back,,,,,,,,,,ap,str,agi,hit,crit,haste,arp,exp,socket
,1,Shadowmoon Destroyer's Drape,Shadowmoon Destroyer's Drape,Epic,41.48,36.38,Black Temple,Teron Gorefiend,3,https://tbc.wowhead.com/item=32323,,72,,,17,24
,2,Cloak of Darkness (melee),Cloak of Darkness (melee),Epic,38.77,,Tailoring,Crafted,3,https://tbc.wowhead.com/item=33122,,,23,,,24,,,,Blue
,3,Razor-Scale Battlecloak,Razor-Scale Battlecloak,Epic,37.78,,Serpentshrine Cavern,Morogrim Tidewalker,2,https://tbc.wowhead.com/item=30098,,,33,23
,4,Thalassian Wildercloak,Thalassian Wildercloak,Epic,37.08,,Tempest Keep,Kael'thas Sunstrider,2,https://tbc.wowhead.com/item=29994,,68,,28
,5,Vengeance Wrap,Vengeance Wrap,Epic,37.06,,Tailoring,Crafted,1,https://tbc.wowhead.com/item=24259,,52,,,,23,,,,Red
,6,Black-Iron Battlecloak,Black-Iron Battlecloak,Epic,36.31,,Shadowmoon Valley,Doomwalker,1,https://tbc.wowhead.com/item=30729,,60,,,,30
,7,Cloak of the Pit Stalker,Cloak of the Pit Stalker,Epic,31.49,,Magtheridon's Lair,Magtheridon,1,https://tbc.wowhead.com/item=28777,,56,,,,24
,8,Drape of the Dark Reavers,Drape of the Dark Reavers,Epic,29.47,24.37,Karazhan,Shade of Aran,1,https://tbc.wowhead.com/item=28672,,34,,24,17
,9,Crystalweave Cape,Crystalweave Cape,Rare,28.95,,Tailoring,Crafted,3,https://tbc.wowhead.com/item=32665,,,,15,,,26
,10,Blood Knight War Cloak,Blood Knight War Cloak,Epic,28.06,,Badge of Justice,G'eras,1,https://tbc.wowhead.com/item=29382,,48,,23
,11,The Frost Lord's War Cloak,The Frost Lord's War Cloak,Epic,28.06,,Slave Pens,Ahune,3,https://tbc.wowhead.com/item=35495,,48,,23
,12,Capacitus' Cloak of Calibration,Capacitus' Cloak of Calibration,Rare,26.74,,The Mechanar,,1,https://tbc.wowhead.com/item=28249,,,22,18
,13,Netherfury Cape,Netherfury Cape,Rare,26.63,,Botanica,Warp Splinter,1,https://tbc.wowhead.com/item=28371,,,19,,,21
,14,Terokk's Might,Terokk's Might,Epic,26.42,,Terokkar Forest,Terokk,1,https://tbc.wowhead.com/item=32540,,56,,16
,15,Shroud of Frenzy,Shroud of Frenzy,Rare,25.11,,,World Drop,1,https://tbc.wowhead.com/item=31143,,,21,,,16
,,Chest,,,,,,,,,,ap,str,agi,hit,crit,haste,arp,exp,socket
,1,Midnight Chestguard,Midnight Chestguard,Epic,90.81,82.11,Hyjal Summit,Archimonde,3,https://tbc.wowhead.com/item=30905,,106,,,29,46,,,,Blue,Red,Yellow
,2,Lightbringer Breastplate,Lightbringer Breastplate,Epic,88.42,82.12,Black Temple,Illidan Stormrage,3,https://tbc.wowhead.com/item=30990,,,56,,21,31,,,,Red,Yellow,Blue
,3,Crystalforge Breastplate,Crystalforge Breastplate,Epic,83.02,76.12,Tempest Keep,Kael'thas Sunstrider,2,https://tbc.wowhead.com/item=30129,,,56,,23,21,,,,Red,Yellow,Yellow
,4,Heartshatter Breastplate,Heartshatter Breastplate,Epic,81.93,72.93,Black Temple,Mother Shahraz,3,https://tbc.wowhead.com/item=32365,,,63,,30,44
,5,Bloodsea Brigand's Vest,Bloodsea Brigand's Vest,Epic,79.94,71.84,Serpentshrine Cavern,Fathom-Lord Karathress,2,https://tbc.wowhead.com/item=30101,,92,,,27,36,,,,Yellow,Yellow,Blue
,6,Nether Shadow Tunic,Nether Shadow Tunic,Epic,79.89,69.39,Black Temple,Supremus,3,https://tbc.wowhead.com/item=32252,,86,,36,35,,,,,Red,Yellow,Blue
,7,Krakken-Heart Breastplate,Krakken-Heart Breastplate,Epic,79.12,70.12,Serpentshrine Cavern,Lady Vashj,2,https://tbc.wowhead.com/item=30102,,,61,43,30
,8,Mail of Fevered Pursuit,Mail of Fevered Pursuit,Epic,78.92,,Hyjal Summit,Archimonde,3,https://tbc.wowhead.com/item=30907,,108,,49,,29
,9,Ranger-General's Chestguard,Ranger-General's Chestguard,Epic,78.40,,Serpentshrine Cavern,Hydross the Unstable,2,https://tbc.wowhead.com/item=30054,,88,,36,,14,,,,Blue,Red,Yellow
,10,Vengeful Gladiator's Scaled Chestpiece,Vengeful Gladiator's Scaled Chestpiece,Epic,77.64,74.04,Season 3,PvP,3,https://tbc.wowhead.com/item=33749,,,41,,12,36,,,,Red,Red,Yellow
,11,Bulwark of Kings,Bulwark of Kings,Epic,77.11,70.21,Blacksmithing,Crafted,1,https://tbc.wowhead.com/item=28484,,,35,,23,37,,,,Blue,Yellow,Yellow
,12,Terrorweave Tunic,Terrorweave Tunic,Epic,72.76,66.46,Shadowmoon Valley,Doomwalker,1,https://tbc.wowhead.com/item=30730,,96,,,21,25,,,,Red,Yellow,Yellow
,13,Shadowprowler's Chestguard,Shadowprowler's Chestguard,Epic,71.51,69.11,Leatherworking,Crafted,3,https://tbc.wowhead.com/item=33204,,,32,40,8,,,,,Red,Blue,Yellow
,14,Merciless Gladiator's Scaled Chestpiece,Merciless Gladiator's Scaled Chestpiece,Epic,69.80,,Season 2,PvP,2,https://tbc.wowhead.com/item=32039,,,45,,,24,,,,Red,Red,Yellow
,15,Breastplate of Kings,Breastplate of Kings,Epic,69.65,63.65,Blacksmithing,Crafted,1,https://tbc.wowhead.com/item=28483,,,31,,20,31,,,,Blue,Yellow,Yellow
,,Wrist,,,,,,,,,,ap,str,agi,hit,crit,haste,arp,exp,socket
,1,Bindings of Lightning Reflexes,Bindings of Lightning Reflexes,Epic,50.32,,Leatherworking,Crafted,3,https://tbc.wowhead.com/item=32574,,56,,21,,,27
,2,Swiftstrike Bracers,Swiftstrike Bracers,Epic,47.90,,Leatherworking,Crafted,3,https://tbc.wowhead.com/item=32580,,50,,20,,,27
,3,Swiftsteel Bracers,Swiftsteel Bracers,Epic,46.84,,Blacksmithing,Crafted,3,https://tbc.wowhead.com/item=32568,,,35,,,,27
,4,Deadly Cuffs,Deadly Cuffs,Epic,45.49,41.89,Hyjal Summit,Rage Winterchill,3,https://tbc.wowhead.com/item=30863,,58,,,12,28,,,,Yellow
,5,Bracers of Eradication,Bracers of Eradication,Epic,45.35,40.25,Serpentshrine Cavern,The Lurker Below,2,https://tbc.wowhead.com/item=30057,,,25,,17,24,,,,Blue
,6,Insidious Bands,Insidious Bands,Epic,45.01,41.41,Black Temple,Teron Gorefiend,3,https://tbc.wowhead.com/item=32324,,58,,28,12,,,,,Yellow
,7,Furious Shackles,Furious Shackles,Epic,44.64,,Hyjal Summit,Rage Winterchill,3,https://tbc.wowhead.com/item=30861,,,35,,,19,,,,Yellow
,8,Bladespire Warbands,Bladespire Warbands,Epic,43.94,,Gruul's Lair,High King Maulgar,1,https://tbc.wowhead.com/item=28795,,,20,,,24,,,,Blue,Red
,9,Wraps of Precise Flight,Wraps of Precise Flight,Epic,39.59,,Black Temple,Supremus,3,https://tbc.wowhead.com/item=32251,,58,,18,,19
,10,Vindicator's Plate Bracers,Vindicator's Plate Bracers,Epic,38.45,,Season 3,PvP,3,https://tbc.wowhead.com/item=33813,,,25,,,21,,,,Yellow
,11,Vindicator's Scaled Bracers,Vindicator's Scaled Bracers,Epic,37.81,,Season 3,PvP,3,https://tbc.wowhead.com/item=33910,,,29,,,15,,,,Yellow
,12,Vambraces of Ending,Vambraces of Ending,Epic,37.25,,Tempest Keep,High Astromancer Solarian,2,https://tbc.wowhead.com/item=29966,,52,,24,,,,,,Blue
,13,True-Aim Stalker Bands,True-Aim Stalker Bands,Epic,37.05,,Serpentshrine Cavern,Leotheras the Blind,2,https://tbc.wowhead.com/item=30091,,50,,,,24,,,,Yellow
,14,Bracers of the Pathfinder,Bracers of the Pathfinder,Epic,36.61,,Hyjal Summit,Rage Winterchill,3,https://tbc.wowhead.com/item=30864,,48,,25,,,,,,Blue
,15,Ravager's Wrist-Wraps of the Tiger,Ravager's Wrist-Wraps of the Tiger,Epic,35.68,,Karazhan,Rokad the Ravager,1,https://tbc.wowhead.com/item=30685/ravagers-wrist-wraps,,,27,27
,,Hands,,,,,,,,,,ap,str,agi,hit,crit,haste,arp,exp,socket
,1,Grips of Damnation,Grips of Damnation,Epic,67.69,,Black Temple,Devourer of Souls,3,https://tbc.wowhead.com/item=32347,,76,,27,,,37
,2,Fists of Mukoa,Fists of Mukoa,Epic,66.52,,Black Temple,High Warlord Naj'entus,3,https://tbc.wowhead.com/item=32234,,76,,25,,,37
,3,Gloves of the Searing Grip,Gloves of the Searing Grip,Epic,65.57,,Tempest Keep,Al'ar,2,https://tbc.wowhead.com/item=29947,,66,,33,,,,,18
,4,Pillager's Gauntlets,Pillager's Gauntlets,Epic,63.00,57.60,Black Temple,Trash,3,https://tbc.wowhead.com/item=32608,,,38,,18,,38
,5,Grips of Silent Justice,Grips of Silent Justice,Epic,61.60,57.10,Black Temple,Shade of Akama,3,https://tbc.wowhead.com/item=32278,,,40,,15,,,175,,Red,Red
,6,Grips of Deftness,Grips of Deftness,Epic,57.04,,Karazhan,Trash,1,https://tbc.wowhead.com/item=30644,,60,,29,,,,,15
,7,Lightbringer Gauntlets,Lightbringer Gauntlets,Epic,56.46,,Hyjal Summit,Azgalor,3,https://tbc.wowhead.com/item=30982,,,51,,,19,,,,Yellow
,8,Gauntlets of Martial Perfection,Gauntlets of Martial Perfection,Epic,55.16,,Gruul's Lair,Gruul the Dragonkiller,1,https://tbc.wowhead.com/item=28824,,,36,,,23,,,,Blue,Yellow
,9,Liar's Tongue Gloves,Liar's Tongue Gloves,Epic,52.35,,Magtheridon's Lair,Magtheridon,1,https://tbc.wowhead.com/item=28776,,72,,,,26,,,,Blue,Blue
,10,Flesh Handler's Gauntlets,Flesh Handler's Gauntlets,Uncommon,49.39,,Netherstorm,Flesh Handler's Gauntlets,0,https://tbc.wowhead.com/item=30341,,,18,17,,,,,18
,11,Gloves of Dexterous Manipulation,Gloves of Dexterous Manipulation,Epic,47.99,,Karazhan,Attumen the Huntsman,1,https://tbc.wowhead.com/item=28506,,42,,35,,,,,,Red,Blue
,12,Crystalforge Gauntlets,Crystalforge Gauntlets,Epic,47.07,,Serpentshrine Cavern,Leotheras the Blind,2,https://tbc.wowhead.com/item=30130,,,44,25
,13,Fel Leather Gloves,Fel Leather Gloves,Rare,45.26,40.16,Leatherworking,Crafted,1,https://tbc.wowhead.com/item=25685,,36,,,17,24,,,,Yellow,Red
,14,Vengeful Gladiator's Scaled Gauntlets,Vengeful Gladiator's Scaled Gauntlets,Epic,45.14,,Season 3,PvP,3,https://tbc.wowhead.com/item=33750,,,40,,,26
,15,Doomplate Gauntlets,Doomplate Gauntlets,Rare,45.06,,Blood Furnace,Keli'dan the Breaker,1,https://tbc.wowhead.com/item=27497,,,31,,,,,,,Yellow,Yellow,Blue
,,Waist,,,,,,,,,,ap,str,agi,hit,crit,haste,arp,exp,socket
,1,Belt of One-Hundred Deaths,Belt of One-Hundred Deaths,Epic,90.64,,Serpentshrine Cavern,Lady Vashj,2,https://tbc.wowhead.com/item=30106,,74,,29,,,,,25,Red,Blue
,2,Shadow-walker's Cord,Shadow-walker's Cord,Epic,67.69,,Black Temple,Shade of Akama,3,https://tbc.wowhead.com/item=32265,,76,,27,,,37
,3,Valestalker Girdle,Valestalker Girdle,Epic,66.91,,Hyjal Summit,Kaz'rogal,3,https://tbc.wowhead.com/item=30919,,76,,27,,,36
,4,Don Alejandro's Money Belt,Don Alejandro's Money Belt,Epic,66.27,,Hyjal Summit,Anetheron,3,https://tbc.wowhead.com/item=30879,,76,,29,,19,,,,Red,Yellow
,5,Belt of Seething Fury,Belt of Seething Fury,Epic,64.99,,Hyjal Summit,Kaz'rogal,3,https://tbc.wowhead.com/item=30915,,,48,,,,38
,6,Boneweave Girdle,Boneweave Girdle,Epic,64.84,59.74,Black Temple,Devourer of Souls,3,https://tbc.wowhead.com/item=32346,,76,,38,17,24
,7,Red Belt of Battle,Red Belt of Battle,Epic,63.66,59.46,Blacksmithing,Crafted,2,https://tbc.wowhead.com/item=30032,,,41,,14,24,,,,Blue,Yellow
,8,Girdle of the Lightbearer,Girdle of the Lightbearer,Epic,61.06,,Black Temple,Trash,3,https://tbc.wowhead.com/item=32606,,,49,,,,32
,9,Belt of Deep Shadow,Belt of Deep Shadow,Epic,58.97,53.57,Leatherworking,Crafted,2,https://tbc.wowhead.com/item=30040,,66,,32,18,,,,,Blue,Blue
,10,Girdle of the Endless Pit,Girdle of the Endless Pit,Epic,56.68,,Magtheridon's Lair,Magtheridon,1,https://tbc.wowhead.com/item=28779,,,34,,,28,,,,Red,Blue
,11,Belt of the Black Eagle,Belt of the Black Eagle,Epic,55.03,,Leatherworking,Crafted,2,https://tbc.wowhead.com/item=30046,,66,,17,,17,,,,Blue,Yellow
,12,Gronn-Stitched Girdle,Gronn-Stitched Girdle,Epic,51.75,,Gruul's Lair,Gruul the Dragonkiller,1,https://tbc.wowhead.com/item=28828,,72,,,,25,,,,Blue,Yellow
,13,Lurker's Grasp of the Tiger,Lurker's Grasp of the Tiger,Epic,48.89,,Karazhan,Hyakiss the Lurker,1,https://tbc.wowhead.com/item=30676/lurkers-grasp,,,37,37
,14,Belt of Natural Power,Belt of Natural Power,Epic,47.85,,Leatherworking,Crafted,2,https://tbc.wowhead.com/item=30042,,,29,20,,,,,,Red,Red
,15,Vindicator's Plate Belt,Vindicator's Plate Belt,Epic,46.85,,Season 3,PvP,3,https://tbc.wowhead.com/item=33811,,,35,,,35
,,Ring,,,,,,,,,,ap,str,agi,hit,crit,haste,arp,exp,socket
,1,Unstoppable Aggressor's Ring,Unstoppable Aggressor's Ring,Epic,44.59,,Black Temple,Gurtogg Bloodboil,3,https://tbc.wowhead.com/item=32335,,,36,,,30
,2,Band of Devastation,Band of Devastation,Epic,44.24,,Black Temple,Trash,3,https://tbc.wowhead.com/item=32526,,66,,,,,31
,3,Shapeshifter's Signet,Shapeshifter's Signet,Epic,43.67,,Lower City,Exalted,1,https://tbc.wowhead.com/item=30834,,,,25,,,,,20
,4,Band of the Eternal Champion,Band of the Eternal Champion,Epic,43.46,,Tanaris,Champion's Covenant,3,https://tbc.wowhead.com/item=29301,,87,,29
,5,Band of the Ranger-General,Band of the Ranger-General,Epic,39.29,33.89,Tempest Keep,Kael'thas Sunstrider,2,https://tbc.wowhead.com/item=29997,,56,,,18,28
,6,Stormrage Signet Ring,Stormrage Signet Ring,Epic,38.35,29.35,Black Temple,Illidan Stormrage,3,https://tbc.wowhead.com/item=32497,,66,,,30,,,126
,7,Ancestral Ring of Conquest,Ancestral Ring of Conquest,Epic,35.88,,Serpentshrine Cavern,The Lurker Below,2,https://tbc.wowhead.com/item=30061,,,32,21
,8,Ring of Deceitful Intent,Ring of Deceitful Intent,Epic,35.64,29.94,Black Temple,Shade of Akama,3,https://tbc.wowhead.com/item=32266,,58,,21,19
,9,Band of Eternity (revered),Band of Eternity (revered),Epic,35.22,,Tanaris,Champion's Oath,3,https://tbc.wowhead.com/item=29300,,60,,29
,10,Ring of Lethality,Ring of Lethality,Epic,34.95,29.25,Serpentshrine Cavern,Hydross the Unstable,2,https://tbc.wowhead.com/item=30052,,50,,24,19
,11,Ring of Reciprocity,Ring of Reciprocity,Epic,34.82,30.32,Hellfire Peninsula,Doom Lord Kazzak,1,https://tbc.wowhead.com/item=30738,,62,,,15,19
,12,Vindicator's Band of Triumph,Vindicator's Band of Triumph,Epic,33.12,,Season 3,PvP,3,https://tbc.wowhead.com/item=33919,,44,,,,26,,56
,13,Ring of a Thousand Marks,Ring of a Thousand Marks,Epic,32.93,27.23,Karazhan,Prince Malchezaar,1,https://tbc.wowhead.com/item=28757,,44,,,19,23
,14,Band of Eternity (honored),Band of Eternity (honored),Epic,32.83,,Tanaris,Champion's Vow,3,https://tbc.wowhead.com/item=29299,,56,,27
,15,Mithril Band of the Unscarred,Mithril Band of the Unscarred,Epic,32.40,,Karazhan,Netherspite,1,https://tbc.wowhead.com/item=28730,,,26,,,22
,,Legs,,,,,,,,,,ap,str,agi,hit,crit,haste,arp,exp,socket
,1,Bow-stitched Leggings,Bow-stitched Leggings,Epic,89.16,,Hyjal Summit,Azgalor,3,https://tbc.wowhead.com/item=30900,,100,,42,,20,,,,Red,Yellow,Blue
,2,Legguards of Endless Rage,Legguards of Endless Rage,Epic,85.00,79.30,Hyjal Summit,Archimonde,3,https://tbc.wowhead.com/item=30903,,,70,,19,46
,3,Leggings of Divine Retribution,Leggings of Divine Retribution,Epic,84.22,,Black Temple,Gurtogg Bloodboil,3,https://tbc.wowhead.com/item=32341,,,51,,,35,,350
,4,Lightbringer Greaves,Lightbringer Greaves,Epic,80.41,,Black Temple,Illidari Council,3,https://tbc.wowhead.com/item=30993,,,68,,,38,,,,Red
,5,Greaves of the Bloodwarder,Greaves of the Bloodwarder,Epic,76.95,,Tempest Keep,High Astromancer Solarian,2,https://tbc.wowhead.com/item=29950,,,49,,,31,,,,Red,Yellow,Blue
,6,Leggings of Murderous Intent,Leggings of Murderous Intent,Epic,76.50,,Tempest Keep,Kael'thas Sunstrider,2,https://tbc.wowhead.com/item=29995,,92,,45,,37
,7,Shady Dealer's Pantaloons,Shady Dealer's Pantaloons,Epic,73.05,,Hyjal Summit,Azgalor,3,https://tbc.wowhead.com/item=30898,,102,,50,,,,175
,8,Crystalforge Greaves,Crystalforge Greaves,Epic,73.00,66.70,Serpentshrine Cavern,Fathom-Lord Karathress,2,https://tbc.wowhead.com/item=30132,,,59,27,21,,,,,Yellow
,9,Shattrath Leggings,Shattrath Leggings,Rare,72.43,,Netherstorm,Special Delivery to Shattrath City,1,https://tbc.wowhead.com/item=30257,,,35,25,,,,,22
,10,Scaled Greaves of the Marksman,Scaled Greaves of the Marksman,Epic,71.72,66.92,Hellfire Peninsula,Doom Lord Kazzak,1,https://tbc.wowhead.com/item=30739,,76,,37,16,,,,,Red,Red,Red
,11,Clefthoof Hide Leggings,Clefthoof Hide Leggings,Rare,70.93,65.83,Blade's Edge Mountains,Showdown,1,https://tbc.wowhead.com/item=31544,,,30,30,17,,,,18
,12,Void Reaver Greaves,Void Reaver Greaves,Epic,70.59,,Tempest Keep,Void Reaver,2,https://tbc.wowhead.com/item=29985,,88,,37,,,,,,Red,Yellow,Blue
,13,Skulker's Greaves,Skulker's Greaves,Epic,68.75,60.35,Karazhan,Netherspite,1,https://tbc.wowhead.com/item=28741,,64,,32,28,,,,,Red,Red,Blue
,14,Vengeful Gladiator's Scaled Legguards,Vengeful Gladiator's Scaled Legguards,Epic,65.08,61.48,Season 3,PvP,3,https://tbc.wowhead.com/item=33752,,,54,,12,36
,15,Midnight Legguards,Midnight Legguards,Epic,62.99,57.89,Slave Pens,Quagmirran,1,https://tbc.wowhead.com/item=30538,,64,,,17,27,,,,Red,Red,Blue
,,Feet,,,,,,,,,,ap,str,agi,hit,crit,haste,arp,exp,socket
,1,Dreadboots of the Legion,Dreadboots of the Legion,Epic,66.24,60.84,Black Temple,Devourer of Souls,3,https://tbc.wowhead.com/item=32345,,,38,,18,30,,,,Yellow,Yellow
,2,Shadowmaster's Boots,Shadowmaster's Boots,Epic,65.65,,Black Temple,Mother Shahraz,3,https://tbc.wowhead.com/item=32366,,76,,30,,17,,,,Red,Yellow
,3,Softstep Boots of Tracking,Softstep Boots of Tracking,Epic,59.63,54.53,Black Temple,Teron Gorefiend,3,https://tbc.wowhead.com/item=32510,,76,,27,17,26
,4,Star-Strider Boots,Star-Strider Boots,Epic,54.15,,Tempest Keep,High Astromancer Solarian,2,https://tbc.wowhead.com/item=29951,,66,,33,,,,,,Blue,Blue
,5,Cobra-Lash Boots,Cobra-Lash Boots,Epic,54.15,,Serpentshrine Cavern,Lady Vashj,2,https://tbc.wowhead.com/item=30104,,66,,33,,,,,,Blue,Red
,6,Quickstrider Moccasins,Quickstrider Moccasins,Epic,53.30,48.80,Hyjal Summit,Anetheron,3,https://tbc.wowhead.com/item=30880,,58,,28,15,,,,,Red,Yellow
,7,Warboots of Obliteration,Warboots of Obliteration,Epic,51.10,,Serpentshrine Cavern,Morogrim Tidewalker,2,https://tbc.wowhead.com/item=30081,,,44,,,31
,8,Ironstriders of Urgency,Ironstriders of Urgency,Epic,50.81,,Karazhan,Nightbane,1,https://tbc.wowhead.com/item=28608,,,33,20,,,,,,Red,Yellow
,9,Edgewalker Longboots,Edgewalker Longboots,Epic,49.01,45.11,Karazhan,Moroes,1,https://tbc.wowhead.com/item=28545,,44,,29,13,,,,,Red,Yellow
,10,Glider's Boots of the Tiger,Glider's Boots of the Tiger,Epic,48.89,,Karazhan,Shadikith the Glider,1,https://tbc.wowhead.com/item=30681/gliders-boots,,,37,37
,11,Vortex Walking Boots,Vortex Walking Boots,Epic,46.85,,Ogri'la,Exalted,3,https://tbc.wowhead.com/item=32648,,,28,,,19,,,,Yellow,Blue
,12,Vindicator's Plate Greaves,Vindicator's Plate Greaves,Epic,46.85,,Season 3,PvP,3,https://tbc.wowhead.com/item=33812,,,35,,,35
,13,Treads of the Den Mother,Treads of the Den Mother,Epic,46.72,,Black Temple,Trash,3,https://tbc.wowhead.com/item=32593,,,38,32
,14,Boots of Utter Darkness,Boots of Utter Darkness,Epic,46.24,39.34,Leatherworking,Crafted,2,https://tbc.wowhead.com/item=30039,,66,,,23,32
,15,Vindicator's Scaled Greaves,Vindicator's Scaled Greaves,Epic,45.74,,Season 3,PvP,3,https://tbc.wowhead.com/item=33911,,,40,,,27
,,Trinket,,,,,,,,,,ap,str,agi,hit,crit,haste,arp,exp,socket
,1,Dragonspine Trophy,Dragonspine Trophy,Epic,113.24,,Gruul's Lair,Gruul the Dragonkiller,1,https://tbc.wowhead.com/item=28830,,40,,,,,130
,2,Darkmoon Card: Crusade,Darkmoon Card: Crusade,Epic,46.17,,Darkmoon Faire,,2,https://tbc.wowhead.com/item=31856,,120
,3,Mark of the Champion (undead/demon),Mark of the Champion (undead/demon),Epic,45.80,,Naxxramas,The Fall of Kel'Thuzad,1,https://tbc.wowhead.com/item=23206,,150
,4,Tsunami Talisman,Tsunami Talisman,Epic,44.67,41.67,Serpentshrine Cavern,Leotheras the Blind,2,https://tbc.wowhead.com/item=30627,,61.82,,,10,38
,5,Madness of the Betrayer,Madness of the Betrayer,Epic,42.60,36.60,Black Temple,High Nethermancer Zerevor,3,https://tbc.wowhead.com/item=32505,,84,,,20,,,150
,6,Abacus of Violent Odds,Abacus of Violent Odds,Rare,36.36,,Mechanar,Pathaleon the Calculator,1,https://tbc.wowhead.com/item=28288,,64,,,,,21.65
,7,Bloodlust Brooch,Bloodlust Brooch,Epic,36.03,,Badge of Justice,G'eras,1,https://tbc.wowhead.com/item=29383,,118
,8,Hourglass of the Unraveller,Hourglass of the Unraveller,Rare,34.46,,Black Morass,Temporus,1,https://tbc.wowhead.com/item=28034,,50,,,,32
,9,Slayer's Crest,Slayer's Crest,Epic,32.67,,Naxxramas,Sapphiron,0,https://tbc.wowhead.com/item=23041,,107
,10,Kiss of the Spider,Kiss of the Spider,Epic,30.82,27.82,Naxxramas,Maexxna,0,https://tbc.wowhead.com/item=22954,,,,,10,14,25
,11,Core of Ar'kelos,Core of Ar'kelos,Uncommon,25.95,,Archmage Vargoth,Ar'kelos the Guardian,1,https://tbc.wowhead.com/item=29776,,85
,12,Bladefist's Breadth,Bladefist's Breadth,Rare,25.67,,Hellfire Peninsula,Overlord,1,https://tbc.wowhead.com/item=28041,,33,,,,26
,13,Drake Fang Talisman,Drake Fang Talisman,Epic,23.10,17.10,Blackwing Lair,Ebonroc,0,https://tbc.wowhead.com/item=19406,,56,,,20
,14,Ancient Draenei War Talisman,Ancient Draenei War Talisman,Uncommon,22.77,,,The Vengeful Harbinger,0,https://tbc.wowhead.com/item=31617,,33.33,,,,21
,15,Empty Mug of Direbrew,Empty Mug of Direbrew,Epic,21.98,,,,3,https://tbc.wowhead.com/item=38287,,72
,,Two Hand,,,,,,,,,,type,dps,speed,ap,str,agi,hit,crit,haste,arp,exp,socket
,1,Torch of the Damned,Torch of the Damned,Epic,360.12,,Black Temple,Devourer of Souls,3,https://tbc.wowhead.com/item=32332,,Mace,130.4,3.8,,51,,,38,50
,2,Cataclysm's Edge,Cataclysm's Edge,Epic,355.86,,Hyjal Summit,Archimonde,3,https://tbc.wowhead.com/item=30902,,Sword,138,3.5,,75,,,,,335
,3,Vengeful Gladiator's Bonegrinder,Vengeful Gladiator's Bonegrinder,Epic,341.63,337.13,Season 3,PvP,3,https://tbc.wowhead.com/item=33663,,Mace,134.2,3.6,,46,,15,46,,98
,4,Vengeful Gladiator's Greatsword,Vengeful Gladiator's Greatsword,Epic,341.63,337.13,Season 3,PvP,3,https://tbc.wowhead.com/item=33688,,Sword,134.2,3.6,,46,,15,46,,98
,5,Lionheart Executioner,Lionheart Executioner,Epic,340.01,,Blacksmithing,Crafted,2,https://tbc.wowhead.com/item=28430,,Sword,126.9,3.6,,82,44
,6,Twinblade of the Phoenix,Twinblade of the Phoenix,Epic,338.74,,Tempest Keep,Kael'thas Sunstrider,2,https://tbc.wowhead.com/item=29993,,Sword,130.4,3.6,110,,,,37,,,,Red,Yellow,Blue
,7,Vengeful Gladiator's Decapitator,Vengeful Gladiator's Decapitator,Epic,335.73,331.23,Season 3,PvP,3,https://tbc.wowhead.com/item=33670,,Axe,134.2,3.6,92,,,15,46,,98
,8,Soul Cleaver,Soul Cleaver,Epic,331.81,,Black Temple,Teron Gorefiend,3,https://tbc.wowhead.com/item=32348,,Axe,130.4,3.7,,65,,,,,315
,9,Halberd of Desolation,Halberd of Desolation,Epic,330.05,321.05,Black Temple,High Warlord Naj'entus,3,https://tbc.wowhead.com/item=32248,,Polearm,130.4,3.5,100,,51,30
,10,Vengeful Gladiator's Painsaw,Vengeful Gladiator's Painsaw,Epic,324.48,,Season 3,PvP,3,https://tbc.wowhead.com/item=33727,,Polearm,134.1,2.2,92,,,,47
,11,Bloodmoon,Bloodmoon,Epic,321.58,,Blacksmithing,Crafted,2,https://tbc.wowhead.com/item=28436,,Axe,126.9,3.7,112,,,,56
,12,Lionheart Champion,Lionheart Champion,Epic,321.20,,Blacksmithing,Crafted,1,https://tbc.wowhead.com/item=28429,,Sword,118.6,3.6,,79,44
,13,Merciless Gladiator's Bonegrinder,Merciless Gladiator's Bonegrinder,Epic,315.42,310.02,Season 2,PvP,2,https://tbc.wowhead.com/item=31959,,Mace,126.9,3.6,,42,,18,42
,14,Merciless Gladiator's Greatsword,Merciless Gladiator's Greatsword,Epic,315.42,310.02,Season 2,PvP,2,https://tbc.wowhead.com/item=31984,,Sword,126.9,3.6,,42,,18,42
,15,Ethereum Nexus-Reaver,Ethereum Nexus-Reaver,Epic,310.89,,Shadowmoon Valley,Doomwalker,1,https://tbc.wowhead.com/item=30722,,Axe,116.9,3.7,,50,,,30,,,,Red,Yellow,Yellow
,16,Merciless Gladiator's Decapitator,Merciless Gladiator's Decapitator,Epic,310.04,304.64,Season 2,PvP,2,https://tbc.wowhead.com/item=31966,,Axe,126.9,3.6,84,,,18,42
,17,Stormherald,Stormherald,Epic,309.50,,Blacksmithing,Crafted,2,https://tbc.wowhead.com/item=28442,,Mace,127,3.8,,42,42
,18,Merciless Gladiator's Painsaw,Merciless Gladiator's Painsaw,Epic,303.83,,Season 2,PvP,2,https://tbc.wowhead.com/item=32025,,Polearm,126.8,2.2,82,,,,42
,19,Gorehowl,Gorehowl,Epic,301.05,,Karazhan,Prince Malchezaar,1,https://tbc.wowhead.com/item=28773,,Axe,119.9,3.6,,49,43
,20,Mooncleaver,Mooncleaver,Epic,300.75,,Blacksmithing,Crafted,1,https://tbc.wowhead.com/item=28435,,Axe,118.6,3.7,106,,,,52
,21,Hammer of the Naaru,Hammer of the Naaru,Epic,294.46,,Gruul's Lair,High King Maulgar,1,https://tbc.wowhead.com/item=28800,,Mace,119.9,3.6,,44,,,,,,,Red,Red,Blue
,22,World Breaker,World Breaker,Epic,287.94,,Serpentshrine Cavern,Fathom-Lord Karathress,2,https://tbc.wowhead.com/item=30090,,Mace,125.5,3.7,,50
,23,Gladiator's Greatsword,Gladiator's Greatsword,Epic,287.83,281.83,Season 1,PvP,1,https://tbc.wowhead.com/item=24550,,Sword,118.6,3.6,,32,,20,35
,24,Gladiator's Bonegrinder,Gladiator's Bonegrinder,Epic,287.83,281.83,Season 1,PvP,1,https://tbc.wowhead.com/item=28299,,Mace,118.6,3.6,,32,,20,35
,25,Deep Thunder,Deep Thunder,Epic,286.09,,Blacksmithing,Crafted,1,https://tbc.wowhead.com/item=28441,,Mace,118.6,3.8,,37,37
,26,Gladiator's Decapitator,Gladiator's Decapitator,Epic,283.73,277.73,Season 1,PvP,1,https://tbc.wowhead.com/item=28298,,Axe,118.6,3.6,64,,,20,35
,27,Gladiator's Painsaw,Gladiator's Painsaw,Epic,279.16,,Season 1,PvP,1,https://tbc.wowhead.com/item=28300,,Polearm,118.4,2.2,70,,,,35
,28,Lionheart Blade,Lionheart Blade,Epic,278.39,,Blacksmithing,Crafted,1,https://tbc.wowhead.com/item=28428,,Sword,109.6,3.6,,47,42
,29,Axe of the Gronn Lords,Axe of the Gronn Lords,Epic,277.66,,Gruul's Lair,Gruul the Dragonkiller,1,https://tbc.wowhead.com/item=28794,,Axe,119.9,3.6,124
,30,Lunar Crescent,Lunar Crescent,Epic,276.70,,Blacksmithing,Crafted,1,https://tbc.wowhead.com/item=28434,,Axe,109.6,3.7,96,,,,47
,31,Legacy,Legacy,Epic,275.73,,Karazhan,The Crone,1,https://tbc.wowhead.com/item=28587,,Axe,114,3.5,80,,40
,32,Felsteel Reaper,Felsteel Reaper,Epic,269.19,,Blacksmithing,Crafted,1,https://tbc.wowhead.com/item=23543,,Axe,108.5,3.4,112,,,,30
,33,Thunder,Thunder,Epic,268.09,,Blacksmithing,Crafted,1,https://tbc.wowhead.com/item=28440,,Mace,109.6,3.8,,37,37
,34,Fel Hardened Maul,Fel Hardened Maul,Epic,266.53,,Blacksmithing,Crafted,1,https://tbc.wowhead.com/item=23546,,Mace,108.5,3.3,,50,,,21
,35,Despair,Despair,Epic,266.41,,Karazhan,Julianne,1,https://tbc.wowhead.com/item=28573,,Sword,114,3.5,,52
,36,Quantum Blade,Quantum Blade,Epic,266.33,,Black Morass,Aeonus,1,https://tbc.wowhead.com/item=29356,,Sword,108.6,3.5,102,,,,30
,37,Khorium Champion,Khorium Champion,Epic,265.04,253.94,Blacksmithing,Crafted,1,https://tbc.wowhead.com/item=23541,,Sword,108.5,3.3,,50,,37
,38,Glaive of the Pit,Glaive of the Pit,Epic,261.56,,Magtheridon's Lair,Magtheridon,1,https://tbc.wowhead.com/item=28774,,Polearm,119.7,3.7,,,,,,,,,Red,Red,Red
,39,Illidari-Bane Claymore (Demon),Illidari-Bane Claymore (Demon),Rare,254.39,,Shadowmoon Valley,Quenching the Blade,1,https://tbc.wowhead.com/item=30789,,Sword,93.2,3.7,150,,,,37
,40,Trident of the Outcast Tribe,Trident of the Outcast Tribe,Epic,249.33,238.53,Lower City,Exalted,1,https://tbc.wowhead.com/item=30830,,Polearm,105.6,3.2,,37,,36
,41,The Burning Crusader,The Burning Crusader,Rare,243.01,235.21,,Nexus-King Salhadaar,1,https://tbc.wowhead.com/item=30009,,Axe,87.4,3.6,,27,27,26,,,,17
,42,Crow Wing Reaper,Crow Wing Reaper,Rare,239.15,,Sethekk Halls,Talon King Ikiss,1,https://tbc.wowhead.com/item=27986,,Axe,93.2,3.4,,28,17,,,,,,Red,Red,Red
,43,Warmaul of Infused Light,Warmaul of Infused Light,Rare,236.13,,Arcatraz,Wrath-Scryer Soccothrates,1,https://tbc.wowhead.com/item=28393,,Mace,93.3,3.5,,20,,,21,,,,Red,Yellow,Blue
,44,Hellforged Halberd,Hellforged Halberd,Rare,235.54,229.84,Honor Hold,Revered,1,https://tbc.wowhead.com/item=29166,,Polearm,93.3,3.5,92,,26,19
,45,Blackened Spear,Blackened Spear,Rare,235.54,229.84,Thrallmar,Revered,1,https://tbc.wowhead.com/item=29167,,Polearm,93.3,3.5,92,,26,19
