Combat Rogue Phase 3,,,Value Credit: Elitist Jerks Rogue Guide + https://legacy-wow.com/tbc-rogue-guide/ Author: Vulajin + https://docs.google.com/spreadsheets/d/11E1k1Di_enrJHOvH992EKBqCoAU7IQPpba6tQJkkQ9M/edit#gid=2013064319
,,Item,,,EPV,If Hit  Capped,Location,Phase,,,Stats
,,Head,,,,,,,,,,ap,agi,hit,crit,haste,arp,exp,socket
,1,Cursed Vision of Sargeras,Cursed Vision of Sargeras,Epic,420.19,368.95,Black Temple,Illidan Stormrage,3,https://tbc.wowhead.com/item=32235,,108,39,21,38,,,,Meta,Yellow
,2,Slayer's Helm,Slayer's Helm,Epic,385.21,348.61,Hyjal Summit,Archimonde,3,https://tbc.wowhead.com/item=31027,,92,45,15,28,,,,Meta,Yellow
,3,Vengeful Gladiator's Leather Helm,Vengeful Gladiator's Leather Helm,Epic,323.19,293.91,Season 3,PvP,3,https://tbc.wowhead.com/item=33701,,52,31,12,21,,84,,Meta,Red
,4,Deathblow X11 Goggles,Deathblow X11 Goggles,Epic,316.80,289.96,Engineering,Crafted,2,https://tbc.wowhead.com/item=32478,,76,48,11,,,,,Meta,Blue
,5,Deathmantle Helm,Deathmantle Helm,Epic,316.07,,Leather Armor,,2,https://tbc.wowhead.com/item=30146,,78,39,,25,,,,Meta,Red
,6,Netherblade Facemask,Netherblade Facemask,Epic,281.92,247.76,Karazhan,Prince Malchezaar,1,https://tbc.wowhead.com/item=29044,,78,28,14,,,,,Meta,Red
,7,Mask of the Deceiver,Mask of the Deceiver,Epic,281.64,242.60,Badge of Justice,G'eras,1,https://tbc.wowhead.com/item=32087,,64,32,16,,,,,Yellow,Meta
,8,Merciless Gladiator's Leather Helm,Merciless Gladiator's Leather Helm,Epic,263.57,,Season 2,PvP,2,https://tbc.wowhead.com/item=31999,,44,37,,17,,,,Meta,Red
,9,Helm of the Claw,Helm of the Claw,Rare,263.29,229.13,Zangarmarsh,The Warlord's Hideout,1,https://tbc.wowhead.com/item=28182,,66,25,14,,,,,Yellow,Meta
,10,Wastewalker Helm,Wastewalker Helm,Rare,246.52,202.60,Old Hillsbrad Foothills,Epoch Hunter,1,https://tbc.wowhead.com/item=28224,,56,,18,22,,,,Blue,Meta
,11,Gladiator's Leather Helm,Gladiator's Leather Helm,Epic,241.90,,Season 1,PvP,1,https://tbc.wowhead.com/item=25830,,36,34,,13,,,,Meta,Red
,12,Cowl of Defiance,Cowl of Defiance,Epic,233.70,175.14,Karazhan,Netherspite,1,https://tbc.wowhead.com/item=28732,,100,34,24
,13,Malefic Mask of the Shadows,Malefic Mask of the Shadows,Epic,233.56,157.92,Gruul's Lair,High King Maulgar,1,https://tbc.wowhead.com/item=28796,,84,,31,42
,14,Stealther's Helmet of Second Sight,Stealther's Helmet of Second Sight,Rare,217.96,186.24,Shadowmoon Valley,"Teron Gorefiend, I am...",1,https://tbc.wowhead.com/item=31109,,60,24,13,,,,,Red,Blue,Yellow
,15,Helm of Assassination,Helm of Assassination,Rare,217.88,,Arcatraz,Harbinger Skyriss,1,https://tbc.wowhead.com/item=28414,,66,,,25,,,,Yellow,Meta
,,Neck,,,,,,,,,,ap,agi,hit,crit,haste,arp,exp,socket
,1,Choker of Endless Nightmares,Choker of Endless Nightmares,Epic,170.76,119.52,Black Temple,Supremus,3,https://tbc.wowhead.com/item=32260,,72,,21,27
,2,Braided Eternium Chain (GROUP BUFF),Braided Eternium Chain (GROUP BUFF),Rare,140.52,89.28,Jewelcrafting,Crafted,1,https://tbc.wowhead.com/item=24114,,40,,21,28
,3,Choker of Vile Intent,Choker of Vile Intent,Epic,130.12,86.20,Badge of Justice,G'eras,1,https://tbc.wowhead.com/item=29381,,42,20,18
,4,Amulet of Bitter Hatred,Amulet of Bitter Hatred,Epic,130.12,86.20,Slave Pens,Ahune,3,https://tbc.wowhead.com/item=35507,,42,20,18
,5,Telonicus's Pendant of Mayhem,Telonicus's Pendant of Mayhem,Epic,129.67,,Tempest Keep,Kael'thas and the Verdant Sphere,2,https://tbc.wowhead.com/item=30017,,70,27
,6,Choker of Serrated Blades,Choker of Serrated Blades,Epic,129.50,,Hyjal Summit,Trash,3,https://tbc.wowhead.com/item=32591,,70,,,,,175
,7,Worgen Claw Necklace,Worgen Claw Necklace,Epic,127.68,86.20,Karazhan,Attumen the Huntsman,1,https://tbc.wowhead.com/item=28509,,42,20,17
,8,Vindicator's Pendant of Triumph,Vindicator's Pendant of Triumph,Epic,113.12,,Season 3,PvP,3,https://tbc.wowhead.com/item=33923,,50,,,22,,,,Yellow
,9,Bone Chain Necklace,Bone Chain Necklace,Rare,109.71,77.99,Underbog,The Black Stalker,1,https://tbc.wowhead.com/item=27779,,36,19,13
,10,Choker of Animalistic Fury,Choker of Animalistic Fury,Epic,104.48,,Serpentshrine Cavern,The Lurker Below,2,https://tbc.wowhead.com/item=30059,,64,,,23
,11,Earthen Mark of Razing,Earthen Mark of Razing,Rare,102.55,70.83,Nagrand,Gurok the Usurper,1,https://tbc.wowhead.com/item=25562,,20,23,13
,12,Prestor's Talisman of Connivery,Prestor's Talisman of Connivery,Epic,101.65,77.25,Classic,,0,https://tbc.wowhead.com/item=19377,,22,25,10
,13,Natasha's Choker,Natasha's Choker,Rare,100.80,76.40,Blade's Edge Mountains,The Hound-Master,1,https://tbc.wowhead.com/item=31695,,50,,10,15
,14,Traitor's Noose,Traitor's Noose,Rare,98.96,69.68,Slave Pens,Mennu the Betrayer,1,https://tbc.wowhead.com/item=27546,,38,,12,18
,15,Veteran's Pendant of Triumph,Veteran's Pendant of Triumph,Epic,98.08,,Season 2,PvP,2,https://tbc.wowhead.com/item=33066,,42,,,18,,,,Yellow
,,Shoulders,,,,,,,,,,ap,agi,hit,crit,haste,arp,exp,socket
,1,Slayer's Shoulderpads,Slayer's Shoulderpads,Epic,251.44,,Black Temple,Mother Shahraz,3,https://tbc.wowhead.com/item=31030,,68,34,,,,175,,Yellow,Blue
,2,Swiftstrike Shoulders,Swiftstrike Shoulders,Epic,225.11,,Leatherworking,Crafted,3,https://tbc.wowhead.com/item=32581,,74,29,,,38
,3,Shoulderpads of the Stranger,Shoulderpads of the Stranger,Epic,212.09,,Serpentshrine Cavern,Hydross the Unstable,2,https://tbc.wowhead.com/item=30055,,60,33,,16,,,10,Red
,4,Mantle of Darkness,Mantle of Darkness,Epic,205.76,152.08,Black Temple,High Warlord Naj'entus,3,https://tbc.wowhead.com/item=32377,,94,,22,33
,5,Vengeful Gladiator's Leather Spaulders,Vengeful Gladiator's Leather Spaulders,Epic,201.46,,Season 3,PvP,3,https://tbc.wowhead.com/item=33703,,30,34,,27,,,,Red,Yellow
,6,Deathmantle Shoulderpads,Deathmantle Shoulderpads,Epic,200.82,,Leather Armor,,2,https://tbc.wowhead.com/item=30149,,54,34,,13,,,,Red,Blue
,7,Merciless Gladiator's Leather Spaulders,Merciless Gladiator's Leather Spaulders,Epic,185.76,,Season 2,PvP,2,https://tbc.wowhead.com/item=32001,,24,32,,24,,,,Red,Yellow
,8,Razorfury Mantle,Razorfury Mantle,Epic,178.36,,Hyjal Summit,Kaz'rogal,3,https://tbc.wowhead.com/item=30917,,76,28,,23
,9,Wastewalker Shoulderpads,Wastewalker Shoulderpads,Rare,177.09,138.05,Auchenai Crypts,Avatar of the Martyred,1,https://tbc.wowhead.com/item=27797,,34,25,16,,,,,Red,Blue
,10,Netherblade Shoulderpads,Netherblade Shoulderpads,Epic,176.72,145.00,Gruul's Lair,High King Maulgar,1,https://tbc.wowhead.com/item=29047,,52,20,13,,,,,Red,Red
,11,Bladed Shoulderpads of the Merciless,Bladed Shoulderpads of the Merciless,Epic,175.48,143.76,Karazhan,Chess Event,1,https://tbc.wowhead.com/item=28755,,58,,13,21,,,,Yellow,Yellow
,12,Gladiator's Leather Spaulders,Gladiator's Leather Spaulders,Epic,167.85,,Season 1,PvP,1,https://tbc.wowhead.com/item=25832,,18,29,,21,,,,Red,Yellow
,13,Mantle of Perenolde,Mantle of Perenolde,Rare,165.40,109.28,Old Hillsbrad Foothills,Epoch Hunter,1,https://tbc.wowhead.com/item=27434,,20,,23,23,,,,Red,Red
,14,Expedition Scout's Epaulets,Expedition Scout's Epaulets,Rare,163.81,105.25,,Fel Embers,1,https://tbc.wowhead.com/item=25790,,50,25,24
,15,Talbuk Hide Spaulders,Talbuk Hide Spaulders,Rare,150.80,114.20,Provisioner Nasela,,1,https://tbc.wowhead.com/item=29147,,70,20,15
,,Back,,,,,,,,,,ap,agi,hit,crit,haste,arp,exp,socket
,1,Shadowmoon Destroyer's Drape,Shadowmoon Destroyer's Drape,Epic,155.72,114.24,Black Temple,Teron Gorefiend,3,https://tbc.wowhead.com/item=32323,,72,,17,24
,2,Thalassian Wildercloak,Thalassian Wildercloak,Epic,129.88,,Tempest Keep,Kael'thas Sunstrider,2,https://tbc.wowhead.com/item=29994,,68,28
,3,Drape of the Dark Reavers,Drape of the Dark Reavers,Epic,128.52,87.04,Karazhan,Shade of Aran,1,https://tbc.wowhead.com/item=28672,,34,24,17
,4,Vengeance Wrap,Vengeance Wrap,Epic,116.88,,Tailoring,Crafted,1,https://tbc.wowhead.com/item=24259,,52,,,23,,,,Red
,5,Black-Iron Battlecloak,Black-Iron Battlecloak,Epic,112.80,,Shadowmoon Valley,Doomwalker,1,https://tbc.wowhead.com/item=30729,,60,,,30
,6,Auchenai Death Shroud,Auchenai Death Shroud,Rare,110.63,69.15,Auchenai Crypts,Avatar of the Martyred,1,https://tbc.wowhead.com/item=27878,,36,15,17
,7,Cloak of the Craft,Cloak of the Craft,Rare,106.97,75.25,,World Drop,1,https://tbc.wowhead.com/item=31255,,20,25,13
,8,Cloak of the Inciter,Cloak of the Inciter,Rare,100.72,61.68,Shadow Labyrinth,Blackheart the Inciter,1,https://tbc.wowhead.com/item=27892,,30,,16,18
,9,Blood Knight War Cloak,Blood Knight War Cloak,Epic,98.83,,Badge of Justice,G'eras,1,https://tbc.wowhead.com/item=29382,,48,23
,10,The Frost Lord's War Cloak,The Frost Lord's War Cloak,Epic,98.83,,Slave Pens,Ahune,3,https://tbc.wowhead.com/item=35495,,48,23
,11,Cloak of the Pit Stalker,Cloak of the Pit Stalker,Epic,98.24,,Magtheridon's Lair,Magtheridon,1,https://tbc.wowhead.com/item=28777,,56,,,24
,12,Delicate Green Poncho,Delicate Green Poncho,Rare,93.10,58.94,Nagrand,Bring Me The Egg!,1,https://tbc.wowhead.com/item=28032,,28,14,14
,13,Crystalweave Cape,Crystalweave Cape,Rare,92.69,,Tailoring,Crafted,3,https://tbc.wowhead.com/item=32665,,,15,,,26
,14,Cloak of Darkness (melee),Cloak of Darkness (melee),Epic,91.94,,Tailoring,Crafted,3,https://tbc.wowhead.com/item=33122,,,,,24,,,,Blue
,15,Terokk's Might,Terokk's Might,Epic,91.36,,Terokkar Forest,Terokk,1,https://tbc.wowhead.com/item=32540,,56,16
,,Chest,,,,,,,,,,ap,agi,hit,crit,haste,arp,exp,socket
,1,Slayer's Chestguard,Slayer's Chestguard,Epic,350.53,313.93,Black Temple,Illidan Stormrage,3,https://tbc.wowhead.com/item=31028,,92,45,15,28,,,,Yellow,Yellow,Blue
,2,Midnight Chestguard,Midnight Chestguard,Epic,330.92,260.16,Hyjal Summit,Archimonde,3,https://tbc.wowhead.com/item=30905,,106,,29,46,,,,Blue,Red,Yellow
,3,Nether Shadow Tunic,Nether Shadow Tunic,Epic,324.16,238.76,Black Temple,Supremus,3,https://tbc.wowhead.com/item=32252,,86,36,35,,,,,Red,Yellow,Blue
,4,Bloodsea Brigand's Vest,Bloodsea Brigand's Vest,Epic,294.44,228.56,Serpentshrine Cavern,Fathom-Lord Karathress,2,https://tbc.wowhead.com/item=30101,,92,,27,36,,,,Yellow,Yellow,Blue
,5,Vengeful Gladiator's Leather Tunic,Vengeful Gladiator's Leather Tunic,Epic,277.47,248.19,Season 3,PvP,3,https://tbc.wowhead.com/item=33704,,48,31,12,17,,84,,Red,Red,Yellow
,6,Deathmantle Chestguard,Deathmantle Chestguard,Epic,270.05,,Tempest Keep,Kael'thas Sunstrider,2,https://tbc.wowhead.com/item=30144,,94,33,,17,,,,Yellow,Yellow,Blue
,7,Terrorweave Tunic,Terrorweave Tunic,Epic,264.44,213.20,Shadowmoon Valley,Doomwalker,1,https://tbc.wowhead.com/item=30730,,96,,21,25,,,,Red,Yellow,Yellow
,8,Netherblade Chestpiece,Netherblade Chestpiece,Epic,251.39,224.55,Magtheridon's Lair,Magtheridon,1,https://tbc.wowhead.com/item=29045,,74,35,11,,,,,Red,Yellow,Blue
,9,Chestguard of the Conniver,Chestguard of the Conniver,Epic,225.45,171.77,Karazhan,Nightbane,1,https://tbc.wowhead.com/item=28601,,90,37,22
,10,Primalstrike Vest,Primalstrike Vest,Epic,221.26,191.98,Leatherworking,Crafted,1,https://tbc.wowhead.com/item=29525,,108,38,12
,11,Merciless Gladiator's Leather Tunic,Merciless Gladiator's Leather Tunic,Epic,217.85,,Season 2,PvP,2,https://tbc.wowhead.com/item=32002,,40,37,,13,,,,Red,Red,Yellow
,12,Shadowprowler's Chestguard,Shadowprowler's Chestguard,Epic,216.32,196.80,Leatherworking,Crafted,3,https://tbc.wowhead.com/item=33204,,,40,8,,,,,Red,Blue,Yellow
,13,Vest of Vengeance,Vest of Vengeance,Rare,201.71,174.87,Blood Furnace,Keli'dan the Breaker,1,https://tbc.wowhead.com/item=24396,,42,27,11,,,,,Red,Yellow,Blue
,14,Gladiator's Leather Tunic,Gladiator's Leather Tunic,Epic,197.25,,Season 1,PvP,1,https://tbc.wowhead.com/item=25831,,30,33,,12,,,,Red,Red,Yellow
,15,Wastewalker Tunic,Wastewalker Tunic,Rare,191.08,,Blood Furnace,Keli'dan the Breaker,1,https://tbc.wowhead.com/item=28264,,56,28,,,,,,Yellow,Yellow,Yellow
,,Wrist,,,,,,,,,,ap,agi,hit,crit,haste,arp,exp,socket
,1,Insidious Bands,Insidious Bands,Epic,173.56,144.28,Black Temple,Teron Gorefiend,3,https://tbc.wowhead.com/item=32324,,58,28,12,,,,,Yellow
,2,Deadly Cuffs,Deadly Cuffs,Epic,160.96,131.68,Hyjal Summit,Rage Winterchill,3,https://tbc.wowhead.com/item=30863,,58,,12,28,,,,Yellow
,3,Swiftstrike Bracers,Swiftstrike Bracers,Epic,156.03,,Leatherworking,Crafted,3,https://tbc.wowhead.com/item=32580,,50,20,,,27
,4,Vindicator's Dragonhide Bracers,Vindicator's Dragonhide Bracers,Epic,134.18,,Season 3,PvP,3,https://tbc.wowhead.com/item=33881,,,22,,21,,,,Red
,5,Vambraces of Ending,Vambraces of Ending,Epic,129.44,,Tempest Keep,High Astromancer Solarian,2,https://tbc.wowhead.com/item=29966,,52,24,,,,,,Blue
,6,Vindicator's Leather Bracers,Vindicator's Leather Bracers,Epic,126.77,,Season 3,PvP,3,https://tbc.wowhead.com/item=33893,,26,25,,12,,,,Yellow
,7,Shard-bound Bracers,Shard-bound Bracers,Epic,110.60,,Ogri'la,Exalted,3,https://tbc.wowhead.com/item=32647,,42,20,,,,,,Blue
,8,Veteran's Leather Bracers,Veteran's Leather Bracers,Epic,106.65,,Season 2,PvP,2,https://tbc.wowhead.com/item=32814,,20,21,,9,,,,Yellow
,9,Spymistress's Wristguards,Spymistress's Wristguards,Rare,100.78,64.18,Shadow Labyrinth,The Soul Devices,1,https://tbc.wowhead.com/item=28171,,,18,15,,,,,Red
,10,Nightfall Wristguards,Nightfall Wristguards,Epic,99.04,,Old Hillsbrad Foothills,Epoch Hunter,1,https://tbc.wowhead.com/item=29246,,46,24
,11,Primalstrike Bracers,Primalstrike Bracers,Epic,97.15,,Leatherworking,Crafted,1,https://tbc.wowhead.com/item=29527,,64,15
,12,General's Leather Bracers,General's Leather Bracers,Epic,94.71,,Season 1,PvP,1,https://tbc.wowhead.com/item=28424,,16,19,,7,,,,Yellow
,13,Marshal's Leather Bracers,Marshal's Leather Bracers,Epic,94.71,,,PvP,1,https://tbc.wowhead.com/item=28988,,16,19,,7,,,,Yellow
,14,Ravager's Wrist-Wraps of the Bandit,Ravager's Wrist-Wraps of the Bandit,Epic,91.62,,Karazhan,Rokad the Ravager,1,https://tbc.wowhead.com/item=30685/ravagers-wrist-wraps,,43,22
,15,Nightstalker's Wristguards,Nightstalker's Wristguards,Uncommon,90.48,68.52,,Down With Daellis,0,https://tbc.wowhead.com/item=30399,,42,12,9
,,Hands,,,,,,,,,,ap,agi,hit,crit,haste,arp,exp,socket
,1,Slayer's Handguards,Slayer's Handguards,Epic,270.96,227.04,Hyjal Summit,Azgalor,3,https://tbc.wowhead.com/item=31026,,68,34,18,,,175,,Blue
,2,Grips of Damnation,Grips of Damnation,Epic,220.40,,Black Temple,Devourer of Souls,3,https://tbc.wowhead.com/item=32347,,76,27,,,37
,3,Deathmantle Handguards,Deathmantle Handguards,Epic,208.12,149.56,Leather Armor,,2,https://tbc.wowhead.com/item=30145,,70,36,24
,4,Gloves of the Searing Grip,Gloves of the Searing Grip,Epic,186.81,,Tempest Keep,Al'ar,2,https://tbc.wowhead.com/item=29947,,66,33,,,,,18
,5,Fel Leather Gloves,Fel Leather Gloves,Rare,168.52,127.04,Leatherworking,Crafted,1,https://tbc.wowhead.com/item=25685,,36,,17,24,,,,Yellow,Red
,6,Gloves of Dexterous Manipulation,Gloves of Dexterous Manipulation,Epic,168.15,,Karazhan,Attumen the Huntsman,1,https://tbc.wowhead.com/item=28506,,42,35,,,,,,Red,Blue
,7,Liar's Tongue Gloves,Liar's Tongue Gloves,Epic,166.56,,Magtheridon's Lair,Magtheridon,1,https://tbc.wowhead.com/item=28776,,72,,,26,,,,Blue,Blue
,8,Grips of Deftness,Grips of Deftness,Epic,163.99,,Karazhan,Trash,1,https://tbc.wowhead.com/item=30644,,60,29,,,,,15
,9,Netherblade Gloves,Netherblade Gloves,Epic,157.48,116.00,,,1,https://tbc.wowhead.com/item=29048,,72,,17,25
,10,Rapscallion's Touch,Rapscallion's Touch,Rare,155.51,118.91,,Rescue Deirom!,1,https://tbc.wowhead.com/item=25969,,,15,15,21,,,,Red,Yellow
,11,Handgrips of Assassination,Handgrips of Assassination,Rare,146.73,105.25,Black Morass,Aeonus,1,https://tbc.wowhead.com/item=27509,,50,25,17
,12,Gloves of the Unbound,Gloves of the Unbound,Rare,146.47,,Arcatraz,Wrath-Scryer Soccothrates,1,https://tbc.wowhead.com/item=28396,,38,27,,,,,,Red,Blue
,13,Vengeful Gladiator's Leather Gloves,Vengeful Gladiator's Leather Gloves,Epic,146.37,,Season 3,PvP,3,https://tbc.wowhead.com/item=33700,,40,33,,19
,14,Cobrascale Gloves,Cobrascale Gloves,Epic,142.80,94.00,Leatherworking,Crafted,1,https://tbc.wowhead.com/item=29503,,50,,20,25
,15,Wastewalker Gloves,Wastewalker Gloves,Rare,135.52,,Shattered Halls,Warchief Kargath Bladefist,1,https://tbc.wowhead.com/item=27531,,16,32,,,,,,Red,Yellow
,,Waist,,,,,,,,,,ap,agi,hit,crit,haste,arp,exp,socket
,1,Belt of One-Hundred Deaths,Belt of One-Hundred Deaths,Epic,253.39,,Serpentshrine Cavern,Lady Vashj,2,https://tbc.wowhead.com/item=30106,,74,29,,,,,25,Red,Blue
,2,Belt of Deep Shadow,Belt of Deep Shadow,Epic,229.44,185.52,Leatherworking,Crafted,2,https://tbc.wowhead.com/item=30040,,66,32,18,,,,,Blue,Blue
,3,Don Alejandro's Money Belt,Don Alejandro's Money Belt,Epic,222.33,,Hyjal Summit,Anetheron,3,https://tbc.wowhead.com/item=30879,,76,29,,19,,,,Red,Yellow
,4,Shadow-walker's Cord,Shadow-walker's Cord,Epic,220.40,,Black Temple,Shade of Akama,3,https://tbc.wowhead.com/item=32265,,76,27,,,37
,5,Girdle of the Deathdealer,Girdle of the Deathdealer,Epic,166.68,117.88,Black Morass,Aeonus,1,https://tbc.wowhead.com/item=29247,,56,28,20
,6,Gronn-Stitched Girdle,Gronn-Stitched Girdle,Epic,164.80,,Gruul's Lair,Gruul the Dragonkiller,1,https://tbc.wowhead.com/item=28828,,72,,,25,,,,Blue,Yellow
,7,Socrethar's Girdle,Socrethar's Girdle,Rare,147.63,98.83,,Turning Point,1,https://tbc.wowhead.com/item=30372,,48,23,20
,8,Girdle of Treachery,Girdle of Treachery,Epic,146.58,,Karazhan,Chess Event,1,https://tbc.wowhead.com/item=28750,,58,18,,,,,,Red,Red
,9,Vindicator's Leather Belt,Vindicator's Leather Belt,Epic,146.37,,Season 3,PvP,3,https://tbc.wowhead.com/item=33891,,40,33,,19
,10,Dunewind Sash,Dunewind Sash,Rare,145.21,,Underbog,Ghaz'an,1,https://tbc.wowhead.com/item=27760,,50,21,,,,,,Red,Blue
,11,Epoch's Whispering Cinch,Epoch's Whispering Cinch,Rare,136.73,95.25,Old Hillsbrad Foothills,Epoch Hunter,1,https://tbc.wowhead.com/item=27911,,40,25,17
,12,Naaru Belt of Precision,Naaru Belt of Precision,Rare,135.85,99.25,,How to Break Into the Arcatraz,1,https://tbc.wowhead.com/item=31464,,44,25,15
,13,Vindicator's Dragonhide Belt,Vindicator's Dragonhide Belt,Epic,134.05,,Season 3,PvP,3,https://tbc.wowhead.com/item=33879,,,29,,21
,14,Veteran's Leather Belt,Veteran's Leather Belt,Epic,128.46,,Season 2,PvP,2,https://tbc.wowhead.com/item=32802,,34,30,,16
,15,Primalstrike Belt,Primalstrike Belt,Epic,128.20,,Leatherworking,Crafted,1,https://tbc.wowhead.com/item=29526,,84,20
,,Ring,,,,,,,,,,ap,agi,hit,crit,haste,arp,exp,socket
,1,Stormrage Signet Ring,Stormrage Signet Ring,Epic,182.04,108.84,Black Temple,Illidan Stormrage,3,https://tbc.wowhead.com/item=32497,,66,,30,,,126
,2,Band of the Eternal Champion,Band of the Eternal Champion,Epic,151.09,,Tanaris,Champion's Covenant,3,https://tbc.wowhead.com/item=29301,,87,29
,3,Ring of Deceitful Intent,Ring of Deceitful Intent,Epic,150.77,104.41,Black Temple,Shade of Akama,3,https://tbc.wowhead.com/item=32266,,58,21,19
,4,Ring of Lethality,Ring of Lethality,Epic,149.40,103.04,Serpentshrine Cavern,Hydross the Unstable,2,https://tbc.wowhead.com/item=30052,,50,24,19
,5,Band of the Ranger-General,Band of the Ranger-General,Epic,149.20,105.28,Tempest Keep,Kael'thas Sunstrider,2,https://tbc.wowhead.com/item=29997,,56,,18,28
,6,Band of Devastation,Band of Devastation,Epic,136.99,,Black Temple,Trash,3,https://tbc.wowhead.com/item=32526,,66,,,,31
,7,Ring of Reciprocity,Ring of Reciprocity,Epic,132.04,95.44,Hellfire Peninsula,Doom Lord Kazzak,1,https://tbc.wowhead.com/item=30738,,62,,15,19
,8,Ring of a Thousand Marks,Ring of a Thousand Marks,Epic,130.84,84.48,Karazhan,Prince Malchezaar,1,https://tbc.wowhead.com/item=28757,,44,,19,23
,9,Garona's Signet Ring,Garona's Signet Ring,Epic,128.12,84.20,Karazhan,The Curator,1,https://tbc.wowhead.com/item=28649,,40,20,18
,10,Band of Eternity (revered),Band of Eternity (revered),Epic,124.09,,Tanaris,Champion's Oath,3,https://tbc.wowhead.com/item=29300,,60,29
,11,Shaffar's Band of Brutality,Shaffar's Band of Brutality,Epic,121.56,75.20,Mana-Tombs,Yor,1,https://tbc.wowhead.com/item=31920,,40,,19,20
,12,Ring of the Overseer,Ring of the Overseer,Epic,120.64,91.36,Blade's Edge Mountains,Shartuul,3,https://tbc.wowhead.com/item=32942,,56,16,12
,13,Violet Signet of the Master Assassin,Violet Signet of the Master Assassin,Epic,117.00,56.00,Deadwind Pass,Eminence Among the Violet Eye,1,https://tbc.wowhead.com/item=29283,,56,,25
,14,Band of Eternity (honored),Band of Eternity (honored),Epic,115.67,,Tanaris,Champion's Vow,3,https://tbc.wowhead.com/item=29299,,56,27
,15,Violet Signet,Violet Signet,Epic,110.56,52.00,Deadwind Pass,Distinguished Service,1,https://tbc.wowhead.com/item=29282,,52,,24
,,Legs,,,,,,,,,,ap,agi,hit,crit,haste,arp,exp,socket
,1,Slayer's Legguards,Slayer's Legguards,Epic,299.26,,Black Temple,Illidari Council,3,https://tbc.wowhead.com/item=31029,,94,46,,45,,,,Blue
,2,Skulker's Greaves,Skulker's Greaves,Epic,276.24,207.92,Karazhan,Netherspite,1,https://tbc.wowhead.com/item=28741,,64,32,28,,,,,Red,Red,Blue
,3,Shady Dealer's Pantaloons,Shady Dealer's Pantaloons,Epic,272.00,,Hyjal Summit,Azgalor,3,https://tbc.wowhead.com/item=30898,,102,50,,,,175
,4,Deathmantle Legguards,Deathmantle Legguards,Epic,260.03,,Serpentshrine Cavern,Fathom-Lord Karathress,2,https://tbc.wowhead.com/item=30148,,86,47,,26,,,,Blue
,5,Leggings of Murderous Intent,Leggings of Murderous Intent,Epic,256.57,,Tempest Keep,Kael'thas Sunstrider,2,https://tbc.wowhead.com/item=29995,,92,45,,37
,6,Netherblade Breeches,Netherblade Breeches,Epic,242.47,179.03,Gruul's Lair,Gruul the Dragonkiller,1,https://tbc.wowhead.com/item=29046,,84,43,26
,7,Fel Leather Leggings,Fel Leather Leggings,Rare,230.20,169.20,Leatherworking,Crafted,1,https://tbc.wowhead.com/item=25687,,52,,25,25,,,,Red,Yellow,Yellow
,8,Vengeful Gladiator's Leather Legguards,Vengeful Gladiator's Leather Legguards,Epic,229.19,199.91,Season 3,PvP,3,https://tbc.wowhead.com/item=33702,,50,35,12,25,,84
,9,Midnight Legguards,Midnight Legguards,Epic,226.20,184.72,Slave Pens,Quagmirran,1,https://tbc.wowhead.com/item=30538,,64,,17,27,,,,Red,Red,Blue
,10,Wastewalker Leggings,Wastewalker Leggings,Rare,216.07,169.71,Mana-Tombs,Nexus-Prince Shaffar,1,https://tbc.wowhead.com/item=27837,,28,31,19,,,,,Red,Red,Blue
,11,Clefthoof Hide Leggings,Clefthoof Hide Leggings,Rare,188.66,147.18,Blade's Edge Mountains,Showdown,1,https://tbc.wowhead.com/item=31544,,,30,17,,,,18
,12,Leggings of the Unrepentant,Leggings of the Unrepentant,Rare,188.45,,Blood Furnace,Keli'dan the Breaker,1,https://tbc.wowhead.com/item=27514,,60,25,,,,,,Red,Yellow,Blue
,13,Leggings of Assassination,Leggings of Assassination,Rare,186.08,132.40,Shadow Labyrinth,Murmur,1,https://tbc.wowhead.com/item=27908,,44,40,22
,14,Mennu's Scaled Leggings,Mennu's Scaled Leggings,Rare,175.52,,Slave Pens,Mennu the Betrayer,1,https://tbc.wowhead.com/item=27545,,46,,,32,,,,Red,Red,Blue
,15,Oilcloth Breeches,Oilcloth Breeches,Rare,173.80,112.80,,Showdown,1,https://tbc.wowhead.com/item=31545,,60,,25,30
,,Feet,,,,,,,,,,ap,agi,hit,crit,haste,arp,exp,socket
,1,Shadowmaster's Boots,Shadowmaster's Boots,Epic,221.02,,Black Temple,Mother Shahraz,3,https://tbc.wowhead.com/item=32366,,76,30,,17,,,,Red,Yellow
,2,Edgewalker Longboots,Edgewalker Longboots,Epic,188.61,156.89,Karazhan,Moroes,1,https://tbc.wowhead.com/item=28545,,44,29,13,,,,,Red,Yellow
,3,Black Featherlight Boots,Black Featherlight Boots,Epic,180.96,98.00,Hyjal Summit,Kaz'rogal,3,https://tbc.wowhead.com/item=30891,,98,,34
,4,Boots of Utter Darkness,Boots of Utter Darkness,Epic,178.44,122.32,Leatherworking,Crafted,2,https://tbc.wowhead.com/item=30039,,66,,23,32
,5,Fel Leather Boots,Fel Leather Boots,Rare,175.72,114.72,Leatherworking,Crafted,1,https://tbc.wowhead.com/item=25686,,36,,25,17,,,,Yellow,Red
,6,Boots of Effortless Striking,Boots of Effortless Striking,Epic,150.82,,Serpentshrine Cavern,The Lurker Below,2,https://tbc.wowhead.com/item=30060,,58,42
,7,Vindicator's Leather Boots,Vindicator's Leather Boots,Epic,146.37,,Season 3,PvP,3,https://tbc.wowhead.com/item=33892,,40,33,,19
,8,The Master's Treads,The Master's Treads,Rare,140.08,101.04,,,1,https://tbc.wowhead.com/item=31288,,48,24,16
,9,Vindicator's Dragonhide Boots,Vindicator's Dragonhide Boots,Epic,134.05,,Season 3,PvP,3,https://tbc.wowhead.com/item=33880,,,29,,21
,10,Felboar Hide Shoes,Felboar Hide Shoes,Rare,129.74,107.78,,The Cipher of Damnation - The Third Fragment Recovered,1,https://tbc.wowhead.com/item=30939,,68,18,9
,11,Boots of the Unjust,Boots of the Unjust,Rare,129.16,97.44,Auchenai Crypts,Exarch Maladaar,1,https://tbc.wowhead.com/item=27867,,64,,13,19
,12,Veteran's Leather Boots,Veteran's Leather Boots,Epic,128.46,,Season 2,PvP,2,https://tbc.wowhead.com/item=32790,,34,30,,16
,13,Boots of Natural Grace,Boots of Natural Grace,Epic,127.92,93.76,Leatherworking,Crafted,2,https://tbc.wowhead.com/item=30041,,,26,14
,14,Rapscallion Boots,Rapscallion Boots,Epic,124.24,,Karazhan,Shade of Aran,1,https://tbc.wowhead.com/item=28669,,82,,,24
,15,Shadowstep Striders,Shadowstep Striders,Epic,122.51,,Arcatraz,Harbinger Skyriss,1,https://tbc.wowhead.com/item=29248,,54,31
,,Trinket,,,,,,,,,,ap,agi,hit,crit,haste,arp,exp,socket
,1,Dragonspine Trophy,Dragonspine Trophy,Epic,337.70,,Gruul's Lair,Gruul the Dragonkiller,1,https://tbc.wowhead.com/item=28830,,40,,,,130
,2,Warp-Spring Coil,Warp-Spring Coil,Epic,221.24,170.00,Tempest Keep,Void Reaver,2,https://tbc.wowhead.com/item=30450,,,,21,,,500
,3,Ashtongue Talisman of Lethality,Ashtongue Talisman of Lethality,Epic,191.84,,,Okuno,3,https://tbc.wowhead.com/item=32492,,,,,109
,4,Madness of the Betrayer,Madness of the Betrayer,Epic,183.80,135.00,Black Temple,High Nethermancer Zerevor,3,https://tbc.wowhead.com/item=32505,,84,,20,,,150
,5,Tsunami Talisman,Tsunami Talisman,Epic,153.10,128.70,Serpentshrine Cavern,Leotheras the Blind,2,https://tbc.wowhead.com/item=30627,,61.82,,10,38
,6,Mark of the Champion (undead/demon),Mark of the Champion (undead/demon),Epic,150.00,,Naxxramas,The Fall of Kel'Thuzad,1,https://tbc.wowhead.com/item=23206,,150
,7,Darkmoon Card: Crusade,Darkmoon Card: Crusade,Epic,120.00,,Darkmoon Faire,,2,https://tbc.wowhead.com/item=31856,,120
,8,Bloodlust Brooch,Bloodlust Brooch,Epic,118.00,,Badge of Justice,G'eras,1,https://tbc.wowhead.com/item=29383,,118
,9,Abacus of Violent Odds,Abacus of Violent Odds,Rare,113.58,,Mechanar,Pathaleon the Calculator,1,https://tbc.wowhead.com/item=28288,,64,,,,21.65
,10,Icon of Unyielding Courage,Icon of Unyielding Courage,Rare,107.20,34.00,Blood Furnace,Keli'dan the Breaker,1,https://tbc.wowhead.com/item=28121,,,,30,,,100
,11,Slayer's Crest,Slayer's Crest,Epic,107.00,,Naxxramas,Sapphiron,0,https://tbc.wowhead.com/item=23041,,107
,12,Hourglass of the Unraveller,Hourglass of the Unraveller,Rare,106.32,,Black Morass,Temporus,1,https://tbc.wowhead.com/item=28034,,50,,,32
,13,Kiss of the Spider,Kiss of the Spider,Epic,106.29,81.89,Naxxramas,Maexxna,0,https://tbc.wowhead.com/item=22954,,,,10,14,25
,14,Drake Fang Talisman,Drake Fang Talisman,Epic,104.80,56.00,Blackwing Lair,Ebonroc,0,https://tbc.wowhead.com/item=19406,,56,,20
,15,Romulo's Poison Vial,Romulo's Poison Vial,Epic,85.40,0.00,Karazhan,Julianne,1,https://tbc.wowhead.com/item=28579,,,,35
,,Ranged,,,,,,,,,,ap,agi,hit,crit,haste,arp,exp,socket
,1,Arcanite Steam-Pistol,Arcanite Steam-Pistol,Epic,90.56,44.20,Tempest Keep,Al'ar,2,https://tbc.wowhead.com/item=29949,,,20,19
,2,Barrel-Blade Longrifle,Barrel-Blade Longrifle,Epic,84.16,,Shadowmoon Valley,Doomwalker,1,https://tbc.wowhead.com/item=30724,,,16,,,,,,Red,Red
,3,Twisted Blades of Zarak,Twisted Blades of Zarak,Epic,78.99,,Black Temple,Teron Gorefiend,3,https://tbc.wowhead.com/item=32326,,,23,,16
,4,Sunfury Bow of the Phoenix,Sunfury Bow of the Phoenix,Epic,75.99,,Karazhan,Prince Malchezaar,1,https://tbc.wowhead.com/item=28772,,34,19
,5,Veteran's Musket,Veteran's Musket,Epic,75.36,48.52,Honor Hold,Exalted,1,https://tbc.wowhead.com/item=29151,,22,12,11
,6,Marksman's Bow,Marksman's Bow,Epic,75.36,48.52,Thrallmar,Exalted,1,https://tbc.wowhead.com/item=29152,,22,12,11
,7,Steelhawk Crossbow,Steelhawk Crossbow,Epic,69.04,30.00,Karazhan,Attumen the Huntsman,1,https://tbc.wowhead.com/item=28504,,30,,16
,8,Spinesever,Spinesever,Epic,68.71,44.31,Strong Junkbox,World Drop,1,https://tbc.wowhead.com/item=34622,,20,11,10
,9,Serpent Spine Longbow,Serpent Spine Longbow,Epic,66.16,,Serpentshrine Cavern,Lady Vashj,2,https://tbc.wowhead.com/item=30105,,38,,,16
,10,Wolfslayer Sniper Rifle,Wolfslayer Sniper Rifle,Epic,65.15,,Karazhan,The Big Bad Wolf,1,https://tbc.wowhead.com/item=28581,,32,15
,11,Mama's Insurance,Mama's Insurance,Uncommon,64.66,,,Declawing Doomclaw,1,https://tbc.wowhead.com/item=30279,,32,10,,6
,12,Xavian Stiletto,Xavian Stiletto,Epic,64.48,35.20,Karazhan,Terestian Illhoof,1,https://tbc.wowhead.com/item=28659,,,,12,20
,13,Serpentshrine Shuriken,Serpentshrine Shuriken,Epic,64.48,35.20,Serpentshrine Cavern,Trash,2,https://tbc.wowhead.com/item=30025,,,,12,20
,14,Ornate Khorium Rifle,Ornate Khorium Rifle,Rare,62.66,30.94,Engineering,Crafted,1,https://tbc.wowhead.com/item=23748,,,14,13
,15,Felsteel Whisper Knives,Felsteel Whisper Knives,Rare,62.00,37.60,Blacksmithing,Crafted,1,https://tbc.wowhead.com/item=29204,,20,,10,10
,,Main Hand,,,,,,,,,,type,dps,speed,ap,agi,hit,crit,haste,arp,exp,socket
,1,Warglaive of Azzinoth,Warglaive of Azzinoth,Legendary,"1,102.26","1,051.02",Black Temple,Illidan Stormrage,3,https://tbc.wowhead.com/item=32837,,Main Hand,Sword,109.3,2.8,44,22,21
,2,Vengeful Gladiator's Right Ripper,Vengeful Gladiator's Right Ripper,Epic,"1,009.94",990.42,Season 3,PvP,3,https://tbc.wowhead.com/item=33737,,Main Hand,Fist,103.1,2.6,34,,8,21,,49
,3,Vengeful Gladiator's Pummeler,Vengeful Gladiator's Pummeler,Epic,"1,009.94",990.42,Season 3,PvP,3,https://tbc.wowhead.com/item=33733,,One Hand,Mace,103.1,2.6,34,,8,21,,49
,4,Vengeful Gladiator's Slicer,Vengeful Gladiator's Slicer,Epic,"1,009.94",990.42,Season 3,PvP,3,https://tbc.wowhead.com/item=33762,,One Hand,Sword,103.1,2.6,34,,8,21,,49
,5,Dragonstrike (melee proc),Dragonstrike (melee proc),Epic,"1,007.44",,Blacksmithing,Crafted,2,https://tbc.wowhead.com/item=28439,,Main Hand,Mace,97.6,2.7,,,,,63.6
,6,Blade of Infamy,Blade of Infamy,Epic,997.48,,Hyjal Summit,Anetheron,3,https://tbc.wowhead.com/item=30881,,One Hand,Sword,100.2,2.6,56,28
,7,Vengeful Gladiator's Shanker,Vengeful Gladiator's Shanker,Epic,985.94,966.42,Season 3,PvP,3,https://tbc.wowhead.com/item=33754,,One Hand,Dagger,103.1,1.8,34,,8,21,,49
,8,Talon of the Phoenix,Talon of the Phoenix,Epic,975.04,938.44,Tempest Keep,Al'ar,2,https://tbc.wowhead.com/item=32944,,Main Hand,Fist,96.5,2.7,52,,15,19
,9,Talon of Azshara,Talon of Azshara,Epic,974.95,926.15,Serpentshrine Cavern,Morogrim Tidewalker,2,https://tbc.wowhead.com/item=30082,,One Hand,Sword,96.5,2.7,40,15,20
,10,Boundless Agony,Boundless Agony,Epic,970.04,,Hyjal Summit,Azgalor,3,https://tbc.wowhead.com/item=30901,,One Hand,Dagger,100.3,1.8,,,,24,,210
,11,Shard of Azzinoth,Shard of Azzinoth,Epic,969.80,,Black Temple,Illidan Stormrage,3,https://tbc.wowhead.com/item=32471,,One Hand,Dagger,106.1,1.9,64
,12,Fang of Vashj,Fang of Vashj,Epic,968.26,,Serpentshrine Cavern,Lady Vashj,2,https://tbc.wowhead.com/item=30103,,One Hand,Dagger,100.3,1.8,56,,,,,,21
,13,Claw of Molten Fury,Claw of Molten Fury,Epic,964.80,,Hyjal Summit,Trash,3,https://tbc.wowhead.com/item=32946,,Main Hand,Fist,100.2,2.7,38,20
,14,Dragonmaw (melee proc),Dragonmaw (melee proc),Epic,955.44,,Blacksmithing,Crafted,1,https://tbc.wowhead.com/item=28438,,Main Hand,Mace,91.1,2.7,,,,,63.6
,15,Merciless Gladiator's Slicer,Merciless Gladiator's Slicer,Epic,947.44,923.04,Season 2,PvP,2,https://tbc.wowhead.com/item=32052,,One Hand,Sword,97.7,2.6,30,,10,19
,16,Merciless Gladiator's Right Ripper,Merciless Gladiator's Right Ripper,Epic,945.84,921.44,Season 2,PvP,2,https://tbc.wowhead.com/item=32028,,Main Hand,Fist,97.5,2.6,30,,10,19
,17,Merciless Gladiator's Pummeler,Merciless Gladiator's Pummeler,Epic,945.84,921.44,Season 2,PvP,2,https://tbc.wowhead.com/item=32026,,One Hand,Mace,97.5,2.6,30,,10,19
,18,Syphon of the Nathrezim,Syphon of the Nathrezim,Epic,935.60,,Black Temple,Supremus,3,https://tbc.wowhead.com/item=32262,,One Hand,Mace,100.2,2.8,50
,19,Rod of the Sun King,Rod of the Sun King,Epic,934.60,,Tempest Keep,Kael'thas Sunstrider,2,https://tbc.wowhead.com/item=29996,,One Hand,Mace,100.2,2.7,52
,20,Merciless Gladiator's Shanker,Merciless Gladiator's Shanker,Epic,921.84,897.44,Season 2,PvP,2,https://tbc.wowhead.com/item=32044,,One Hand,Dagger,97.5,1.8,30,,10,19
,21,Drakefist Hammer (melee proc),Drakefist Hammer (melee proc),Epic,901.04,,Blacksmithing,Crafted,1,https://tbc.wowhead.com/item=28437,,Main Hand,Mace,84.3,2.7,,,,,63.6
,22,Gladiator's Right Ripper,Gladiator's Right Ripper,Epic,884.76,862.80,Season 1,PvP,1,https://tbc.wowhead.com/item=28313,,Main Hand,Fist,91.3,2.6,28,,9,15
,23,Gladiator's Slicer,Gladiator's Slicer,Epic,883.96,862.00,Season 1,PvP,1,https://tbc.wowhead.com/item=28295,,One Hand,Sword,91.2,2.6,28,,9,15
,24,Gladiator's Pummeler,Gladiator's Pummeler,Epic,883.96,862.00,Season 1,PvP,1,https://tbc.wowhead.com/item=28305,,One Hand,Mace,91.2,2.6,28,,9,15
,25,Malchazeen,Malchazeen,Epic,875.80,839.20,Karazhan,Prince Malchezaar,1,https://tbc.wowhead.com/item=28768,,One Hand,Dagger,91.9,1.8,50,,15
,26,Fool's Bane,Fool's Bane,Epic,874.64,,Karazhan,Terestian Illhoof,1,https://tbc.wowhead.com/item=28657,,Main Hand,Mace,87.5,2.6,30,,,24,,,,Yellow
,27,Heartrazor,Heartrazor,Epic,869.40,,Tempest Keep,High Astromancer Solarian,2,https://tbc.wowhead.com/item=29962,,One Hand,Dagger,96.4,1.8,,20
,28,Hope Ender,Hope Ender,Epic,866.40,,World Boss,Doom Lord Kazzak,1,https://tbc.wowhead.com/item=30733,,One Hand,Sword,89.8,2.6,70
,29,Mallet of the Tides,Mallet of the Tides,Epic,862.64,,Serpentshrine Cavern,The Lurker Below,2,https://tbc.wowhead.com/item=30058,,One Hand,Mace,96.8,1.7,,,,,,,14
,30,Gladiator's Shanker,Gladiator's Shanker,Epic,859.16,837.20,Season 1,PvP,1,https://tbc.wowhead.com/item=28312,,One Hand,Dagger,91.1,1.8,28,,9,15
,,Off Hand,,,,"offhand hit value wrong, will fix soon",,,,,,type,dps,speed,ap,agi,hit,crit,haste,arp,exp,socket
,1,Warglaive of Azzinoth,Warglaive of Azzinoth,Legendary,226.9,,Black Temple,Illidan Stormrage,3,https://tbc.wowhead.com/item=32838,,Off Hand,Sword,109.3,1.4,44,21,,23
,2,Swiftsteel Bludgeon,Swiftsteel Bludgeon,Epic,204.0,949.23,Black Temple,Trash,3,https://tbc.wowhead.com/item=32943,,One Hand,Mace,100.3,1.5,40,,19,,27
,3,Blade of Savagery,Blade of Savagery,Epic,190.4,927.92,Black Temple,Mother Shahraz,3,https://tbc.wowhead.com/item=32369,,One Hand,Sword,100.4,1.4,44,,15,22
,4,Tracker's Blade,Tracker's Blade,Epic,189.1,931.88,Hyjal Summit,Rage Winterchill,3,https://tbc.wowhead.com/item=30865,,One Hand,Dagger,100.3,1.5,44,,20,23
,5,Vengeful Gladiator's Shiv,Vengeful Gladiator's Shiv,Epic,186.1,955.22,Season 3,PvP,3,https://tbc.wowhead.com/item=33756,,Off Hand,Dagger,103.2,1.4,34,,8,21,,49
,6,Vengeful Gladiator's Bonecracker,Vengeful Gladiator's Bonecracker,Epic,170.5,956.62,Season 3,PvP,3,https://tbc.wowhead.com/item=33662,,Off Hand,Mace,103,1.5,34,,8,21,,49
,7,Vengeful Gladiator's Left Ripper,Vengeful Gladiator's Left Ripper,Epic,170.5,956.62,Season 3,PvP,3,https://tbc.wowhead.com/item=33705,,Off Hand,Fist,103,1.5,34,,8,21,,49
,8,Vengeful Gladiator's Quickblade,Vengeful Gladiator's Quickblade,Epic,170.5,956.62,Season 3,PvP,3,https://tbc.wowhead.com/item=33734,,Off Hand,Sword,103,1.5,34,,8,21,,49
,9,Messenger of Fate,Messenger of Fate,Epic,163.7,,Black Temple,Gurtogg Bloodboil,3,https://tbc.wowhead.com/item=32269,,One Hand,Dagger,100.4,1.4,44,22
,10,Merciless Gladiator's Shiv,Merciless Gladiator's Shiv,Epic,150.8,885.44,Season 2,PvP,2,https://tbc.wowhead.com/item=32046,,Off Hand,Dagger,97.5,1.4,30,,10,19
,11,Fist of Molten Fury,Fist of Molten Fury,Epic,138.0,,Hyjal Summit,Trash,3,https://tbc.wowhead.com/item=32945,,Off Hand,Fist,100.3,1.5,38,20
,12,Merciless Gladiator's Bonecracker,Merciless Gladiator's Bonecracker,Epic,136.4,890.04,Season 2,PvP,2,https://tbc.wowhead.com/item=31958,,Off Hand,Mace,97.7,1.5,30,,10,19
,13,Merciless Gladiator's Left Ripper,Merciless Gladiator's Left Ripper,Epic,136.4,890.04,Season 2,PvP,2,https://tbc.wowhead.com/item=32003,,Off Hand,Fist,97.7,1.5,30,,10,19
,14,Merciless Gladiator's Quickblade,Merciless Gladiator's Quickblade,Epic,136.4,890.04,Season 2,PvP,2,https://tbc.wowhead.com/item=32027,,Off Hand,Sword,97.7,1.5,30,,10,19
,15,Claw of the Phoenix,Claw of the Phoenix,Epic,132.2,,Tempest Keep,Al'ar,2,https://tbc.wowhead.com/item=29948,,Off Hand,Fist,96.7,1.5,40,21
,16,Vengeful Gladiator's Mutilator,Vengeful Gladiator's Mutilator,Epic,125.8,966.42,Season 3,PvP,3,https://tbc.wowhead.com/item=33801,,Off Hand,Dagger,103.1,1.8,34,,8,21,,49
,17,Vengeful Gladiator's Shanker,Vengeful Gladiator's Shanker,Epic,125.8,966.42,Season 3,PvP,3,https://tbc.wowhead.com/item=33754,,One Hand,Dagger,103.1,1.8,34,,8,21,,49
,18,Boundless Agony,Boundless Agony,Epic,124.5,,Hyjal Summit,Azgalor,3,https://tbc.wowhead.com/item=30901,,One Hand,Dagger,100.3,1.8,,,,24,,210
,19,Fang of Vashj,Fang of Vashj,Epic,122.7,,Serpentshrine Cavern,Lady Vashj,2,https://tbc.wowhead.com/item=30103,,One Hand,Dagger,100.3,1.8,56,,,,,,21
,20,Gladiator's Shiv,Gladiator's Shiv,Epic,121.4,825.20,Season 1,PvP,1,https://tbc.wowhead.com/item=28310,,Off Hand,Dagger,91.1,1.4,28,,9,15
,21,Blazefury,Blazefury,Epic,118.9,869.99,Blacksmithing,Crafted,2,https://tbc.wowhead.com/item=28427,,One Hand,Sword,97.5,1.6,,19,18
,22,Blackout Truncheon,Blackout Truncheon,Rare,114.7,,Shadow Labyrinth,Grandmaster Vorpil,1,https://tbc.wowhead.com/item=27901,,One Hand,Mace,69.7,1.5,,,,,41.8,,,Red,Yellow
,23,Blade of the Unrequited,Blade of the Unrequited,Epic,112.0,,Karazhan,Julianne,1,https://tbc.wowhead.com/item=28572,,One Hand,Dagger,87.5,1.6,18,,,9,,,,Red,Yellow,Blue
,24,Gladiator's Bonecracker,Gladiator's Bonecracker,Epic,106.2,827.40,Season 1,PvP,1,https://tbc.wowhead.com/item=28302,,Off Hand,Mace,91,1.5,28,,9,15
,25,Gladiator's Quickblade,Gladiator's Quickblade,Epic,106.2,827.40,Season 1,PvP,1,https://tbc.wowhead.com/item=28307,,Off Hand,Sword,91,1.5,28,,9,15
,26,Gladiator's Left Ripper,Gladiator's Left Ripper,Epic,106.2,827.40,Season 1,PvP,1,https://tbc.wowhead.com/item=28314,,Off Hand,Fist,91,1.5,28,,9,15
,27,The Night Blade (melee proc),The Night Blade (melee proc),Epic,105.8,,,World Drop,1,https://tbc.wowhead.com/item=31331,,One Hand,Dagger,81.4,1.8,,,,,,435
,28,Feltooth Eviscerator,Feltooth Eviscerator,Epic,101.8,,,,1,https://tbc.wowhead.com/item=29346,,One Hand,Dagger,85.4,1.4,34,,,22
,29,Dirge,Dirge,Epic,98.2,,Blacksmithing,Crafted,1,https://tbc.wowhead.com/item=23555,,One Hand,Dagger,83.2,1.4,40,,,20
,30,Searing Sunblade,Searing Sunblade,Epic,97.2,,Badge of Justice,G'eras,1,https://tbc.wowhead.com/item=29275,,Off Hand,Dagger,85.4,1.3,,24
