Shadow Phase 3,,,Value Credit: https://web.archive.org/web/20080211090143/http://www.shadowpriest.com/viewtopic.php?t=9844
,,Item,,,EPV,If Hit  Capped,Location,Phase,,,Stats
,,Head,,,,,,,,,,sp,int,hit,crit,haste,socket
,1,Cowl of the Illidari High Lord,Cowl of the Illidari High Lord,Epic,133.41,117.26,Black Temple,Illidan Stormrage,3,https://tbc.wowhead.com/item=32525,,64,31,21,47,,Meta,Blue
,2,Hood of the Avatar,Hood of the Avatar,Epic,121.23,102.77,,,2,https://tbc.wowhead.com/item=30161,,55,36,24,,,Meta,Yellow
,3,Destruction Holo-gogs,Destruction Holo-gogs,Epic,113.59,,Engineering,Crafted,2,https://tbc.wowhead.com/item=32494,,64,24,,29,,Meta,Blue
,4,Hood of Absolution,Hood of Absolution,Epic,113.34,,Hyjal Summit,Archimonde,3,https://tbc.wowhead.com/item=31064,,62,39,,17,,Meta,Blue
,5,Cowl of the Grand Engineer,Cowl of the Grand Engineer,Epic,109.26,96.96,Tempest Keep,Void Reaver,2,https://tbc.wowhead.com/item=29986,,53,27,16,35,,Yellow,Yellow,Blue
,6,Spellstrike Hood,Spellstrike Hood,Epic,99.36,87.05,Tailoring,Crafted,1,https://tbc.wowhead.com/item=24266,,46,12,16,24,,Blue,Yellow,Red
,7,Soul-Collar of the Incarnate,Soul-Collar of the Incarnate,Epic,99.02,86.71,Karazhan,Prince Malchezaar,1,https://tbc.wowhead.com/item=29058,,39,35,16,,,Meta,Yellow
,8,Vengeful Gladiator's Satin Hood,Vengeful Gladiator's Satin Hood,Epic,86.20,,Season 3,PvP,3,https://tbc.wowhead.com/item=33745,,42,21,,,,Meta,Red
,9,Hood of Oblivion,Hood of Oblivion,Rare,84.88,,Archatraz,Harbinger Skyriss,1,https://tbc.wowhead.com/item=28415,,40,32,,,,Blue,Meta
,10,Mana-Binders Cowl,Mana-Binders Cowl,Epic,81.39,,Badge of Justice,G'eras,1,https://tbc.wowhead.com/item=32089,,34,29,,15,,Yellow,Meta
,11,Elementalist Skullcap of Wrath,Elementalist Skullcap of Wrath,Uncommon,80.00,,,World Drop,1,https://tbc.wowhead.com/item=24689,,80
,12,Merciless Gladiator's Satin Hood,Merciless Gladiator's Satin Hood,Epic,79.89,,Season 2,PvP,2,https://tbc.wowhead.com/item=32035,,36,16,,,,Meta,Red
,13,Incanter's Cowl,Incanter's Cowl,Rare,78.85,,Mechanar,Pathaleon the Calculator,1,https://tbc.wowhead.com/item=28278,,29,27,,19,,Yellow,Meta
,14,Mana-Etched Crown,Mana-Etched Crown,Rare,78.14,,Black Morass,Aeonus,1,https://tbc.wowhead.com/item=28193,,34,20,,,,Red,Meta
,15,Hydromancer's Headwrap,Hydromancer's Headwrap,Rare,77.57,,,The Warlord's Hideout,1,https://tbc.wowhead.com/item=28183,,33,27,,,,Blue,Meta
,,Neck,,,,,,,,,,sp,int,hit,crit,haste,socket
,1,Translucent Spellthread Necklace,Translucent Spellthread Necklace,Epic,61.85,50.31,Black Temple,Devourer of Souls,3,https://tbc.wowhead.com/item=32349,,46,,15,24
,2,Vindicator's Pendant of Reprieve,Vindicator's Pendant of Reprieve,Epic,52.99,,Season 3,PvP,3,https://tbc.wowhead.com/item=35317,,17,16,,,23,Yellow
,3,Ritssyn's Lost Pendant (Shadow),Ritssyn's Lost Pendant (Shadow),Epic,51.00,,Karazhan,Trash,1,https://tbc.wowhead.com/item=30666,,51
,4,Eye of the Night (GROUP BUFF),Eye of the Night (GROUP BUFF),Rare,50.97,38.67,Jewelcrafting,Crafted,1,https://tbc.wowhead.com/item=24116,,34,,16,26
,5,The Sun King's Talisman,The Sun King's Talisman,Epic,46.30,,Tempest Keep,Kael'thas and the Verdant Sphere,2,https://tbc.wowhead.com/item=30015,,41,16,,24
,6,Vindicator's Pendant of Dominance,Vindicator's Pendant of Dominance,Epic,43.24,,Season 3,PvP,3,https://tbc.wowhead.com/item=33921,,30,20,,,,Yellow
,7,Vindicator's Pendant of Conquest,Vindicator's Pendant of Conquest,Epic,41.70,,Season 3,PvP,3,https://tbc.wowhead.com/item=33920,,25,15,,21,,Yellow
,8,Veteran's Pendant of Dominance,Veteran's Pendant of Dominance,Epic,38.99,,Season 2,PvP,2,https://tbc.wowhead.com/item=33065,,26,16,,,,Yellow
,9,Brooch of Unquenchable Fury,Brooch of Unquenchable Fury,Epic,38.84,27.30,Karazhan,Moroes,1,https://tbc.wowhead.com/item=28530,,26,21,15
,10,Pendant of Dominance,Pendant of Dominance,Epic,38.74,,,PvP,1,https://tbc.wowhead.com/item=28245,,26,12,,,,Yellow
,11,Pendant of the Lost Ages,Pendant of the Lost Ages,Epic,37.05,,Serpentshrine Cavern,Morogrim Tidewalker,2,https://tbc.wowhead.com/item=30008,,36,17
,12,Veteran's Pendant of Conquest,Veteran's Pendant of Conquest,Epic,36.98,,Season 2,PvP,2,https://tbc.wowhead.com/item=33067,,21,12,,18,,Yellow
,13,Adornment of Stolen Souls,Adornment of Stolen Souls,Epic,33.37,,Karazhan,Prince Malchezaar,1,https://tbc.wowhead.com/item=28762,,28,20,,23
,14,Brooch of Heightened Potential,Brooch of Heightened Potential,Rare,32.30,25.38,Shadow Labyrinth,Blackheart the Inciter,1,https://tbc.wowhead.com/item=28134,,22,14,9,14
,15,Hydra-fang Necklace,Hydra-fang Necklace,Rare,32.30,19.99,Underbog,Ghaz'an,1,https://tbc.wowhead.com/item=27758,,19,16,16
,,Shoulders,,,,,,,,,,sp,int,hit,crit,haste,socket
,1,Hatefury Mantle,Hatefury Mantle,Epic,84.42,,Hyjal Summit,Anetheron,3,https://tbc.wowhead.com/item=30884,,55,18,,24,,Blue,Yellow
,2,Shoulderpads of Absolution,Shoulderpads of Absolution,Epic,83.96,74.73,Black Temple,Mother Shahraz,3,https://tbc.wowhead.com/item=31070,,46,27,12,17,,Yellow,Blue
,3,Mantle of Nimble Thought,Mantle of Nimble Thought,Epic,83.61,,Tailoring,Crafted,3,https://tbc.wowhead.com/item=32587,,44,26,,,38
,4,Frozen Shadoweave Shoulders (Shadow/Frost),Frozen Shadoweave Shoulders (Shadow/Frost),Epic,74.93,,Tailoring,Crafted,1,https://tbc.wowhead.com/item=21869,,50,15,,,,Yellow,Blue
,5,Blood-cursed Shoulderpads,Blood-cursed Shoulderpads,Epic,74.51,60.67,Black Temple,Gurtogg Bloodboil,3,https://tbc.wowhead.com/item=32338,,55,19,18,25
,6,Wings of the Avatar,Wings of the Avatar,Epic,72.18,,Tempest Keep,Void Reaver,2,https://tbc.wowhead.com/item=30163,,41,24,,17,,Yellow,Blue
,7,Illidari Shoulderpads,Illidari Shoulderpads,Epic,67.30,,Serpentshrine Cavern,Morogrim Tidewalker,2,https://tbc.wowhead.com/item=30079,,39,23,,16,,Yellow,Yellow
,8,Mantle of the Elven Kings,Mantle of the Elven Kings,Epic,60.32,46.47,Tempest Keep,Trash,2,https://tbc.wowhead.com/item=30024,,39,18,18,25
,9,Vengeful Gladiator's Satin Mantle,Vengeful Gladiator's Satin Mantle,Epic,57.36,,Season 3,PvP,3,https://tbc.wowhead.com/item=33747,,32,22,,,,Red,Yellow
,10,Soul-Mantle of the Incarnate,Soul-Mantle of the Incarnate,Epic,56.72,,Gruul's Lair,High King Maulgar,1,https://tbc.wowhead.com/item=29060,,29,28,,,,Red,Blue
,11,Spaulders of Oblivion,Spaulders of Oblivion,Rare,54.05,,Shadow Labyrinth,Murmur,1,https://tbc.wowhead.com/item=27778,,29,17,,,,Yellow,Blue
,12,Merciless Gladiator's Satin Mantle,Merciless Gladiator's Satin Mantle,Epic,52.18,,Season 2,PvP,2,https://tbc.wowhead.com/item=32037,,27,19,,,,Red,Yellow
,13,Mana-Etched Spaulders,Mana-Etched Spaulders,Rare,47.93,,Slave Pens,Quagmirran,1,https://tbc.wowhead.com/item=27796,,20,17,,16,,Yellow,Red
,14,Gladiator's Satin Mantle,Gladiator's Satin Mantle,Epic,47.36,,Season 1,PvP,1,https://tbc.wowhead.com/item=27710,,22,22,,,,Red,Yellow
,15,Incanter's Pauldrons,Incanter's Pauldrons,Rare,46.81,,Steamvault,Warlord Kalithresh,1,https://tbc.wowhead.com/item=27738,,20,17,,,,Yellow,Red
,,Back,,,,,,,,,,sp,int,hit,crit,haste,socket
,1,Nethervoid Cloak (Shadow),Nethervoid Cloak (Shadow),Epic,67.96,54.12,Hyjal Summit,Trash,3,https://tbc.wowhead.com/item=32590,,53,18,18
,2,Shroud of the Highborne,Shroud of the Highborne,Epic,56.43,,Black Temple,Illidan Stormrage,3,https://tbc.wowhead.com/item=32524,,23,23,,,32
,3,Cloak of the Illidari Council,Cloak of the Illidari Council,Epic,47.48,,Black Temple,High Nethermancer Zerevor,3,https://tbc.wowhead.com/item=32331,,42,16,,25
,4,Illidari Cloak of Wrath,Illidari Cloak of Wrath,Rare,47.00,,,World Drop,1,https://tbc.wowhead.com/item=31201,,47
,5,Royal Cloak of the Sunstriders,Royal Cloak of the Sunstriders,Epic,45.36,,Tempest Keep,Kael'thas Sunstrider,2,https://tbc.wowhead.com/item=29992,,44,22
,6,Ruby Drape of the Mysticant,Ruby Drape of the Mysticant,Epic,45.15,31.30,Karazhan,Prince Malchezaar,1,https://tbc.wowhead.com/item=28766,,30,21,18
,7,Drape of the Righteous,Drape of the Righteous,Epic,43.81,,Karazhan,Trash,1,https://tbc.wowhead.com/item=30642,,43,13
,8,Ambusher's Cloak of Wrath,Ambusher's Cloak of Wrath,Uncommon,42.00,,,World Drop,1,https://tbc.wowhead.com/item=25041,,42
,9,Ancient Spellcloak of the Highborne,Ancient Spellcloak of the Highborne,Epic,40.34,,Hellfire Peninsula,Doom Lord Kazzak,1,https://tbc.wowhead.com/item=30735,,36,15,,19
,10,Shadow-Cloak of Dalaran,Shadow-Cloak of Dalaran,Epic,37.12,,Karazhan,Moroes,1,https://tbc.wowhead.com/item=28570,,36,18
,11,Cloak of the Devoured,Cloak of the Devoured,Epic,36.77,30.62,Classic,,0,https://tbc.wowhead.com/item=22731,,30,10,8
,12,Cloak of the Black Void,Cloak of the Black Void,Rare,35.68,,Tailoring,Crafted,1,https://tbc.wowhead.com/item=24252,,35,11
,13,Cloak of the Necropolis,Cloak of the Necropolis,Epic,35.35,29.20,Naxxramas,Sapphiron,1,https://tbc.wowhead.com/item=23050,,26,11,8,14
,14,Terokk's Wisdom,Terokk's Wisdom,Epic,33.99,,Terokkar Forest,Terokk,1,https://tbc.wowhead.com/item=32541,,33,16
,15,Cloak of Entropy,Cloak of Entropy,Rare,33.37,25.68,,World Drop,1,https://tbc.wowhead.com/item=31140,,25,11,10
,,Chest,,,,,,,,,,sp,int,hit,crit,haste,socket
,1,Vestments of the Sea-Witch,Vestments of the Sea-Witch,Epic,121.07,100.30,Serpentshrine Cavern,Lady Vashj,2,https://tbc.wowhead.com/item=30107,,57,28,27,31,,Yellow,Yellow,Blue
,2,Shroud of Absolution,Shroud of Absolution,Epic,118.57,103.19,Black Temple,Illidan Stormrage,3,https://tbc.wowhead.com/item=31065,,61,39,20,21,,Yellow,Yellow,Blue
,3,Shroud of the Avatar,Shroud of the Avatar,Epic,109.98,95.37,Tempest Keep,Kael'thas Sunstrider,2,https://tbc.wowhead.com/item=30159,,55,35,19,,,Yellow,Yellow,Blue
,4,Robes of Rhonin,Robes of Rhonin,Epic,108.43,87.66,Hyjal Summit,Archimonde,3,https://tbc.wowhead.com/item=30913,,81,38,27,24
,5,Shroud of the Incarnate,Shroud of the Incarnate,Epic,98.94,85.86,Magtheridon's Lair,Magtheridon,1,https://tbc.wowhead.com/item=29056,,46,25,17,,,Red,Blue,Blue
,6,Frozen Shadoweave Robe (Shadow/Frost),Frozen Shadoweave Robe (Shadow/Frost),Epic,97.24,,Tailoring,Crafted,1,https://tbc.wowhead.com/item=21871,,72,20,,,,Yellow,Blue
,7,Robe of Hateful Echoes,Robe of Hateful Echoes,Epic,92.72,,Serpentshrine Cavern,Hydross the Unstable,2,https://tbc.wowhead.com/item=30056,,50,36,,25,,Red,Yellow,Yellow
,8,Auchenai Anchorite's Robe,Auchenai Anchorite's Robe,Rare,83.18,65.49,Terokkar Forest,Everything Will Be Alright,1,https://tbc.wowhead.com/item=29341,,28,24,23,,,Yellow,Yellow,Red
,9,Robe of the Shadow Council,Robe of the Shadow Council,Epic,83.12,,Black Temple,Teron Gorefiend,3,https://tbc.wowhead.com/item=32327,,73,36,,28
,10,Vengeful Gladiator's Satin Robe,Vengeful Gladiator's Satin Robe,Epic,77.67,,Season 3,PvP,3,https://tbc.wowhead.com/item=33748,,40,27,,,,Red,Yellow,Yellow
,11,Robe of Oblivion,Robe of Oblivion,Rare,77.24,,Shadow Labyrinth,Murmur,1,https://tbc.wowhead.com/item=28232,,40,20,,,,Red,Yellow,Blue
,12,Warp Infused Drape,Warp Infused Drape,Rare,76.97,67.74,Botanica,Warp Splinter,1,https://tbc.wowhead.com/item=28342,,30,28,12,,,Red,Blue,Yellow
,13,Robe of the Crimson Order,Robe of the Crimson Order,Rare,74.50,51.43,,,1,https://tbc.wowhead.com/item=31297,,50,23,30
,14,Merciless Gladiator's Satin Robe,Merciless Gladiator's Satin Robe,Epic,72.49,,Season 2,PvP,2,https://tbc.wowhead.com/item=32038,,35,24,,,,Red,Yellow,Yellow
,15,Incanter's Robe,Incanter's Robe,Rare,70.22,,Botanica,Warp Splinter,1,https://tbc.wowhead.com/item=28229,,29,22,,8,,Yellow,Yellow,Red
,,Wrist,,,,,,,,,,sp,int,hit,crit,haste,socket
,1,Bracers of Nimble Thought,Bracers of Nimble Thought,Epic,63.24,,Tailoring,Crafted,3,https://tbc.wowhead.com/item=32586,,34,20,,,28
,2,Ravager's Cuffs of Wrath,Ravager's Cuffs of Wrath,Epic,59.00,,Karazhan,Rokad the Ravager,1,https://tbc.wowhead.com/item=30684/ravagers-cuffs,,59
,3,Focused Mana Bindings,Focused Mana Bindings,Epic,57.85,43.24,Black Temple,Shade of Akama,3,https://tbc.wowhead.com/item=32270,,42,20,19
,4,Cuffs of Devastation,Cuffs of Devastation,Epic,51.84,,Hyjal Summit,Rage Winterchill,3,https://tbc.wowhead.com/item=30870,,34,20,,14,,Yellow
,5,Illidari Bindings of Wrath,Illidari Bindings of Wrath,Rare,47.00,,Shadowmoon Valley,Ambassador Jerrikar,1,https://tbc.wowhead.com/item=31225/illidari-bindings,,47
,6,Elementalist Bracelets of Wrath,Elementalist Bracelets of Wrath,Uncommon,45.00,,,World Drop,1,https://tbc.wowhead.com/item=24692,,45
,7,Vindicator's Silk Cuffs,Vindicator's Silk Cuffs,Epic,43.06,,Season 3,PvP,3,https://tbc.wowhead.com/item=33913,,27,22,,15,,Yellow
,8,Bracers of Havok,Bracers of Havok,Rare,42.74,,Tailoring,Crafted,1,https://tbc.wowhead.com/item=24250,,30,12,,,,Yellow
,9,Vindicator's Dreadweave Cuffs,Vindicator's Dreadweave Cuffs,Epic,42.24,,Season 3,PvP,3,https://tbc.wowhead.com/item=33883,,29,20,,,,Yellow
,10,Mindstorm Wristbands,Mindstorm Wristbands,Epic,40.93,,Tempest Keep,Al'ar,2,https://tbc.wowhead.com/item=29918,,36,13,,23
,11,Crystalweave Bracers,Crystalweave Bracers,Epic,38.15,,Tailoring,Crafted,2,https://tbc.wowhead.com/item=32655,,23,16,,12,,Red
,12,Veteran's Dreadweave Cuffs,Veteran's Dreadweave Cuffs,Epic,37.99,,Season 2,PvP,2,https://tbc.wowhead.com/item=32811,,25,16,,,,Yellow
,13,Veteran's Silk Cuffs,Veteran's Silk Cuffs,Epic,37.63,,Season 2,PvP,2,https://tbc.wowhead.com/item=32820,,22,18,,14,,Yellow
,14,General's Silk Cuffs,General's Silk Cuffs,Epic,35.21,,Season 1,PvP,1,https://tbc.wowhead.com/item=28411,,20,17,,12,,Yellow
,15,Marshal's Silk Cuffs,Marshal's Silk Cuffs,Epic,35.21,,,PvP,1,https://tbc.wowhead.com/item=29002,,20,17,,12,,Yellow
,,Hands,,,,,,,,,,sp,int,hit,crit,haste,socket
,1,Handguards of Absolution,Handguards of Absolution,Epic,74.54,59.92,Hyjal Summit,Azgalor,3,https://tbc.wowhead.com/item=31061,,46,31,19,,,Yellow
,2,Anger-Spark Gloves,Anger-Spark Gloves,Epic,73.87,58.49,Shadowmoon Valley,Doomwalker,1,https://tbc.wowhead.com/item=30725,,30,,20,25,,Red,Red
,3,Handwraps of Flowing Thought,Handwraps of Flowing Thought,Epic,71.13,60.36,Karazhan,Attumen the Huntsman,1,https://tbc.wowhead.com/item=28507,,35,22,14,,,Yellow,Blue
,4,Soul-Eater's Handwraps,Soul-Eater's Handwraps,Epic,65.26,,Magtheridon's Lair,Magtheridon,1,https://tbc.wowhead.com/item=28780,,36,24,,21,,Yellow,Blue
,5,Handguards of the Avatar,Handguards of the Avatar,Epic,59.27,45.42,,,2,https://tbc.wowhead.com/item=30160,,41,27,18
,6,Manaspark Gloves,Manaspark Gloves,Rare,53.51,41.97,The Underbog,Hungarfen,1,https://tbc.wowhead.com/item=24450,,16,14,15,,,Red,Yellow
,7,Tempest's Touch,Tempest's Touch,Rare,52.90,,,Return to Andormu,1,https://tbc.wowhead.com/item=29317,,27,20,,,,Blue,Blue
,8,Gauntlets of the Sun King,Gauntlets of the Sun King,Epic,51.02,,Tempest Keep,Kael'thas Sunstrider,2,https://tbc.wowhead.com/item=29987,,42,29,,28
,9,Mana-Etched Gloves,Mana-Etched Gloves,Rare,47.93,,Hellfire Ramparts,Omor the Unscarred,1,https://tbc.wowhead.com/item=27465,,20,17,,16,,Red,Yellow
,10,Gloves of the Deadwatcher,Gloves of the Deadwatcher,Rare,44.33,30.49,Auchenai Crypts,Shirrak the Dead Watcher,1,https://tbc.wowhead.com/item=27493,,29,24,18
,11,Dark Storm Gauntlets,Dark Storm Gauntlets,Epic,44.08,37.93,Classic,,0,https://tbc.wowhead.com/item=21585,,37,15,8
,12,Gloves of Oblivion,Gloves of Oblivion,Rare,42.69,27.30,Shattered Halls,Warchief Kargath Bladefist,1,https://tbc.wowhead.com/item=27537,,26,21,20
,13,Jaedenfire Gloves of Annihilation (Shadow),Jaedenfire Gloves of Annihilation (Shadow),Rare,40.55,,Shadow Labyrinth,Ambassador Hellmaw,1,https://tbc.wowhead.com/item=27889,,39,25
,14,Gloves of the Incarnate,Gloves of the Incarnate,Epic,38.23,,,,1,https://tbc.wowhead.com/item=29057,,30,26,,24
,15,Gloves of Pandemonium,Gloves of Pandemonium,Rare,37.57,29.88,,World Drop,1,https://tbc.wowhead.com/item=31149,,25,15,10,22
,,Waist,,,,,,,,,,sp,int,hit,crit,haste,socket
,1,Belt of Blasting,Belt of Blasting,Epic,97.08,79.39,Tailoring,Crafted,2,https://tbc.wowhead.com/item=30038,,50,,23,30,,Blue,Yellow
,2,Cord of Screaming Terrors,Cord of Screaming Terrors,Epic,93.39,74.93,Serpentshrine Cavern,The Lurker Below,2,https://tbc.wowhead.com/item=30064,,50,15,24,,,Yellow,Yellow
,3,Waistwrap of Infinity,Waistwrap of Infinity,Epic,89.36,,Black Temple,Supremus,3,https://tbc.wowhead.com/item=32256,,56,22,,,32
,4,Anetheron's Noose,Anetheron's Noose,Epic,84.73,,Hyjal Summit,Anetheron,3,https://tbc.wowhead.com/item=30888,,55,23,,24,,Yellow,Blue
,5,Lurker's Cord of the Wrath,Lurker's Cord of the Wrath,Epic,79.00,,Karazhan,Hyakiss the Lurker,1,https://tbc.wowhead.com/item=30675/lurkers-cord,,79
,6,Belt of Divine Inspiration,Belt of Divine Inspiration,Epic,68.61,,Gruul's Lair,High King Maulgar,1,https://tbc.wowhead.com/item=28799,,43,26,,,,Yellow,Blue
,7,Girdle of Ruination,Girdle of Ruination,Epic,67.40,,Tailoring,Crafted,1,https://tbc.wowhead.com/item=24256,,39,13,,20,,Red,Yellow
,8,Glyph-Lined Sash,Glyph-Lined Sash,Rare,57.04,,Mana-Tombs,Nexus-Prince Shaffar,1,https://tbc.wowhead.com/item=27843,,30,23,,9,,Yellow,Yellow
,9,Unyielding Girdle,Unyielding Girdle,Epic,56.00,,Tailoring,Crafted,1,https://tbc.wowhead.com/item=24255,,32,,,,,Blue,Yellow
,10,Belt of Depravity,Belt of Depravity,Epic,48.75,35.67,Arcatraz,Harbinger Skyriss,1,https://tbc.wowhead.com/item=29241,,34,27,17
,11,Mindfire Waistband,Mindfire Waistband,Rare,48.72,,Blood Furnace,Keli'dan the Breaker,1,https://tbc.wowhead.com/item=24395,,21,14,,11,,Yellow,Blue
,12,Eyestalk Waist Cord,Eyestalk Waist Cord,Epic,44.07,,Classic,,0,https://tbc.wowhead.com/item=22730,,41,9,,14
,13,Dragonmaw Augur's Cinch,Dragonmaw Augur's Cinch,Uncommon,43.30,,,A Job Unfinished...,0,https://tbc.wowhead.com/item=32867,,18,21,,,,Blue,Red
,14,Dragonmaw Augur's Cinch,Dragonmaw Augur's Cinch,Uncommon,43.30,,,A Job Unfinished...,0,https://tbc.wowhead.com/item=32867,,18,21,,,,Blue,Red
,15,Vindicator's Dreadweave Belt,Vindicator's Dreadweave Belt,Epic,42.98,,Season 3,PvP,3,https://tbc.wowhead.com/item=33882,,41,32
,,Ring,,,,,,,,,,sp,int,hit,crit,haste,socket
,1,Ring of Ancient Knowledge,Ring of Ancient Knowledge,Epic,71.24,,Black Temple,Trash,3,https://tbc.wowhead.com/item=32527,,39,20,,,31
,2,Ring of Captured Storms,Ring of Captured Storms,Epic,61.82,47.21,Black Temple,High Warlord Naj'entus,3,https://tbc.wowhead.com/item=32247,,42,,19,29
,3,Blessed Band of Karabor,Blessed Band of Karabor,Epic,56.24,,Black Temple,Trash,3,https://tbc.wowhead.com/item=32528,,25,20,,,30
,4,Band of the Eternal Sage,Band of the Eternal Sage,Epic,54.86,,Tanaris,Sage's Covenant,3,https://tbc.wowhead.com/item=29305,,49,25,,24
,5,Ring of the Fallen God,Ring of the Fallen God,Epic,43.53,37.37,Classic,,0,https://tbc.wowhead.com/item=21709,,37,6,8
,6,Band of the Inevitable,Band of the Inevitable,Epic,42.15,36.00,Naxxramas,Noth the Plaguebringer,1,https://tbc.wowhead.com/item=23031,,36,,8
,7,Band of Crimson Fury,Band of Crimson Fury,Epic,41.67,29.36,Magtheridon's Lair,The Fall of Magtheridon,1,https://tbc.wowhead.com/item=28793,,28,22,16
,8,Ring of Endless Coils,Ring of Endless Coils,Epic,40.95,,Serpentshrine Cavern,Lady Vashj,2,https://tbc.wowhead.com/item=30109,,37,,,22
,9,Band of Eternity (revered),Band of Eternity (revered),Epic,39.86,,Tanaris,Sage's Oath,3,https://tbc.wowhead.com/item=29304,,34,25,,24
,10,Ashyen's Gift,Ashyen's Gift,Epic,39.15,23.00,Cenarion Expedition,Exalted,1,https://tbc.wowhead.com/item=29172,,23,,21
,11,Band of Al'ar,Band of Al'ar,Epic,38.43,,Tempest Keep,Al'ar,2,https://tbc.wowhead.com/item=29922,,37,23
,12,Band of Eternity (honored),Band of Eternity (honored),Epic,37.38,,Tanaris,Sage's Vow,3,https://tbc.wowhead.com/item=29303,,32,23,,22
,13,Seal of the Exorcist,Seal of the Exorcist,Epic,37.23,28.00,Spirit Shard,PvP,1,https://tbc.wowhead.com/item=28555,,28,,12
,14,Corruptor's Signet,Corruptor's Signet,Epic,36.62,,Blade's Edge Mountains,Shartuul,3,https://tbc.wowhead.com/item=32941,,33,12,,16
,15,Ring of Recurrence,Ring of Recurrence,Epic,36.34,,Karazhan,Chess Event,1,https://tbc.wowhead.com/item=28753,,32,15,,19
,,Legs,,,,,,,,,,sp,int,hit,crit,haste,socket
,1,Leggings of Channeled Elements,Leggings of Channeled Elements,Epic,119.76,105.92,Hyjal Summit,Kaz'rogal,3,https://tbc.wowhead.com/item=30916,,59,28,18,34,,Yellow,Yellow,Blue
,2,Leggings of Devastation,Leggings of Devastation,Epic,118.60,98.60,Black Temple,Mother Shahraz,3,https://tbc.wowhead.com/item=32367,,60,42,26,,,Yellow,Yellow,Blue
,3,Leggings of the Seventh Circle,Leggings of the Seventh Circle,Epic,105.70,91.85,Hellfire Peninsula,Doom Lord Kazzak,1,https://tbc.wowhead.com/item=30734,,50,22,18,25,,Red,Yellow,Yellow
,4,Spellstrike Pants,Spellstrike Pants,Epic,104.09,87.16,Tailoring,Crafted,1,https://tbc.wowhead.com/item=24262,,46,8,22,26,,Blue,Yellow,Red
,5,Trousers of the Astromancer,Trousers of the Astromancer,Epic,94.65,,Tempest Keep,High Astromancer Solarian,2,https://tbc.wowhead.com/item=29972,,54,36,,,,Blue,Yellow,Blue
,6,Leggings of the Avatar,Leggings of the Avatar,Epic,93.55,74.32,Serpentshrine Cavern,Fathom-Lord Karathress,2,https://tbc.wowhead.com/item=30162,,54,36,25,18,,Yellow
,7,Trial-Fire Trousers,Trial-Fire Trousers,Epic,87.48,,Karazhan,The Big Bad Wolf,1,https://tbc.wowhead.com/item=28594,,49,40,,,,Yellow,Yellow,Yellow
,8,Leggings of Absolution,Leggings of Absolution,Epic,84.65,,Black Temple,Illidari Council,3,https://tbc.wowhead.com/item=31067,,62,41,,28,,Yellow
,9,Breeches of the Occultist,Breeches of the Occultist,Epic,77.49,,Black Morass,Aeonus,1,https://tbc.wowhead.com/item=30531,,36,22,,23,,Blue,Yellow,Yellow
,10,Kirin Tor Master's Trousers,Kirin Tor Master's Trousers,Epic,76.55,,Shadow Labyrinth,Murmur,1,https://tbc.wowhead.com/item=30532,,36,29,,,,Red,Yellow,Blue
,11,Khadgar's Kilt of Abjuration,Khadgar's Kilt of Abjuration,Rare,75.01,,Black Morass,Temporus,1,https://tbc.wowhead.com/item=28185,,36,22,,,,Yellow,Blue,Blue
,12,Battlecast Pants,Battlecast Pants,Epic,71.67,,Tailoring,Crafted,1,https://tbc.wowhead.com/item=24263,,46,27,,,,Red,Blue
,13,Devil-Stitched Leggings,Devil-Stitched Leggings,Rare,66.74,,Botanica,Laj,1,https://tbc.wowhead.com/item=28338,,29,28,,,,Red,Yellow,Blue
,14,Aran's Sorcerous Slacks,Aran's Sorcerous Slacks,Rare,64.51,,Old Hillsbrad Foothills,Lieutenant Drake,1,https://tbc.wowhead.com/item=28212,,23,28,,21,,Red,Yellow,Blue
,15,Vengeful Gladiator's Satin Leggings,Vengeful Gladiator's Satin Leggings,Epic,58.98,,Season 3,PvP,3,https://tbc.wowhead.com/item=33746,,57,32
,,Feet,,,,,,,,,,sp,int,hit,crit,haste,socket
,1,Frozen Shadoweave Boots (Shadow/Frost),Frozen Shadoweave Boots (Shadow/Frost),Epic,81.56,,Tailoring,Crafted,1,https://tbc.wowhead.com/item=21870,,57,9,,,,Yellow,Blue
,2,Glider's Foot-Wraps of Wrath,Glider's Foot-Wraps of Wrath,Epic,79.00,,Karazhan,Shadikith the Glider,1,https://tbc.wowhead.com/item=30680/gliders-foot-wraps,,79
,3,Slippers of the Seacaller,Slippers of the Seacaller,Epic,76.30,,Black Temple,High Warlord Naj'entus,3,https://tbc.wowhead.com/item=32239,,44,18,,29,,Yellow,Blue
,4,Boots of the Shifting Nightmare (Shadow),Boots of the Shifting Nightmare (Shadow),Epic,74.21,60.36,Serpentshrine Cavern,Hydross the Unstable,2,https://tbc.wowhead.com/item=30050,,59,22,18
,5,Blue Suede Shoes,Blue Suede Shoes,Epic,71.83,57.98,Hyjal Summit,Kaz'rogal,3,https://tbc.wowhead.com/item=30894,,56,32,18
,6,Boots of Blasting,Boots of Blasting,Epic,58.88,45.04,Tailoring,Crafted,2,https://tbc.wowhead.com/item=30037,,39,25,18,25
,7,Velvet Boots of the Guardian,Velvet Boots of the Guardian,Epic,56.26,,Serpentshrine Cavern,The Lurker Below,2,https://tbc.wowhead.com/item=30067,,49,21,,24
,8,Boots of Foretelling,Boots of Foretelling,Epic,54.84,,Karazhan,Maiden of Virtue,1,https://tbc.wowhead.com/item=28517,,26,23,,19,,Red,Yellow
,9,Shattrath Jumpers,Shattrath Jumpers,Rare,54.05,,,Into the Heart of the Labyrinth,1,https://tbc.wowhead.com/item=28179,,29,17,,,,Blue,Yellow
,10,Ruby Slippers,Ruby Slippers,Epic,49.11,36.80,Karazhan,The Crone,1,https://tbc.wowhead.com/item=28585,,35,29,16
,11,Sigil-Laced Boots,Sigil-Laced Boots,Rare,48.17,,Arcatraz,Harbinger Skyriss,1,https://tbc.wowhead.com/item=28406,,20,18,,17,,Red,Yellow
,12,Rocket Boots Xtreme Lite,Rocket Boots Xtreme Lite,Rare,47.00,,Engineering,Crafted,1,https://tbc.wowhead.com/item=35581,,47
,13,Shalassi Oracle's Sandals,Shalassi Oracle's Sandals,Rare,45.99,,,Rescue Deirom!,1,https://tbc.wowhead.com/item=25970,,18,21,,15,,Red,Yellow
,14,Vindicator's Dreadweave Stalkers,Vindicator's Dreadweave Stalkers,Epic,42.98,,Season 3,PvP,3,https://tbc.wowhead.com/item=33884,,41,32
,15,Embroidered Spellpyre Boots,Embroidered Spellpyre Boots,Rare,42.30,,Blood Furnace,Broggok,1,https://tbc.wowhead.com/item=27848,,41,21
,,Trinket,,,,,,,,,,sp,int,hit,crit,haste,socket
,1,The Skull of Gul'dan,The Skull of Gul'dan,Epic,103.23,84.00,Black Temple,Illidan Stormrage,3,https://tbc.wowhead.com/item=32483,,55,,25,,29
,2,Mark of the Champion (undead/demon),Mark of the Champion (undead/demon),Epic,85.00,,Naxxramas,The Fall of Kel'Thuzad,1,https://tbc.wowhead.com/item=23207,,85
,3,Darkmoon Card: Crusade,Darkmoon Card: Crusade,Epic,80.00,,Darkmoon Faire,,2,https://tbc.wowhead.com/item=31856,,80
,4,Quagmirran's Eye,Quagmirran's Eye,Rare,77.00,,Slave Pens,Quagmirran,1,https://tbc.wowhead.com/item=27683,,37,,,,40
,5,Eye of Magtheridon,Eye of Magtheridon,Epic,71.00,,Magtheridon's Lair,Magtheridon,1,https://tbc.wowhead.com/item=28789,,71
,6,Icon of the Silver Crescent,Icon of the Silver Crescent,Epic,69.00,,Badge of Justice,G'eras,1,https://tbc.wowhead.com/item=29370,,69
,7,Dark Iron Smoking Pipe,Dark Iron Smoking Pipe,Epic,68.83,,,,3,https://tbc.wowhead.com/item=38290,,68.83333333
,8,Sextant of Unstable Currents,Sextant of Unstable Currents,Epic,66.18,,Serpentshrine Cavern,Fathom-Lord Karathress,2,https://tbc.wowhead.com/item=30626,,59,,,40
,9,The Restrained Essence of Sapphiron,The Restrained Essence of Sapphiron,Epic,62.00,,Naxxramas,Sapphiron,0,https://tbc.wowhead.com/item=23046,,62
,10,Neltharion's Tear,Neltharion's Tear,Epic,56.31,44.00,Classic,,0,https://tbc.wowhead.com/item=19379,,44,,16
,11,Scryer's Bloodgem,Scryer's Bloodgem,Rare,49.61,25.00,The Scryers,Revered,1,https://tbc.wowhead.com/item=29132,,25,,32
,12,Arcanist's Stone,Arcanist's Stone,Rare,48.23,29.00,Old Hillsbrad Foothills,Epoch Hunter,1,https://tbc.wowhead.com/item=28223,,29,,25
,13,Shiffar's Nexus-Horn,Shiffar's Nexus-Horn,Rare,46.39,,Arcatraz,Harbinger Skyriss,1,https://tbc.wowhead.com/item=28418,,41,,,30
,14,Ancient Crystal Talisman,Ancient Crystal Talisman,Uncommon,43.00,,Seer Janidi,A Spirit Ally?,1,https://tbc.wowhead.com/item=25620,,43
,15,Starkiller's Bauble,Starkiller's Bauble,Uncommon,40.83,20.83,,The Horrors of Pollution,0,https://tbc.wowhead.com/item=30340,,20.83,,26
,,One Hand,,,,,,,,,,sp,int,hit,crit,haste,socket
,1,Vengeful Gladiator's Gavel,Vengeful Gladiator's Gavel,Epic,261.32,248.24,Season 3,PvP,3,https://tbc.wowhead.com/item=33687,,247,20,17
,2,Vengeful Gladiator's Spellblade,Vengeful Gladiator's Spellblade,Epic,261.32,248.24,Season 3,PvP,3,https://tbc.wowhead.com/item=33763,,247,20,17
,3,Hammer of Judgement,Hammer of Judgement,Epic,254.29,237.36,Hyjal Summit,Trash,3,https://tbc.wowhead.com/item=34009,,236,22,22
,4,The Maelstrom's Fury,The Maelstrom's Fury,Epic,241.25,,Black Temple,High Warlord Naj'entus,3,https://tbc.wowhead.com/item=32237,,236,21,,22
,5,Merciless Gladiator's Spellblade,Merciless Gladiator's Spellblade,Epic,237.65,226.12,Season 2,PvP,2,https://tbc.wowhead.com/item=32053,,225,18,15
,6,Merciless Gladiator's Gavel,Merciless Gladiator's Gavel,Epic,237.65,226.12,Season 2,PvP,2,https://tbc.wowhead.com/item=32963,,225,18,15
,7,Talon of the Tempest,Talon of the Tempest,Epic,228.95,222.03,Shadowmoon Valley,Doomwalker,1,https://tbc.wowhead.com/item=30723,,194,10,9,19,,Yellow,Yellow
,8,Nathrezim Mindblade,Nathrezim Mindblade,Epic,208.24,,Karazhan,Prince Malchezaar,1,https://tbc.wowhead.com/item=28770,,203,18,,23
,9,Gladiator's Spellblade,Gladiator's Spellblade,Epic,200.12,,Season 1,PvP,1,https://tbc.wowhead.com/item=28297,,199,18
,10,Gladiator's Gavel,Gladiator's Gavel,Epic,200.12,,Season 1,PvP,1,https://tbc.wowhead.com/item=32450,,199,18
,11,Illidari-Bane Mageblade (Demon),Illidari-Bane Mageblade (Demon),Rare,189.27,,Shadowmoon Valley,Quenching the Blade,1,https://tbc.wowhead.com/item=30787,,185,11,,20
,12,Eternium Runed Blade,Eternium Runed Blade,Epic,172.95,,Blacksmithing,Crafted,1,https://tbc.wowhead.com/item=23554,,168,19,,21
,13,Gavel of Unearthed Secrets,Gavel of Unearthed Secrets,Epic,162.68,,Lower City,Exalted,1,https://tbc.wowhead.com/item=30832,,159,16,,15
,14,Starlight Dagger,Starlight Dagger,Rare,134.24,121.93,Slave Pens,Mennu the Betrayer,1,https://tbc.wowhead.com/item=27543,,121,15,16
,15,Sky Breaker,Sky Breaker,Rare,133.24,,Auchenai Crypts,Avatar of the Martyred,1,https://tbc.wowhead.com/item=27937,,132,20
,,Off Hand,,,,,,,,,,sp,int,hit,crit,haste,socket
,2,Blind-Seers Icon,Blind-Seers Icon,Epic,61.45,42.99,Black Temple,Shade of Akama,3,https://tbc.wowhead.com/item=32361,,42,16,24
,3,Chronicle of Dark Secrets,Chronicle of Dark Secrets,Epic,59.95,46.87,Hyjal Summit,Rage Winterchill,3,https://tbc.wowhead.com/item=30872,,42,12,17,23
,4,Orb of the Soul-Eater (Shadow),Orb of the Soul-Eater (Shadow),Epic,51.00,,Badge of Justice,G'eras,1,https://tbc.wowhead.com/item=29272,,51
,5,Khadgar's Knapsack,Khadgar's Knapsack,Epic,49.00,,Badge of Justice,Weapons Vendor,1,https://tbc.wowhead.com/item=29273,,49
,6,Draenei Crystal Rod of Wrath,Draenei Crystal Rod of Wrath,Uncommon,45.00,,,World Drop,1,https://tbc.wowhead.com/item=25099,,45
,7,Fathomstone,Fathomstone,Epic,40.87,,Serpentshrine Cavern,Hydross the Unstable,2,https://tbc.wowhead.com/item=30049,,36,12,,23
,8,Jewel of Infinite Possibilities,Jewel of Infinite Possibilities,Epic,40.27,24.12,Karazhan,Netherspite,1,https://tbc.wowhead.com/item=28734,,23,18,21
,9,Karrog's Shard,Karrog's Shard,Rare,37.15,,,,1,https://tbc.wowhead.com/item=32533,,35,,,12
,10,Karaborian Talisman,Karaborian Talisman,Epic,36.43,,Magtheridon's Lair,Magtheridon,1,https://tbc.wowhead.com/item=28781,,35,23
,11,Merciless Gladiator's Endgame,Merciless Gladiator's Endgame,Epic,34.18,,Season 2,PvP,2,https://tbc.wowhead.com/item=31978,,33,19
,12,Crystal Orb of Enlightenment,Crystal Orb of Enlightenment,Epic,33.99,,Jho'nass,,1,https://tbc.wowhead.com/item=32651,,33,16
,13,Lamp of Peaceful Radiance,Lamp of Peaceful Radiance,Rare,33.43,24.20,Arcatraz,Harbinger Skyriss,1,https://tbc.wowhead.com/item=28412,,21,14,12,13
,14,Star-Heart Lamp,Star-Heart Lamp,Rare,32.35,23.12,Black Morass,Temporus,1,https://tbc.wowhead.com/item=28187,,22,18,12
,15,Talisman of Nightbane,Talisman of Nightbane,Epic,32.23,,Karazhan,Nightbane,1,https://tbc.wowhead.com/item=28603,,28,19,,17
,1,The Saga of Terokk,The Saga of Terokk,Rare,29.43,,,Terokk's Legacy,1,https://tbc.wowhead.com/item=29330,,28,23
,,Two Hand,,,,,,,,,,sp,int,hit,crit,haste,socket
,3,"Zhar'doom, Greatstaff of the Devourer","Zhar'doom, Greatstaff of the Devourer",Epic,323.38,,Black Temple,Illidan Stormrage,3,https://tbc.wowhead.com/item=32374,,259,47,,36,55
,4,Vengeful Gladiator's Battle Staff,Vengeful Gladiator's Battle Staff,Epic,279.65,258.11,Season 3,PvP,3,https://tbc.wowhead.com/item=34540,,247,46,28,46
,5,Vengeful Gladiator's War Staff,Vengeful Gladiator's War Staff,Epic,258.11,258.11,Season 3,PvP,3,https://tbc.wowhead.com/item=33766,,247,46,0,46
,6,Merciless Gladiator's War Staff,Merciless Gladiator's War Staff,Epic,253.60,235.14,Season 2,PvP,2,https://tbc.wowhead.com/item=32055,,225,42,24,42
,7,The Nexus Key,The Nexus Key,Epic,248.38,,Tempest Keep,Kael'thas Sunstrider,2,https://tbc.wowhead.com/item=29988,,236,52,,51
,8,Gladiator's War Staff,Gladiator's War Staff,Epic,223.79,207.63,Season 1,PvP,1,https://tbc.wowhead.com/item=24557,,199,35,21,36
,9,Staff of Infinite Mysteries,Staff of Infinite Mysteries,Epic,205.85,188.16,Karazhan,The Curator,1,https://tbc.wowhead.com/item=28633,,185,51,23
,10,Frostscythe of Lord Ahune,Frostscythe of Lord Ahune,Epic,184.09,,Slave Pens,Ahune,3,https://tbc.wowhead.com/item=35514,,176,35,,33
,11,Terokk's Shadowstaff,Terokk's Shadowstaff,Epic,177.25,,Sethekk Halls,Talon King Ikiss,1,https://tbc.wowhead.com/item=29355,,168,42,,37
,12,High Warlord's War Staff,High Warlord's War Staff,Rare,143.63,128.25,,PvP,1,https://tbc.wowhead.com/item=28935,,121,30,20,30
,13,Grand Marshal's War Staff,Grand Marshal's War Staff,Rare,143.63,128.25,,PvP,1,https://tbc.wowhead.com/item=28959,,121,30,20,30
,14,Auchenai Staff,Auchenai Staff,Rare,143.13,128.52,Quartermaster Endarin,,1,https://tbc.wowhead.com/item=29130,,121,46,19,26
,15,Warpstaff of Arcanum,Warpstaff of Arcanum,Rare,140.33,128.02,Botanica,Warp Splinter,1,https://tbc.wowhead.com/item=28341,,121,38,16,26
,,Grand Scepter of the Nexus-Kings,Grand Scepter of the Nexus-Kings,Rare,138.28,123.67,Mana-Tombs,Nexus-Prince Shaffar,1,https://tbc.wowhead.com/item=27842,,121,43,19
,,Soulseeker,Soulseeker,Epic,132.95,,Naxxramas,Kel'Thuzad,0,https://tbc.wowhead.com/item=22799,,126,31,,28
,,Ranged,,,,,,,,,,sp,int,hit,crit,haste,socket
,1,Wand of Prismatic Focus,Wand of Prismatic Focus,Epic,35.00,25.00,Black Temple,Gurtogg Bloodboil,3,https://tbc.wowhead.com/item=32343,,25,,13
,2,Wand of the Forgotten Star,Wand of the Forgotten Star,Epic,33.97,25.51,Tempest Keep,High Astromancer Solarian,2,https://tbc.wowhead.com/item=29982,,23,,11,14
,3,Illidari Rod of Discipline,Illidari Rod of Discipline,Uncommon,25.00,,,Subdue the Subduer,0,https://tbc.wowhead.com/item=32872,,13,,,,,Blue
,4,Flawless Wand of Wrath,Flawless Wand of Wrath,Uncommon,25.00,,,World Drop,1,https://tbc.wowhead.com/item=25295,,25
,5,Tirisfal Wand of Ascendancy,Tirisfal Wand of Ascendancy,Epic,24.02,15.56,Karazhan,Shade of Aran,1,https://tbc.wowhead.com/item=28673,,15,9,11
,6,The Black Stalk,The Black Stalk,Epic,21.97,,Underbog,The Black Stalker,1,https://tbc.wowhead.com/item=29350,,20,,,11
,7,Nether Core's Control Rod,Nether Core's Control Rod,Rare,19.77,13.62,Arcatraz,Dalliah the Doomsayer,1,https://tbc.wowhead.com/item=28386,,13,10,8
,8,Eredar Wand of Obliteration,Eredar Wand of Obliteration,Epic,19.20,,Magtheridon's Lair,Magtheridon,1,https://tbc.wowhead.com/item=28783,,16,11,,14
,9,Wand of the Seer,Wand of the Seer,Rare,19.05,,Terokkar Forest,Turning Point,1,https://tbc.wowhead.com/item=30859,,18,8
,10,Vengeful Gladiator's Touch of Defeat,Vengeful Gladiator's Touch of Defeat,Epic,18.87,,Season 3,PvP,3,https://tbc.wowhead.com/item=33764,,18,14
,11,Wand of Fates,Wand of Fates,Epic,18.59,12.43,Naxxramas,Patchwerk,1,https://tbc.wowhead.com/item=22820,,12,7,8
,12,Doomfinger,Doomfinger,Epic,18.51,,Naxxramas,Kel'Thuzad,1,https://tbc.wowhead.com/item=22821,,16,,,14
,13,Voidfire Wand,Voidfire Wand,Rare,16.94,11.56,Mana-Tombs,Pandemonius,1,https://tbc.wowhead.com/item=25939,,11,9,7
,14,Merciless Gladiator's Touch of Defeat,Merciless Gladiator's Touch of Defeat,Epic,16.81,,Season 2,PvP,2,https://tbc.wowhead.com/item=32962,,16,13
,15,Nesingwary Safari Stick,Nesingwary Safari Stick,Rare,16.15,,,The Ultimate Bloodsport,1,https://tbc.wowhead.com/item=25640,,14,,,12
