Survival Phase 3,,,BEAST LORD SET BONUS IS NOT BEING CALCULATED.,,,,Value Credit: WatchYourSixx#0872 (Hunter Discord)
,,Item,,,EPV,If Hit  Capped,Location,Phase,,,Stats
,,Head,,,,,,,,,,ap,agi,hit,crit,haste,arp,exp,socket
,1,Cursed Vision of Sargeras,Cursed Vision of Sargeras,Epic,513.64,482.14,Black Temple,Illidan Stormrage,3,https://tbc.wowhead.com/item=32235,,108,39,21,38,,,,Meta,Yellow
,2,Forest Prowler's Helm,Forest Prowler's Helm,Epic,477.00,,Black Temple,High Nethermancer Zerevor,3,https://tbc.wowhead.com/item=32376,,100,42,,20,,,,Red,Meta
,3,Gronnstalker's Helmet,Gronnstalker's Helmet,Epic,449.63,,Hyjal Summit,Archimonde,3,https://tbc.wowhead.com/item=31003,,90,45,,,,,,Red,Meta
,4,Vengeful Gladiator's Chain Helm,Vengeful Gladiator's Chain Helm,Epic,445.41,427.41,Season 3,PvP,3,https://tbc.wowhead.com/item=33666,,58,33,12,26,,84,,Meta,Red
,5,Merciless Gladiator's Chain Helm,Merciless Gladiator's Chain Helm,Epic,404.25,,Season 2,PvP,2,https://tbc.wowhead.com/item=31962,,50,37,,22,,,,Meta,Red
,6,Rift Stalker Helm,Rift Stalker Helm,Epic,398.65,,Serpentshrine Cavern,Lady Vashj,2,https://tbc.wowhead.com/item=30141,,82,40,,,,,,Yellow,Meta
,7,Gladiator's Chain Helm,Gladiator's Chain Helm,Epic,371.32,,Season 1,PvP,1,https://tbc.wowhead.com/item=28331,,36,34,,20,,,,Meta,Red
,8,Mask of the Deceiver,Mask of the Deceiver,Epic,362.97,338.97,Badge of Justice,G'eras,1,https://tbc.wowhead.com/item=32087,,64,32,16,,,,,Yellow,Meta
,9,Demon Stalker Greathelm,Demon Stalker Greathelm,Epic,356.60,,Karazhan,Prince Malchezaar,1,https://tbc.wowhead.com/item=29081,,66,35,,,,,,Yellow,Meta
,10,Helm of the Claw,Helm of the Claw,Rare,325.50,304.50,Zangarmarsh,The Warlord's Hideout,1,https://tbc.wowhead.com/item=28182,,66,25,14,,,,,Yellow,Meta
,11,Cowl of Defiance,Cowl of Defiance,Epic,313.14,277.14,Karazhan,Netherspite,1,https://tbc.wowhead.com/item=28732,,100,34,24
,12,Beast Lord Helm,Beast Lord Helm,Rare,305.43,,Mechanar,Pathaleon the Calculator,1,https://tbc.wowhead.com/item=28275,,50,25,,,,,,Red,Meta
,13,The Night Watchman,The Night Watchman,Epic,302.45,,,World Drop,1,https://tbc.wowhead.com/item=31333,,68,45
,14,Warpstalker Helm,Warpstalker Helm,Epic,298.22,,Badge of Justice,G'eras,1,https://tbc.wowhead.com/item=32085,,48,24,,,,,,Red,Meta
,15,Cobrascale Hood,Cobrascale Hood,Epic,293.77,266.77,Leatherworking,Crafted,1,https://tbc.wowhead.com/item=29502,,74,37,18
,,Neck,,,,,,,,,,ap,agi,hit,crit,haste,arp,exp,socket
,1,Telonicus's Pendant of Mayhem,Telonicus's Pendant of Mayhem,Epic,210.67,,Tempest Keep,Kael'thas and the Verdant Sphere,2,https://tbc.wowhead.com/item=30017,,70,27
,2,Necklace of the Deep,Necklace of the Deep,Rare,177.11,,Jewelcrafting,Crafted,1,https://tbc.wowhead.com/item=32508,,,21,,,,,,Red,Red
,3,Choker of Vile Intent,Choker of Vile Intent,Epic,173.20,146.20,Badge of Justice,G'eras,1,https://tbc.wowhead.com/item=29381,,42,20,18
,4,Amulet of Bitter Hatred,Amulet of Bitter Hatred,Epic,173.20,146.20,Slave Pens,Ahune,3,https://tbc.wowhead.com/item=35507,,42,20,18
,5,Worgen Claw Necklace,Worgen Claw Necklace,Epic,171.70,146.20,Karazhan,Attumen the Huntsman,1,https://tbc.wowhead.com/item=28509,,42,20,17
,6,Prestor's Talisman of Connivery,Prestor's Talisman of Connivery,Epic,167.25,152.25,Classic,,0,https://tbc.wowhead.com/item=19377,,22,25,10
,7,Jagged Bark Pendant,Jagged Bark Pendant,Rare,165.46,,Botanica,Warp Splinter,1,https://tbc.wowhead.com/item=28343,,30,26
,8,Earthen Mark of Razing,Earthen Mark of Razing,Rare,159.33,139.83,Nagrand,Gurok the Usurper,1,https://tbc.wowhead.com/item=25562,,20,23,13
,9,Saberclaw Talisman,Saberclaw Talisman,Epic,155.41,,Karazhan,Shade of Aran,1,https://tbc.wowhead.com/item=28674,,46,21
,10,Bone Chain Necklace,Bone Chain Necklace,Rare,154.49,134.99,Underbog,The Black Stalker,1,https://tbc.wowhead.com/item=27779,,36,19,13
,11,Choker of Endless Nightmares,Choker of Endless Nightmares,Epic,148.05,116.55,Black Temple,Supremus,3,https://tbc.wowhead.com/item=32260,,72,,21,27
,12,Pendant of Cunning,Pendant of Cunning,Rare,144.20,,,World Drop,1,https://tbc.wowhead.com/item=31147,,40,20
,13,Choker of Serrated Blades,Choker of Serrated Blades,Epic,131.25,,Hyjal Summit,Trash,3,https://tbc.wowhead.com/item=32591,,70,,,,,175
,14,Haramad's Bargain,Haramad's Bargain,Epic,130.25,,The Consortium,Exalted,1,https://tbc.wowhead.com/item=29119,,,25
,15,Braided Eternium Chain (GROUP BUFF),Braided Eternium Chain (GROUP BUFF),Rare,117.70,86.20,Jewelcrafting,Crafted,1,https://tbc.wowhead.com/item=24114,,40,,21,28
,,Shoulders,,,,,,,,,,ap,agi,hit,crit,haste,arp,exp,socket
,1,Gronnstalker's Spaulders,Gronnstalker's Spaulders,Epic,317.99,,Black Temple,Mother Shahraz,3,https://tbc.wowhead.com/item=31006,,68,34,,,,126,,Yellow,Blue
,2,Shoulders of the Hidden Predator,Shoulders of the Hidden Predator,Epic,316.88,,Black Temple,Shade of Akama,3,https://tbc.wowhead.com/item=32264,,76,38,,26
,3,Swiftstrike Shoulders,Swiftstrike Shoulders,Epic,302.04,,Leatherworking,Crafted,3,https://tbc.wowhead.com/item=32581,,74,29,,,38
,4,Shoulderpads of the Stranger,Shoulderpads of the Stranger,Epic,292.18,,Serpentshrine Cavern,Hydross the Unstable,2,https://tbc.wowhead.com/item=30055,,60,33,,16,,,10,Red
,5,Shoulders of Lightning Reflexes,Shoulders of Lightning Reflexes,Epic,289.60,,Leatherworking,Crafted,3,https://tbc.wowhead.com/item=32575,,74,27,,,37
,6,Vengeful Gladiator's Chain Spaulders,Vengeful Gladiator's Chain Spaulders,Epic,289.52,,Season 3,PvP,3,https://tbc.wowhead.com/item=33668,,30,35,,16,,,,Red,Yellow
,7,Beast-tamer's Shoulders,Beast-tamer's Shoulders,Epic,281.19,,Hyjal Summit,Kaz'rogal,3,https://tbc.wowhead.com/item=30892,,78,39
,8,Rift Stalker Mantle,Rift Stalker Mantle,Epic,274.66,255.16,Tempest Keep,Void Reaver,2,https://tbc.wowhead.com/item=30143,,52,26,13,,,,,Red,Red
,9,Merciless Gladiator's Chain Spaulders,Merciless Gladiator's Chain Spaulders,Epic,264.59,,Season 2,PvP,2,https://tbc.wowhead.com/item=31964,,24,32,,14,,,,Red,Yellow
,10,Razorfury Mantle,Razorfury Mantle,Epic,259.83,,Hyjal Summit,Kaz'rogal,3,https://tbc.wowhead.com/item=30917,,76,28,,23
,11,Mantle of Shadowy Embrace,Mantle of Shadowy Embrace,Epic,237.19,,Blood Furnace,Keli'dan the Breaker,1,https://tbc.wowhead.com/item=32080,,34,39
,12,Wastewalker Shoulderpads,Wastewalker Shoulderpads,Rare,233.93,209.93,Auchenai Crypts,Avatar of the Martyred,1,https://tbc.wowhead.com/item=27797,,34,25,16,,,,,Red,Blue
,13,Mantle of the Tireless Tracker,Mantle of the Tireless Tracker,Epic,233.07,,Serpentshrine Cavern,Morogrim Tidewalker,2,https://tbc.wowhead.com/item=30085,,64,22,,33
,14,Gladiator's Chain Spaulders,Gladiator's Chain Spaulders,Epic,227.59,,Season 1,PvP,1,https://tbc.wowhead.com/item=28333,,18,27,,11,,,,Red,Yellow
,15,Expedition Scout's Epaulets,Expedition Scout's Epaulets,Rare,216.25,180.25,,Fel Embers,1,https://tbc.wowhead.com/item=25790,,50,25,24
,,Back,,,,,,,,,,ap,agi,hit,crit,haste,arp,exp,socket
,1,Thalassian Wildercloak,Thalassian Wildercloak,Epic,213.88,,Tempest Keep,Kael'thas Sunstrider,2,https://tbc.wowhead.com/item=29994,,68,28
,2,Drape of the Dark Reavers,Drape of the Dark Reavers,Epic,184.54,159.04,Karazhan,Shade of Aran,1,https://tbc.wowhead.com/item=28672,,34,24,17
,3,Cloak of the Craft,Cloak of the Craft,Rare,169.75,150.25,,World Drop,1,https://tbc.wowhead.com/item=31255,,20,25,13
,4,Blood Knight War Cloak,Blood Knight War Cloak,Epic,167.83,,Badge of Justice,G'eras,1,https://tbc.wowhead.com/item=29382,,48,23
,5,The Frost Lord's War Cloak,The Frost Lord's War Cloak,Epic,167.83,,Slave Pens,Ahune,3,https://tbc.wowhead.com/item=35495,,48,23
,6,Cloak of Malice,Cloak of Malice,Rare,147.41,,Shattered Halls,Grand Warlock Nethekurse,1,https://tbc.wowhead.com/item=27519,,38,21
,7,Auchenai Death Shroud,Auchenai Death Shroud,Rare,139.65,114.15,Auchenai Crypts,Avatar of the Martyred,1,https://tbc.wowhead.com/item=27878,,36,15,17
,8,Terokk's Might,Terokk's Might,Epic,139.36,,Terokkar Forest,Terokk,1,https://tbc.wowhead.com/item=32540,,56,16
,9,Shadowmoon Destroyer's Drape,Shadowmoon Destroyer's Drape,Epic,137.10,111.60,Black Temple,Teron Gorefiend,3,https://tbc.wowhead.com/item=32323,,72,,17,24
,10,Cloak of the Fallen God,Cloak of the Fallen God,Epic,135.46,,Classic,Uylaru,0,https://tbc.wowhead.com/item=21710,,,26
,11,Cloak of Impulsiveness,Cloak of Impulsiveness,Rare,133.78,,Old Hillsbrad Foothills,Lieutenant Drake,1,https://tbc.wowhead.com/item=27423,,40,18
,12,Crystalweave Cape,Crystalweave Cape,Rare,130.80,,Tailoring,Crafted,3,https://tbc.wowhead.com/item=32665,,,15,,,26
,13,Skyguard's Drape,Skyguard's Drape,Rare,130.15,,Sha'tari Skyguard,Revered,3,https://tbc.wowhead.com/item=32539,,52,15
,14,Vengeance Wrap,Vengeance Wrap,Epic,123.80,,Tailoring,Crafted,1,https://tbc.wowhead.com/item=24259,,52,,,23,,,,Red
,15,Delicate Green Poncho,Delicate Green Poncho,Rare,121.94,100.94,Nagrand,Bring Me The Egg!,1,https://tbc.wowhead.com/item=28032,,28,14,14
,,Chest,,,,,,,,,,ap,agi,hit,crit,haste,arp,exp,socket
,1,Vest of Mounting Assault,Vest of Mounting Assault,Epic,418.18,,Black Temple,Gurtogg Bloodboil,3,https://tbc.wowhead.com/item=32334,,116,58
,2,Mail of Fevered Pursuit,Mail of Fevered Pursuit,Epic,411.14,,Hyjal Summit,Archimonde,3,https://tbc.wowhead.com/item=30907,,108,49,,29
,3,Gronnstalker's Chestguard,Gronnstalker's Chestguard,Epic,397.44,,Black Temple,Illidan Stormrage,3,https://tbc.wowhead.com/item=31004,,90,40,,19,,,,Red,Yellow,Yellow
,4,Nether Shadow Tunic,Nether Shadow Tunic,Epic,388.66,336.16,Black Temple,Supremus,3,https://tbc.wowhead.com/item=32252,,86,36,35,,,,,Red,Yellow,Blue
,5,Rift Stalker Hauberk,Rift Stalker Hauberk,Epic,362.57,334.07,Tempest Keep,Kael'thas Sunstrider,2,https://tbc.wowhead.com/item=30139,,80,40,19,,,,,Blue,Yellow,Yellow
,6,Ranger-General's Chestguard,Ranger-General's Chestguard,Epic,361.26,,Serpentshrine Cavern,Hydross the Unstable,2,https://tbc.wowhead.com/item=30054,,88,36,,14,,,,Blue,Red,Yellow
,7,Vengeful Gladiator's Chain Armor,Vengeful Gladiator's Chain Armor,Epic,351.94,333.94,Season 3,PvP,3,https://tbc.wowhead.com/item=33664,,38,27,12,25,,84,,Red,Red,Yellow
,8,Primalstrike Vest,Primalstrike Vest,Epic,323.98,305.98,Leatherworking,Crafted,1,https://tbc.wowhead.com/item=29525,,108,38,12
,9,Chestguard of the Conniver,Chestguard of the Conniver,Epic,315.77,282.77,Karazhan,Nightbane,1,https://tbc.wowhead.com/item=28601,,90,37,22
,10,Merciless Gladiator's Chain Armor,Merciless Gladiator's Chain Armor,Epic,312.78,,Season 2,PvP,2,https://tbc.wowhead.com/item=31960,,32,31,,21,,,,Red,Red,Yellow
,11,Warden's Hauberk,Warden's Hauberk,Rare,304.74,,Fedryen Swiftspear,,1,https://tbc.wowhead.com/item=25838,,,39,,,,,,Red,Red,Red
,12,Midnight Chestguard,Midnight Chestguard,Epic,288.00,244.50,Hyjal Summit,Archimonde,3,https://tbc.wowhead.com/item=30905,,106,,29,46,,,,Blue,Red,Yellow
,13,Breastplate of Rapid Striking,Breastplate of Rapid Striking,Rare,284.40,254.40,,World Drop,1,https://tbc.wowhead.com/item=31286,,46,40,20
,14,Shadowprowler's Chestguard,Shadowprowler's Chestguard,Epic,283.00,271.00,Leatherworking,Crafted,3,https://tbc.wowhead.com/item=33204,,,40,8,,,,,Red,Blue,Yellow
,15,Gladiator's Chain Armor,Gladiator's Chain Armor,Epic,280.99,,Season 1,PvP,1,https://tbc.wowhead.com/item=28334,,26,27,,18,,,,Red,Red,Yellow
,,Wrist,,,,,,,,,,ap,agi,hit,crit,haste,arp,exp,socket
,1,Insidious Bands,Insidious Bands,Epic,238.80,220.80,Black Temple,Teron Gorefiend,3,https://tbc.wowhead.com/item=32324,,58,28,12,,,,,Yellow
,2,Bindings of Lightning Reflexes,Bindings of Lightning Reflexes,Epic,220.09,,Leatherworking,Crafted,3,https://tbc.wowhead.com/item=32574,,56,21,,,27
,3,Swiftstrike Bracers,Swiftstrike Bracers,Epic,208.88,,Leatherworking,Crafted,3,https://tbc.wowhead.com/item=32580,,50,20,,,27
,4,Bracers of the Pathfinder,Bracers of the Pathfinder,Epic,190.08,,Hyjal Summit,Rage Winterchill,3,https://tbc.wowhead.com/item=30864,,48,25,,,,,,Blue
,5,Vambraces of Ending,Vambraces of Ending,Epic,188.87,,Tempest Keep,High Astromancer Solarian,2,https://tbc.wowhead.com/item=29966,,52,24,,,,,,Blue
,6,Wraps of Precise Flight,Wraps of Precise Flight,Epic,183.13,,Black Temple,Supremus,3,https://tbc.wowhead.com/item=32251,,58,18,,19
,7,Vindicator's Chain Bracers,Vindicator's Chain Bracers,Epic,178.90,,Season 3,PvP,3,https://tbc.wowhead.com/item=33876,,24,23,,11,,,,Yellow
,8,Nightfall Wristguards,Nightfall Wristguards,Epic,171.04,,Old Hillsbrad Foothills,Epoch Hunter,1,https://tbc.wowhead.com/item=29246,,46,24
,9,Bands of the Celestial Archer,Bands of the Celestial Archer,Epic,164.62,,Tempest Keep,Trash,2,https://tbc.wowhead.com/item=30026,,48,17,,17
,10,Veteran's Leather Bracers,Veteran's Leather Bracers,Epic,161.18,,Season 2,PvP,2,https://tbc.wowhead.com/item=32814,,20,21,,9,,,,Yellow
,11,Shard-bound Bracers,Shard-bound Bracers,Epic,158.03,,Ogri'la,Exalted,3,https://tbc.wowhead.com/item=32647,,42,20,,,,,,Blue
,12,Ravager's Wrist-Wraps of the Bandit,Ravager's Wrist-Wraps of the Bandit,Epic,157.62,,Karazhan,Rokad the Ravager,1,https://tbc.wowhead.com/item=30685/ravagers-wrist-wraps,,43,22
,13,Stalker's War Bands,Stalker's War Bands,Epic,153.41,,Karazhan,Attumen the Huntsman,1,https://tbc.wowhead.com/item=28454,,44,21
,14,Veteran's Chain Bracers,Veteran's Chain Bracers,Epic,152.32,,Season 2,PvP,2,https://tbc.wowhead.com/item=32809,,18,20,,8,,,,Yellow
,15,Spymistress's Wristguards,Spymistress's Wristguards,Rare,150.13,127.63,Shadow Labyrinth,The Soul Devices,1,https://tbc.wowhead.com/item=28171,,,18,15,,,,,Red
,,Hands,,,,,,,,,,ap,agi,hit,crit,haste,arp,exp,socket
,1,Gronnstalker's Gloves,Gronnstalker's Gloves,Epic,348.65,,Hyjal Summit,Azgalor,3,https://tbc.wowhead.com/item=31001,,62,35,,13,,140,,Red
,2,Grips of Damnation,Grips of Damnation,Epic,291.60,,Black Temple,Devourer of Souls,3,https://tbc.wowhead.com/item=32347,,76,27,,,37
,3,Fists of Mukoa,Fists of Mukoa,Epic,281.18,,Black Temple,High Warlord Naj'entus,3,https://tbc.wowhead.com/item=32234,,76,25,,,37
,4,Rift Stalker Gauntlets,Rift Stalker Gauntlets,Epic,273.64,245.14,Serpentshrine Cavern,Leotheras the Blind,2,https://tbc.wowhead.com/item=30140,,68,34,19
,5,Gloves of Dexterous Manipulation,Gloves of Dexterous Manipulation,Epic,270.03,,Karazhan,Attumen the Huntsman,1,https://tbc.wowhead.com/item=28506,,42,35,,,,,,Red,Blue
,6,Vengeful Gladiator's Chain Gauntlets,Vengeful Gladiator's Chain Gauntlets,Epic,243.28,,Season 3,PvP,3,https://tbc.wowhead.com/item=33665,,40,33,,19
,7,Gauntlets of the Dragonslayer,Gauntlets of the Dragonslayer,Epic,240.74,,Gruul's Lair,Gruul the Dragonkiller,1,https://tbc.wowhead.com/item=28827,,48,24,,,,,,Red,Red
,8,Gloves of the Searing Grip,Gloves of the Searing Grip,Epic,237.93,,Tempest Keep,Al'ar,2,https://tbc.wowhead.com/item=29947,,66,33,,,,,18
,9,Wastewalker Gloves,Wastewalker Gloves,Rare,233.49,,Shattered Halls,Warchief Kargath Bladefist,1,https://tbc.wowhead.com/item=27531,,16,32,,,,,,Red,Yellow
,10,Gloves of the Unbound,Gloves of the Unbound,Rare,224.35,,Arcatraz,Wrath-Scryer Soccothrates,1,https://tbc.wowhead.com/item=28396,,38,27,,,,,,Red,Blue
,11,Merciless Gladiator's Chain Gauntlets,Merciless Gladiator's Chain Gauntlets,Epic,218.35,,Season 2,PvP,2,https://tbc.wowhead.com/item=31961,,34,30,,17
,12,Grips of Deftness,Grips of Deftness,Epic,211.09,,Karazhan,Trash,1,https://tbc.wowhead.com/item=30644,,60,29,,,,,15
,13,Beast Lord Handguards,Beast Lord Handguards,Rare,209.93,,Shattered Halls,Warchief Kargath Bladefist,1,https://tbc.wowhead.com/item=27474,,34,25,,,,,,Red,Blue
,14,Handgrips of Assassination,Handgrips of Assassination,Rare,205.75,180.25,Black Morass,Aeonus,1,https://tbc.wowhead.com/item=27509,,50,25,17
,15,Handguards of the Steady,Handguards of the Steady,Epic,205.09,,Mechanar,Pathaleon the Calculator,1,https://tbc.wowhead.com/item=32076,,54,29
,,Waist,,,,,,,,,,ap,agi,hit,crit,haste,arp,exp,socket
,1,Boneweave Girdle,Boneweave Girdle,Epic,339.08,313.58,Black Temple,Devourer of Souls,3,https://tbc.wowhead.com/item=32346,,76,38,17,24
,2,Don Alejandro's Money Belt,Don Alejandro's Money Belt,Epic,309.21,,Hyjal Summit,Anetheron,3,https://tbc.wowhead.com/item=30879,,76,29,,19,,,,Red,Yellow
,3,Shadow-walker's Cord,Shadow-walker's Cord,Epic,291.60,,Black Temple,Shade of Akama,3,https://tbc.wowhead.com/item=32265,,76,27,,,37
,4,Valestalker Girdle,Valestalker Girdle,Epic,289.57,,Hyjal Summit,Kaz'rogal,3,https://tbc.wowhead.com/item=30919,,76,27,,,36
,5,Belt of Deep Shadow,Belt of Deep Shadow,Epic,283.38,256.38,Leatherworking,Crafted,2,https://tbc.wowhead.com/item=30040,,66,32,18,,,,,Blue,Blue
,6,Belt of One-Hundred Deaths,Belt of One-Hundred Deaths,Epic,270.77,,Serpentshrine Cavern,Lady Vashj,2,https://tbc.wowhead.com/item=30106,,74,29,,,,,25,Red,Blue
,7,Vindicator's Chain Girdle,Vindicator's Chain Girdle,Epic,239.63,,Season 3,PvP,3,https://tbc.wowhead.com/item=33877,,38,33,,18
,8,Girdle of the Deathdealer,Girdle of the Deathdealer,Epic,231.88,201.88,Black Morass,Aeonus,1,https://tbc.wowhead.com/item=29247,,56,28,20
,9,Girdle of Treachery,Girdle of Treachery,Epic,219.48,,Karazhan,Chess Event,1,https://tbc.wowhead.com/item=28750,,58,18,,,,,,Red,Red
,10,Veteran's Leather Belt,Veteran's Leather Belt,Epic,216.70,,Season 2,PvP,2,https://tbc.wowhead.com/item=32802,,34,30,,16
,11,Rune-Engraved Belt,Rune-Engraved Belt,Rare,216.25,180.25,,Fel Embers,1,https://tbc.wowhead.com/item=25789,,50,25,24
,12,Veteran's Chain Girdle,Veteran's Chain Girdle,Epic,214.70,,Season 2,PvP,2,https://tbc.wowhead.com/item=32797,,32,30,,16
,13,Belt of the Black Eagle,Belt of the Black Eagle,Epic,211.37,,Leatherworking,Crafted,2,https://tbc.wowhead.com/item=30046,,66,17,,17,,,,Blue,Yellow
,14,Girdle of Ferocity,Girdle of Ferocity,Epic,210.88,189.88,Shadow Labyrinth,Murmur,1,https://tbc.wowhead.com/item=29261,,44,28,14
,15,Lurker's Grasp of the Bandit,Lurker's Grasp of the Bandit,Epic,209.09,,Karazhan,Hyakiss the Lurker,1,https://tbc.wowhead.com/item=30676/lurkers-grasp,,58,29
,,Ring,,,,,,,,,,ap,agi,hit,crit,haste,arp,exp,socket
,1,Band of the Eternal Champion,Band of the Eternal Champion,Epic,238.09,,Tanaris,Champion's Covenant,3,https://tbc.wowhead.com/item=29301,,87,29
,2,Band of Eternity (revered),Band of Eternity (revered),Epic,211.09,,Tanaris,Champion's Oath,3,https://tbc.wowhead.com/item=29300,,60,29
,3,Ring of Lethality,Ring of Lethality,Epic,203.54,175.04,Serpentshrine Cavern,Hydross the Unstable,2,https://tbc.wowhead.com/item=30052,,50,24,19
,4,Band of Eternity (honored),Band of Eternity (honored),Epic,196.67,,Tanaris,Champion's Vow,3,https://tbc.wowhead.com/item=29299,,56,27
,5,Ring of Deceitful Intent,Ring of Deceitful Intent,Epic,195.91,167.41,Black Temple,Shade of Akama,3,https://tbc.wowhead.com/item=32266,,58,21,19
,6,Band of Eternity (friendly),Band of Eternity (friendly),Epic,180.25,,Tanaris,Champion's Pledge,2,https://tbc.wowhead.com/item=29298,,50,25
,7,Ring of the Recalcitrant,Ring of the Recalcitrant,Epic,179.04,,Magtheridon's Lair,The Fall of Magtheridon,1,https://tbc.wowhead.com/item=28791,,54,24
,8,Garona's Signet Ring,Garona's Signet Ring,Epic,171.20,144.20,Karazhan,The Curator,1,https://tbc.wowhead.com/item=28649,,40,20,18
,9,Pathfinder's Band,Pathfinder's Band,Rare,164.25,,,World Drop,1,https://tbc.wowhead.com/item=31277,,34,25
,10,Band of Reanimation,Band of Reanimation,Epic,160.62,,Naxxramas,Patchwerk,1,https://tbc.wowhead.com/item=22961,,46,22
,11,Ring of the Overseer,Ring of the Overseer,Epic,157.36,139.36,Blade's Edge Mountains,Shartuul,3,https://tbc.wowhead.com/item=32942,,56,16,12
,12,Stormrage Signet Ring,Stormrage Signet Ring,Epic,155.10,110.10,Black Temple,Illidan Stormrage,3,https://tbc.wowhead.com/item=32497,,66,,30,,,126
,13,Ravenclaw Band,Ravenclaw Band,Rare,153.70,134.20,Sethekk Halls,Talon King Ikiss,1,https://tbc.wowhead.com/item=27925,,30,20,13
,14,Averinn's Ring of Slaying,Averinn's Ring of Slaying,Rare,152.62,,Hellfire Ramparts,,1,https://tbc.wowhead.com/item=27453,,38,22
,15,Truestrike Ring,Truestrike Ring,Epic,149.41,,,World Drop,1,https://tbc.wowhead.com/item=31326,,40,21
,,Legs,,,,,,,,,,ap,agi,hit,crit,haste,arp,exp,socket
,1,Shady Dealer's Pantaloons,Shady Dealer's Pantaloons,Epic,423.75,,Hyjal Summit,Azgalor,3,https://tbc.wowhead.com/item=30898,,102,50,,,,175
,2,Bow-stitched Leggings,Bow-stitched Leggings,Epic,414.42,,Hyjal Summit,Azgalor,3,https://tbc.wowhead.com/item=30900,,100,42,,20,,,,Red,Yellow,Blue
,3,Scaled Greaves of the Marksman,Scaled Greaves of the Marksman,Epic,394.32,370.32,Hellfire Peninsula,Doom Lord Kazzak,1,https://tbc.wowhead.com/item=30739,,76,37,16,,,,,Red,Red,Red
,4,Leggings of Murderous Intent,Leggings of Murderous Intent,Epic,387.50,,Tempest Keep,Kael'thas Sunstrider,2,https://tbc.wowhead.com/item=29995,,92,45,,37
,5,Gronnstalker's Leggings,Gronnstalker's Leggings,Epic,363.97,,Black Temple,Illidari Council,3,https://tbc.wowhead.com/item=31005,,106,37,,19,,,,Red
,6,Rift Stalker Leggings,Rift Stalker Leggings,Epic,361.25,334.25,Serpentshrine Cavern,Fathom-Lord Karathress,2,https://tbc.wowhead.com/item=30142,,92,40,18,,,,,Red
,7,Skulker's Greaves,Skulker's Greaves,Epic,352.25,310.25,Karazhan,Netherspite,1,https://tbc.wowhead.com/item=28741,,64,32,28,,,,,Red,Red,Blue
,8,Void Reaver Greaves,Void Reaver Greaves,Epic,343.37,,Tempest Keep,Void Reaver,2,https://tbc.wowhead.com/item=29985,,88,37,,,,,,Red,Yellow,Blue
,9,Vengeful Gladiator's Chain Leggings,Vengeful Gladiator's Chain Leggings,Epic,325.79,307.79,Season 3,PvP,3,https://tbc.wowhead.com/item=33667,,60,34,12,25,,84
,10,Demon Stalker Greaves,Demon Stalker Greaves,Epic,312.90,290.40,Gruul's Lair,Gruul the Dragonkiller,1,https://tbc.wowhead.com/item=29083,,82,40,15
,11,Wastewalker Leggings,Wastewalker Leggings,Rare,297.54,269.04,Mana-Tombs,Nexus-Prince Shaffar,1,https://tbc.wowhead.com/item=27837,,28,31,19,,,,,Red,Red,Blue
,12,Leggings of Assassination,Leggings of Assassination,Rare,285.40,252.40,Shadow Labyrinth,Murmur,1,https://tbc.wowhead.com/item=27908,,44,40,22
,13,Merciless Gladiator's Chain Leggings,Merciless Gladiator's Chain Leggings,Epic,284.63,,Season 2,PvP,2,https://tbc.wowhead.com/item=31963,,52,38,,21
,14,Barbaric Legstraps,Barbaric Legstraps,Rare,265.78,,Underbog,The Black Stalker,1,https://tbc.wowhead.com/item=27773,,56,25,,,,,,Red,Red,Blue
,15,Scaled Greaves of Patience,Scaled Greaves of Patience,Rare,254.48,,Old Hillsbrad Foothills,Captain Skarloc,1,https://tbc.wowhead.com/item=27430,,46,28,,,,,,Yellow,Red,Blue
,,Feet,,,,,,,,,,ap,agi,hit,crit,haste,arp,exp,socket
,1,Shadowmaster's Boots,Shadowmaster's Boots,Epic,311.12,,Black Temple,Mother Shahraz,3,https://tbc.wowhead.com/item=32366,,76,30,,17,,,,Red,Yellow
,2,Softstep Boots of Tracking,Softstep Boots of Tracking,Epic,285.07,259.57,Black Temple,Teron Gorefiend,3,https://tbc.wowhead.com/item=32510,,76,27,17,26
,3,Cobra-Lash Boots,Cobra-Lash Boots,Epic,283.61,,Serpentshrine Cavern,Lady Vashj,2,https://tbc.wowhead.com/item=30104,,66,33,,,,,,Blue,Red
,4,Quickstrider Moccasins,Quickstrider Moccasins,Epic,277.15,254.65,Hyjal Summit,Anetheron,3,https://tbc.wowhead.com/item=30880,,58,28,15,,,,,Red,Yellow
,5,Boots of Effortless Striking,Boots of Effortless Striking,Epic,276.82,,Serpentshrine Cavern,The Lurker Below,2,https://tbc.wowhead.com/item=30060,,58,42
,6,Edgewalker Longboots,Edgewalker Longboots,Epic,265.36,245.86,Karazhan,Moroes,1,https://tbc.wowhead.com/item=28545,,44,29,13,,,,,Red,Yellow
,7,Star-Strider Boots,Star-Strider Boots,Epic,261.59,,Tempest Keep,High Astromancer Solarian,2,https://tbc.wowhead.com/item=29951,,66,33,,,,,,Blue,Blue
,8,Fiend Slayer Boots,Fiend Slayer Boots,Epic,240.64,215.14,Karazhan,Chess Event,1,https://tbc.wowhead.com/item=28746,,34,26,17,,,,,Red,Blue
,9,Vindicator's Chain Sabatons,Vindicator's Chain Sabatons,Epic,239.63,,Season 3,PvP,3,https://tbc.wowhead.com/item=33878,,38,33,,18
,10,Boots of the Crimson Hawk,Boots of the Crimson Hawk,Epic,235.23,,Leatherworking,Crafted,2,https://tbc.wowhead.com/item=30045,,58,28,,19
,11,Veteran's Leather Boots,Veteran's Leather Boots,Epic,216.70,,Season 2,PvP,2,https://tbc.wowhead.com/item=32790,,34,30,,16
,12,Shadowstep Striders,Shadowstep Striders,Epic,215.51,,Arcatraz,Harbinger Skyriss,1,https://tbc.wowhead.com/item=29248,,54,31
,13,Veteran's Chain Sabatons,Veteran's Chain Sabatons,Epic,214.70,,Season 2,PvP,2,https://tbc.wowhead.com/item=32785,,32,30,,16
,14,Glider's Boots of the Bandit,Glider's Boots of the Bandit,Epic,209.09,,Karazhan,Shadikith the Glider,1,https://tbc.wowhead.com/item=30681/gliders-boots,,58,29
,15,The Master's Treads,The Master's Treads,Rare,197.04,173.04,,,1,https://tbc.wowhead.com/item=31288,,48,24,16
,,Trinket,,,,,,,,,,ap,agi,hit,crit,haste,arp,exp,socket
,1,Dragonspine Trophy,Dragonspine Trophy,Epic,303.25,,Gruul's Lair,Gruul the Dragonkiller,1,https://tbc.wowhead.com/item=28830,,40,,,,130
,2,Madness of the Betrayer,Madness of the Betrayer,Epic,166.50,136.50,Black Temple,High Nethermancer Zerevor,3,https://tbc.wowhead.com/item=32505,,84,,20,,,150
,3,Mark of the Champion (undead/demon),Mark of the Champion (undead/demon),Epic,150.00,,Naxxramas,The Fall of Kel'Thuzad,1,https://tbc.wowhead.com/item=23206,,150
,4,Tsunami Talisman,Tsunami Talisman,Epic,139.52,124.52,Serpentshrine Cavern,Leotheras the Blind,2,https://tbc.wowhead.com/item=30627,,61.82,,10,38
,5,Badge of Tenacity,Badge of Tenacity,Rare,130.25,,Apex Crystal,Crafted,3,https://tbc.wowhead.com/item=32658,,,25
,6,Darkmoon Card: Crusade,Darkmoon Card: Crusade,Epic,120.00,,Darkmoon Faire,,2,https://tbc.wowhead.com/item=31856,,120
,7,Bloodlust Brooch,Bloodlust Brooch,Epic,118.00,,Badge of Justice,G'eras,1,https://tbc.wowhead.com/item=29383,,118
,8,Abacus of Violent Odds,Abacus of Violent Odds,Rare,107.84,,Mechanar,Pathaleon the Calculator,1,https://tbc.wowhead.com/item=28288,,64,,,,21.65
,9,Slayer's Crest,Slayer's Crest,Epic,107.00,,Naxxramas,Sapphiron,0,https://tbc.wowhead.com/item=23041,,107
,10,Hourglass of the Unraveller,Hourglass of the Unraveller,Rare,102.80,,Black Morass,Temporus,1,https://tbc.wowhead.com/item=28034,,50,,,32
,11,Kiss of the Spider,Kiss of the Spider,Epic,88.73,73.73,Naxxramas,Maexxna,0,https://tbc.wowhead.com/item=22954,,,,10,14,25
,12,Talon of Al'ar,Talon of Al'ar,Epic,87.00,,Tempest Keep,Al'ar,2,https://tbc.wowhead.com/item=30448,,87
,13,Drake Fang Talisman,Drake Fang Talisman,Epic,86.00,56.00,Blackwing Lair,Ebonroc,0,https://tbc.wowhead.com/item=19406,,56,,20
,14,Core of Ar'kelos,Core of Ar'kelos,Uncommon,85.00,,Archmage Vargoth,Ar'kelos the Guardian,1,https://tbc.wowhead.com/item=29776,,85
,15,Icon of Unyielding Courage,Icon of Unyielding Courage,Rare,80.00,35.00,Blood Furnace,Keli'dan the Breaker,1,https://tbc.wowhead.com/item=28121,,,,30,,,100
,,One Hand,,,,,,,,,,ap,agi,hit,crit,haste,arp,exp,socket
,1,Blade of Infamy,Blade of Infamy,Epic,201.88,,Hyjal Summit,Anetheron,3,https://tbc.wowhead.com/item=30881,,56,28
,2,Netherbane,Netherbane,Epic,170.25,,Tempest Keep,Al'ar,2,https://tbc.wowhead.com/item=29924,,40,25
,3,Messenger of Fate,Messenger of Fate,Epic,158.62,,Black Temple,Gurtogg Bloodboil,3,https://tbc.wowhead.com/item=32269,,44,22
,4,Claw of the Phoenix,Claw of the Phoenix,Epic,149.41,,Tempest Keep,Al'ar,2,https://tbc.wowhead.com/item=29948,,40,21
,5,Talon of Azshara,Talon of Azshara,Epic,148.15,118.15,Serpentshrine Cavern,Morogrim Tidewalker,2,https://tbc.wowhead.com/item=30082,,40,15,20
,6,Claw of Molten Fury,Claw of Molten Fury,Epic,142.20,,Hyjal Summit,Trash,3,https://tbc.wowhead.com/item=32946,,38,20
,7,Fist of Molten Fury,Fist of Molten Fury,Epic,142.20,,Hyjal Summit,Trash,3,https://tbc.wowhead.com/item=32945,,38,20
,8,Guile of Khoraazi,Guile of Khoraazi,Epic,136.99,,,,1,https://tbc.wowhead.com/item=29121,,38,19
,9,Felsteel Longblade,Felsteel Longblade,Epic,135.46,,Blacksmithing,Crafted,1,https://tbc.wowhead.com/item=23540,,,26
,10,Emerald Ripper,Emerald Ripper,Epic,134.99,,Karazhan,Moroes,1,https://tbc.wowhead.com/item=28524,,36,19
,11,Direbrew's Shanker,Direbrew's Shanker,Epic,134.99,,Blacksmithing,Crafted,1,https://tbc.wowhead.com/item=37597,,36,19
,12,Stellaris,Stellaris,Rare,131.41,,Mechanar,Nethermancer Sepethrea,1,https://tbc.wowhead.com/item=28263,,22,21
,13,Riftmaker,Riftmaker,Epic,131.41,,,Alurmi,1,https://tbc.wowhead.com/item=29182,,22,21
,14,Claw of the Netherwing Flight,Claw of the Netherwing Flight,Rare,130.65,108.15,,Ally of the Netherwing,1,https://tbc.wowhead.com/item=31492,,30,15,15,,,,15
,15,Blazefury,Blazefury,Epic,125.99,98.99,Blacksmithing,Crafted,2,https://tbc.wowhead.com/item=28427,,,19,18
,,Two Hand,,,,,,,,,,ap,agi,hit,crit,haste,arp,exp,socket
,1,Halberd of Desolation,Halberd of Desolation,Epic,410.71,365.71,Black Temple,High Warlord Naj'entus,3,https://tbc.wowhead.com/item=32248,,100,51,30
,2,Legacy,Legacy,Epic,288.40,,Karazhan,The Crone,1,https://tbc.wowhead.com/item=28587,,80,40
,3,Terokk's Quill,Terokk's Quill,Rare,281.34,,Terokkar Forest,Terokk's Legacy,1,https://tbc.wowhead.com/item=29329,,,54
,4,Sonic Spear,Sonic Spear,Rare,280.35,244.35,Shadow Labyrinth,Murmur,1,https://tbc.wowhead.com/item=27903,,62,35,24
,5,Hellforged Halberd,Hellforged Halberd,Rare,255.96,227.46,Honor Hold,Revered,1,https://tbc.wowhead.com/item=29166,,92,26,19
,6,Blackened Spear,Blackened Spear,Rare,255.96,227.46,Thrallmar,Revered,1,https://tbc.wowhead.com/item=29167,,92,26,19
,7,Twinblade of the Phoenix,Twinblade of the Phoenix,Epic,233.65,,Tempest Keep,Kael'thas Sunstrider,2,https://tbc.wowhead.com/item=29993,,110,,,37,,,,Red,Yellow,Blue
,8,Lionheart Champion,Lionheart Champion,Epic,229.24,,Blacksmithing,Crafted,1,https://tbc.wowhead.com/item=28429,,,44
,9,Lionheart Executioner,Lionheart Executioner,Epic,229.24,,Blacksmithing,Crafted,2,https://tbc.wowhead.com/item=28430,,,44
,10,Vengeful Gladiator's Decapitator,Vengeful Gladiator's Decapitator,Epic,224.70,202.20,Season 3,PvP,3,https://tbc.wowhead.com/item=33670,,92,,15,46,,98
,11,Vengeful Gladiator's Waraxe,Vengeful Gladiator's Waraxe,Epic,224.70,202.20,Season 3,PvP,3,https://tbc.wowhead.com/item=34014,,92,,15,46,,98
,12,Gorehowl,Gorehowl,Epic,224.03,,Karazhan,Prince Malchezaar,1,https://tbc.wowhead.com/item=28773,,,43
,13,Lionheart Blade,Lionheart Blade,Epic,218.82,,Blacksmithing,Crafted,1,https://tbc.wowhead.com/item=28428,,,42
,14,Illidari-Bane Claymore (Demon),Illidari-Bane Claymore (Demon),Rare,211.05,,Shadowmoon Valley,Quenching the Blade,1,https://tbc.wowhead.com/item=30789,,150,,,37
,15,Bloodmoon,Bloodmoon,Epic,204.40,,Blacksmithing,Crafted,2,https://tbc.wowhead.com/item=28436,,112,,,56
,,Ranged,,,,,,,,,,type,dps,speed,ap,agi,hit,crit,haste,arp,exp,socket
,1,Legionkiller,Legionkiller,Epic,789.66,,Black Temple,Supremus,3,https://tbc.wowhead.com/item=32253,,Crossbow,90.7,2.9,,21
,2,Arcanite Steam-Pistol,Arcanite Steam-Pistol,Epic,786.70,758.20,Tempest Keep,Al'ar,2,https://tbc.wowhead.com/item=29949,,Gun,87.2,2.9,,20,19
,3,Barrel-Blade Longrifle,Barrel-Blade Longrifle,Epic,760.06,,Shadowmoon Valley,Doomwalker,1,https://tbc.wowhead.com/item=30724,,Gun,81.2,2.6,,16,,,,,,Red,Red
,4,Bristleblitz Striker,Bristleblitz Striker,Epic,759.75,,Hyjal Summit,Archimonde,3,https://tbc.wowhead.com/item=30906,,Bow,95.8,3,,,,25
,5,Vengeful Gladiator's Heavy Crossbow (Ranged AP),Vengeful Gladiator's Heavy Crossbow (Ranged AP),Epic,759.40,,Season 3,PvP,3,https://tbc.wowhead.com/item=33006,,Crossbow,93.2,3,34,,,16
,6,Vengeful Gladiator's Longbow (Ranged AP),Vengeful Gladiator's Longbow (Ranged AP),Epic,759.40,,Season 3,PvP,3,https://tbc.wowhead.com/item=34529,,Bow,93.2,3,34,,,16
,7,Vengeful Gladiator's Rifle (Ranged AP),Vengeful Gladiator's Rifle (Ranged AP),Epic,759.40,,Season 3,PvP,3,https://tbc.wowhead.com/item=34530,,Gun,93.2,3,34,,,16
,8,Sunfury Bow of the Phoenix,Sunfury Bow of the Phoenix,Epic,757.74,,Karazhan,Prince Malchezaar,1,https://tbc.wowhead.com/item=28772,,Bow,83.3,2.9,34,19
,9,Serpent Spine Longbow,Serpent Spine Longbow,Epic,744.65,,Serpentshrine Cavern,Lady Vashj,2,https://tbc.wowhead.com/item=30105,,Bow,90.7,3,38,,,16
,10,Black Bow of the Betrayer,Black Bow of the Betrayer,Epic,744.50,,Black Temple,Illidan Stormrage,3,https://tbc.wowhead.com/item=32336,,Bow,95.8,3,26
,11,Merciless Gladiator's Crossbow of the Phoenix (Ranged AP),Merciless Gladiator's Crossbow of the Phoenix (Ranged AP),Epic,712.25,,Season 2,PvP,2,https://tbc.wowhead.com/item=31986,,Crossbow,88.2,3,26,,,15
,12,Wolfslayer Sniper Rifle,Wolfslayer Sniper Rifle,Epic,703.40,,Karazhan,The Big Bad Wolf,1,https://tbc.wowhead.com/item=28581,,Gun,79.1,2.7,32,15
,13,Rifle of the Stoic Guardian,Rifle of the Stoic Guardian,Epic,678.75,,Black Temple,Teron Gorefiend,3,https://tbc.wowhead.com/item=32325,,Gun,90.5,1.9
,14,Wrathtide Longbow,Wrathtide Longbow,Epic,667.19,,Steamvault,Warlord Kalithresh,1,https://tbc.wowhead.com/item=29351,,Bow,75.5,3,28,14
,15,Gladiator's Heavy Crossbow (Ranged AP),Gladiator's Heavy Crossbow (Ranged AP),Epic,663.80,,Season 1,PvP,1,https://tbc.wowhead.com/item=28294,,Crossbow,82.4,3.1,26,,,12
,16,Marksman's Bow,Marksman's Bow,Epic,654.52,638.02,Thrallmar,Exalted,1,https://tbc.wowhead.com/item=29152,,Bow,73.8,2.8,22,12,11
,17,Veteran's Musket,Veteran's Musket,Epic,653.77,637.27,Honor Hold,Exalted,1,https://tbc.wowhead.com/item=29151,,Gun,73.7,2.7,22,12,11
,18,Steelhawk Crossbow,Steelhawk Crossbow,Epic,647.25,623.25,Karazhan,Attumen the Huntsman,1,https://tbc.wowhead.com/item=28504,,Crossbow,79.1,2.8,30,,16
,19,Crystalline Crossbow,Crystalline Crossbow,Epic,632.52,616.02,Ogri'la,Exalted,3,https://tbc.wowhead.com/item=32645,,Crossbow,73.8,2.8,,12,11
,20,Telescopic Sharprifle,Telescopic Sharprifle,Rare,592.98,,Mechanar,Pathaleon the Calculator,1,https://tbc.wowhead.com/item=28286,,Gun,66.3,3,28,13
,21,Ornate Khorium Rifle,Ornate Khorium Rifle,Rare,591.19,571.69,Engineering,Crafted,1,https://tbc.wowhead.com/item=23748,,Gun,66.5,3.1,,14,13
,22,Adamantine Repeater,Adamantine Repeater,Rare,590.40,575.40,Blood Furnace,Keli'dan the Breaker,1,https://tbc.wowhead.com/item=27507,,Crossbow,66.3,3,,15,10
,23,Gyro-Balanced Khorium Destroyer,Gyro-Balanced Khorium Destroyer,Epic,583.17,,Engineering,Crafted,1,https://tbc.wowhead.com/item=32756,,Gun,75.5,2.8,,,,,,,,Yellow
,24,"Lohn'goron, Bow of the Torn-heart","Lohn'goron, Bow of the Torn-heart",Rare,560.27,,Shadowmoon Valley,The Cipher of Damnation,1,https://tbc.wowhead.com/item=31072,,Bow,62.9,2.6,26,12
,25,Nerubian Slavemaker,Nerubian Slavemaker,Epic,553.35,,Naxxramas,Kel'Thuzad,1,https://tbc.wowhead.com/item=22812,,Crossbow,67.5,3.2,24,,,14
,26,Don Santos' Famous Hunting Rifle,Don Santos' Famous Hunting Rifle,Epic,552.75,,,World Drop,1,https://tbc.wowhead.com/item=31323,,Gun,73.7,2.7
,27,Bloodwarder's Rifle,Bloodwarder's Rifle,Rare,543.43,,Shadowmoon Valley,Akama's Promise,1,https://tbc.wowhead.com/item=31000,,Gun,62.9,2.6,30,8
,28,Emberhawk Crossbow,Emberhawk Crossbow,Rare,540.95,,Arcatraz,Wrath-Scryer Soccothrates,1,https://tbc.wowhead.com/item=28397,,Crossbow,66.3,3,14,,,18
,29,Consortium Blaster,Consortium Blaster,Rare,536.80,,The Consortium,Revered,1,https://tbc.wowhead.com/item=29115,,Gun,66.3,2.4,28,,,7
,30,Valanos' Longbow,Valanos' Longbow,Rare,536.50,,,,1,https://tbc.wowhead.com/item=31303,,Bow,66.4,2.8,22,,,10
