Protection Phase 3,,,"Value Credit: Custom + RAWR b16.1, if you have better values please message me!"
,,Item,,,EPV,If Hit  Capped,Location,Phase,,,Stats
,,Head,,,,,,,,,,armor,stam,def,dodge,parry,block,sp,int,agi,hit,sphit,exp,socket
,1,Faceplate of the Impenetrable,Faceplate of the Impenetrable,Epic,245.77,,Black Temple,Illidan Stormrage,3,https://tbc.wowhead.com/item=32521,,1532,82,30,38,,29,,,,,,,Meta,Red
,2,Lightbringer Faceguard,Lightbringer Faceguard,Epic,229.45,,Hyjal Summit,Archimonde,3,https://tbc.wowhead.com/item=30987,,1483,67,28,37,,,43,27,,,,,Yellow,Meta
,3,Crystalforge Faceguard,Crystalforge Faceguard,Epic,202.92,,Serpentshrine Cavern,Lady Vashj,2,https://tbc.wowhead.com/item=30125,,1355,48,28,,,19,36,28,,,,,Red,Meta
,4,Vengeful Gladiator's Lamellar Helm,Vengeful Gladiator's Lamellar Helm,Epic,198.85,,Season 3,PvP,3,https://tbc.wowhead.com/item=33697,,1483,70,,,,,43,28,,,,,Meta,Red
,5,Merciless Gladiator's Lamellar Helm,Merciless Gladiator's Lamellar Helm,Epic,184.45,,Season 2,PvP,2,https://tbc.wowhead.com/item=31997,,1385,63,,,,,39,24,,,,,Meta,Red
,6,Tankatronic Goggles,Tankatronic Goggles,Epic,183.60,182.30,Engineering,Crafted,2,https://tbc.wowhead.com/item=32473,,1296,67,38,22,,,,,,13,,,Meta,Yellow
,7,Justicar Faceguard,Justicar Faceguard,Epic,176.15,,Karazhan,Prince Malchezaar,1,https://tbc.wowhead.com/item=29068,,1227,43,29,24,,,27,24,,,,,Yellow,Meta
,8,Faceguard of the Endless Watch,Faceguard of the Endless Watch,Epic,172.05,,Shadowmoon Valley,Doomwalker,1,https://tbc.wowhead.com/item=30731,,1227,49,30,37,,,,,,,,,Blue,Yellow,Yellow
,9,Gladiator's Lamellar Helm,Gladiator's Lamellar Helm,Epic,168.15,,Season 1,PvP,1,https://tbc.wowhead.com/item=27704,,1257,57,,,,,33,21,,,,,Meta,Red
,10,Lightbringer War-Helm,Lightbringer War-Helm,Epic,165.06,,Hyjal Summit,Archimonde,3,https://tbc.wowhead.com/item=30989,,1483,60,,,,,,32,,,,,Yellow,Meta
,11,Vengeful Gladiator's Ornamented Headcover,Vengeful Gladiator's Ornamented Headcover,Epic,163.95,,Season 3,PvP,3,https://tbc.wowhead.com/item=33724,,1483,64,,,,,,34,,,,,Meta,Red
,12,Vengeful Gladiator's Scaled Helm,Vengeful Gladiator's Scaled Helm,Epic,160.78,159.58,Season 3,PvP,3,https://tbc.wowhead.com/item=33751,,1483,54,,,,,,27,,12,,,Meta,Red
,13,Faceguard of Determination,Faceguard of Determination,Epic,159.97,,Badge of Justice,G'eras,1,https://tbc.wowhead.com/item=32083,,1129,36,32,24,,24,,,,,,,Blue,Meta
,14,Merciless Gladiator's Scaled Helm,Merciless Gladiator's Scaled Helm,Epic,153.17,,Season 2,PvP,2,https://tbc.wowhead.com/item=32041,,1385,54,,,,,,26,,,,,Meta,Red
,15,Merciless Gladiator's Ornamented Headcover,Merciless Gladiator's Ornamented Headcover,Epic,152.35,,Season 2,PvP,2,https://tbc.wowhead.com/item=32022,,1385,57,,,,,,30,,,,,Meta,Red
,,Neck,,,,,,,,,,armor,stam,def,dodge,parry,block,sp,int,agi,hit,sphit,exp,socket
,1,The Darkener's Grasp,The Darkener's Grasp,Epic,69.42,,Tempest Keep,Kael'thas and the Verdant Sphere,2,https://tbc.wowhead.com/item=30007,,,40,27,23,,14
,2,Vindicator's Pendant of Dominance,Vindicator's Pendant of Dominance,Epic,65.30,,Season 3,PvP,3,https://tbc.wowhead.com/item=33921,,,35,,,,,30,20,,,,,Yellow
,3,Pendant of Titans,Pendant of Titans,Epic,64.10,62.10,Black Temple,Devourer of Souls,3,https://tbc.wowhead.com/item=32362,,,43,21,25,,,,,,20
,4,Veteran's Pendant of Dominance,Veteran's Pendant of Dominance,Epic,58.50,,Season 2,PvP,2,https://tbc.wowhead.com/item=33065,,,31,,,,,26,16,,,,,Yellow
,5,Pendant of Dominance,Pendant of Dominance,Epic,58.10,,,PvP,1,https://tbc.wowhead.com/item=28245,,,31,,,,,26,12,,,,,Yellow
,6,Vindicator's Pendant of Conquest,Vindicator's Pendant of Conquest,Epic,57.70,,Season 3,PvP,3,https://tbc.wowhead.com/item=33920,,,31,,,,,25,15,,,,,Yellow
,7,Barbed Choker of Discipline,Barbed Choker of Discipline,Epic,54.10,,Karazhan,Maiden of Virtue,1,https://tbc.wowhead.com/item=28516,,,39,16,21
,8,Frayed Tether of the Drowned,Frayed Tether of the Drowned,Epic,51.90,50.10,Serpentshrine Cavern,Fathom-Lord Karathress,2,https://tbc.wowhead.com/item=30099,,,45,24,,,,,,,18
,9,Pendant of the Lost Ages,Pendant of the Lost Ages,Epic,51.20,,Serpentshrine Cavern,Morogrim Tidewalker,2,https://tbc.wowhead.com/item=30008,,,27,,,,,36,17
,10,Veteran's Pendant of Conquest,Veteran's Pendant of Conquest,Epic,51.00,,Season 2,PvP,2,https://tbc.wowhead.com/item=33067,,,27,,,,,21,12,,,,,Yellow
,11,The Sun King's Talisman,The Sun King's Talisman,Epic,50.10,,Tempest Keep,Kael'thas and the Verdant Sphere,2,https://tbc.wowhead.com/item=30015,,,22,,,,,41,16
,12,Vindicator's Pendant of Triumph,Vindicator's Pendant of Triumph,Epic,48.60,,Season 3,PvP,3,https://tbc.wowhead.com/item=33923,,,35,,,,,,,,,,,Yellow
,13,Necklace of the Deep,Necklace of the Deep,Rare,45.90,,Jewelcrafting,Crafted,1,https://tbc.wowhead.com/item=32508,,,20,,,,,,,21,,,,Red,Red
,14,Necklace of the Juggernaut,Necklace of the Juggernaut,Epic,44.20,,Badge of Justice,G'eras,1,https://tbc.wowhead.com/item=29386,,,33,22,,,,,,19
,15,Vindicator's Pendant of Reprieve,Vindicator's Pendant of Reprieve,Epic,44.10,,Season 3,PvP,3,https://tbc.wowhead.com/item=35317,,,22,,,,,17,16,,,,,Yellow
,,Shoulders,,,,,,,,,,armor,stam,def,dodge,parry,block,sp,int,agi,hit,sphit,exp,socket
,1,Lightbringer Shoulderguards,Lightbringer Shoulderguards,Epic,180.15,,Black Temple,Mother Shahraz,3,https://tbc.wowhead.com/item=30998,,1369,50,25,23,,,27,24,,,,,Yellow,Yellow
,2,Pauldrons of Abyssal Fury,Pauldrons of Abyssal Fury,Epic,163.80,,Black Temple,Supremus,3,https://tbc.wowhead.com/item=32250,,1324,72,28,36
,3,Crystalforge Shoulderguards,Crystalforge Shoulderguards,Epic,156.25,,Tempest Keep,Void Reaver,2,https://tbc.wowhead.com/item=30127,,1251,38,26,,19,,22,26,,,,,Red,Red
,4,Justicar Shoulderguards,Justicar Shoulderguards,Epic,155.96,,Gruul's Lair,High King Maulgar,1,https://tbc.wowhead.com/item=29070,,1133,37,15,,,17,26,14,,,,,Blue,Yellow
,5,Vengeful Gladiator's Lamellar Shoulders,Vengeful Gladiator's Lamellar Shoulders,Epic,151.55,,Season 3,PvP,3,https://tbc.wowhead.com/item=33699,,1369,44,,,,,28,23,,,,,Red,Yellow
,6,Merciless Gladiator's Lamellar Shoulders,Merciless Gladiator's Lamellar Shoulders,Epic,141.00,,Season 2,PvP,2,https://tbc.wowhead.com/item=31996,,1278,40,,,,,25,20,,,,,Red,Yellow
,7,Vengeful Gladiator's Scaled Shoulders,Vengeful Gladiator's Scaled Shoulders,Epic,131.84,,Season 3,PvP,3,https://tbc.wowhead.com/item=33753,,1369,39,,,,,,20,,,,,Red,Yellow
,8,Lightbringer Shoulderbraces,Lightbringer Shoulderbraces,Epic,129.10,,Black Temple,Mother Shahraz,3,https://tbc.wowhead.com/item=30997,,1369,37,,,,,,17,,,,,Yellow,Yellow
,9,Vengeful Gladiator's Ornamented Spaulders,Vengeful Gladiator's Ornamented Spaulders,Epic,128.75,,Season 3,PvP,3,https://tbc.wowhead.com/item=33726,,1369,40,,,,,,27,,,,,Red,Yellow
,10,Merciless Gladiator's Scaled Shoulders,Merciless Gladiator's Scaled Shoulders,Epic,125.96,,Season 2,PvP,2,https://tbc.wowhead.com/item=32043,,1278,39,,,,,,18,,,,,Red,Yellow
,11,Gladiator's Lamellar Shoulders,Gladiator's Lamellar Shoulders,Epic,125.30,,Season 1,PvP,1,https://tbc.wowhead.com/item=27706,,1160,34,,,,,19,18,,,,,Red,Yellow
,12,Mantle of Abrahmis,Mantle of Abrahmis,Epic,124.35,,Karazhan,Netherspite,1,https://tbc.wowhead.com/item=28743,,1087,43,23,,,,,,,,,,Red,Yellow
,13,Lightbringer Pauldrons,Lightbringer Pauldrons,Epic,123.55,,Black Temple,Mother Shahraz,3,https://tbc.wowhead.com/item=30996,,1369,34,,,,,,29,,,,,Yellow,Blue
,14,Merciless Gladiator's Ornamented Spaulders,Merciless Gladiator's Ornamented Spaulders,Epic,120.30,,Season 2,PvP,2,https://tbc.wowhead.com/item=32024,,1278,36,,,,,,24,,,,,Red,Yellow
,15,Crystalforge Shoulderbraces,Crystalforge Shoulderbraces,Epic,119.73,,Tempest Keep,Void Reaver,2,https://tbc.wowhead.com/item=30133,,1251,34,,,,,,15,,,,,Yellow,Yellow
,,Back,,,,,,,,,,armor,stam,def,dodge,parry,block,sp,int,agi,hit,sphit,exp,socket
,1,Phoenix-Wing Cloak,Phoenix-Wing Cloak,Epic,63.70,,Tempest Keep,Al'ar,2,https://tbc.wowhead.com/item=29925,,108,37,22,27
,2,Royal Cloak of the Sunstriders,Royal Cloak of the Sunstriders,Epic,63.10,,Tempest Keep,Kael'thas Sunstrider,2,https://tbc.wowhead.com/item=29992,,116,27,,,,,44,22
,3,Cloak of the Illidari Council,Cloak of the Illidari Council,Epic,58.50,,Black Temple,High Nethermancer Zerevor,3,https://tbc.wowhead.com/item=32331,,118,24,,,,,42,16
,4,Gilded Thorium Cloak,Gilded Thorium Cloak,Epic,55.85,,Karazhan,Terestian Illhoof,1,https://tbc.wowhead.com/item=28660,,385,30,24
,5,Sergeant's Heavy Cape,Sergeant's Heavy Cape,Epic,54.30,,,PvP,1,https://tbc.wowhead.com/item=28378,,104,33,,,,,26,12
,6,Sergeant's Heavy Cape,Sergeant's Heavy Cape,Epic,54.30,,,PvP,1,https://tbc.wowhead.com/item=28379,,104,33,,,,,26,12
,7,Farstrider Defender's Cloak,Farstrider Defender's Cloak,Epic,51.75,,Badge of Justice,G'eras,1,https://tbc.wowhead.com/item=29385,,267,30
,8,Devilshark Cape,Devilshark Cape,Rare,51.20,,Steamvault,Warlord Kalithresh,1,https://tbc.wowhead.com/item=27804,,78,22,20,18
,9,Thoriumweave Cloak,Thoriumweave Cloak,Rare,51.00,,Mechanar,Mechano-Lord Capacitus,1,https://tbc.wowhead.com/item=28256,,390,35
,10,Icebound Cloak,Icebound Cloak,Epic,50.35,,Slave Pens,Ahune,3,https://tbc.wowhead.com/item=35496,,267,30,25
,11,Shadow-Cloak of Dalaran,Shadow-Cloak of Dalaran,Epic,48.95,,Karazhan,Moroes,1,https://tbc.wowhead.com/item=28570,,97,19,,,,,36,18
,12,Ruby Drape of the Mysticant,Ruby Drape of the Mysticant,Epic,48.15,48.15,Karazhan,Prince Malchezaar,1,https://tbc.wowhead.com/item=28766,,105,22,,,,,30,21,,,18
,13,Ironscale War Cloak,Ironscale War Cloak,Rare,47.97,,Slave Pens,Rokmar the Crackler,1,https://tbc.wowhead.com/item=27550,,78,26,,,,19
,14,Shroud of the Highborne,Shroud of the Highborne,Epic,46.30,,Black Temple,Illidan Stormrage,3,https://tbc.wowhead.com/item=32524,,126,24,,,,,23,23
,15,Cloak of Eternity,Cloak of Eternity,Rare,45.40,,Tailoring,Crafted,1,https://tbc.wowhead.com/item=24253,,76,36,23
,,Chest,,,,,,,,,,armor,stam,def,dodge,parry,block,sp,int,agi,hit,sphit,exp,socket
,1,Lightbringer Chestguard,Lightbringer Chestguard,Epic,256.24,,Black Temple,Illidan Stormrage,3,https://tbc.wowhead.com/item=30991,,1825,69,31,,,23,39,22,,,,,Red,Red,Yellow
,2,Crystalforge Chestguard,Crystalforge Chestguard,Epic,216.90,,Tempest Keep,Kael'thas Sunstrider,2,https://tbc.wowhead.com/item=30123,,1668,55,28,,,,32,27,,,,,Red,Yellow,Yellow
,3,Vengeful Gladiator's Lamellar Chestpiece,Vengeful Gladiator's Lamellar Chestpiece,Epic,205.35,,Season 3,PvP,3,https://tbc.wowhead.com/item=33695,,1825,64,,,,,30,31,,,,,Red,Red,Yellow
,4,Glory of the Defender,Glory of the Defender,Epic,203.75,200.35,Hyjal Summit,Azgalor,3,https://tbc.wowhead.com/item=30896,,1765,75,35,51,,,,,,34
,5,Justicar Chestguard,Justicar Chestguard,Epic,196.69,,Magtheridon's Lair,Magtheridon,1,https://tbc.wowhead.com/item=29066,,1510,48,23,,,23,27,30,,,,,Red,Blue,Yellow
,6,Merciless Gladiator's Lamellar Chestpiece,Merciless Gladiator's Lamellar Chestpiece,Epic,189.80,,Season 2,PvP,2,https://tbc.wowhead.com/item=31992,,1704,57,,,,,26,27,,,,,Red,Red,Yellow
,7,Panzar'Thar Breastplate,Panzar'Thar Breastplate,Epic,188.02,,Karazhan,Nightbane,1,https://tbc.wowhead.com/item=28597,,1450,51,26,,,24,,,,,,,Yellow,Blue,Blue
,8,Vengeful Gladiator's Scaled Chestpiece,Vengeful Gladiator's Scaled Chestpiece,Epic,182.53,181.33,Season 3,PvP,3,https://tbc.wowhead.com/item=33749,,1825,54,,,,,,27,,12,,,Red,Red,Yellow
,9,Vengeful Gladiator's Ornamented Chestguard,Vengeful Gladiator's Ornamented Chestguard,Epic,179.55,,Season 3,PvP,3,https://tbc.wowhead.com/item=33722,,1825,58,,,,,,37,,,,,Red,Red,Yellow
,10,Lightbringer Breastplate,Lightbringer Breastplate,Epic,178.04,175.94,Black Temple,Illidan Stormrage,3,https://tbc.wowhead.com/item=30990,,1825,48,,,,,,31,,21,,,Red,Yellow,Blue
,11,Merciless Gladiator's Scaled Chestpiece,Merciless Gladiator's Scaled Chestpiece,Epic,173.58,,Season 2,PvP,2,https://tbc.wowhead.com/item=32039,,1704,54,,,,,,27,,,,,Red,Red,Yellow
,12,Gladiator's Lamellar Chestpiece,Gladiator's Lamellar Chestpiece,Epic,172.15,,Season 1,PvP,1,https://tbc.wowhead.com/item=27702,,1547,51,,,,,20,25,,,,,Red,Red,Yellow
,13,Bulwark of Kings,Bulwark of Kings,Epic,170.34,168.04,Blacksmithing,Crafted,1,https://tbc.wowhead.com/item=28484,,1595,55,,,,,,,,23,,,Blue,Yellow,Yellow
,14,Merciless Gladiator's Ornamented Chestguard,Merciless Gladiator's Ornamented Chestguard,Epic,166.80,,Season 2,PvP,2,https://tbc.wowhead.com/item=32020,,1704,51,,,,,,33,,,,,Red,Red,Yellow
,15,Lightbringer Chestpiece,Lightbringer Chestpiece,Epic,164.75,,Black Temple,Illidan Stormrage,3,https://tbc.wowhead.com/item=30992,,1825,42,,,,,,33,,,,,Blue,Yellow,Yellow
,,Wrist,,,,,,,,,,armor,stam,def,dodge,parry,block,sp,int,agi,hit,sphit,exp,socket
,1,The Seeker's Wristguards,The Seeker's Wristguards,Epic,118.74,,Black Temple,Shade of Akama,3,https://tbc.wowhead.com/item=32279,,772,43,21,,,28,22
,2,Eternium Shell Bracers,Eternium Shell Bracers,Epic,110.60,,Black Temple,High Warlord Naj'entus,3,https://tbc.wowhead.com/item=32232,,772,52,24,26
,3,Wristguards of Determination,Wristguards of Determination,Epic,97.64,,Tempest Keep,Void Reaver,2,https://tbc.wowhead.com/item=32515,,703,37,24,19,,13
,4,Vindicator's Lamellar Bracers,Vindicator's Lamellar Bracers,Epic,96.10,,Season 3,PvP,3,https://tbc.wowhead.com/item=33889,,772,29,,,,,27,17,,,,,Yellow
,5,Vambraces of Courage,Vambraces of Courage,Epic,88.10,,Karazhan,Attumen the Huntsman,1,https://tbc.wowhead.com/item=28502,,634,33,15,,,,,,,,,,Yellow
,6,Vindicator's Plate Bracers,Vindicator's Plate Bracers,Epic,85.55,,Season 3,PvP,3,https://tbc.wowhead.com/item=33813,,772,36,,,,,,,,,,,Yellow
,7,Veteran's Lamellar Bracers,Veteran's Lamellar Bracers,Epic,84.75,,Season 2,PvP,2,https://tbc.wowhead.com/item=32813,,693,25,,,,,22,14,,,,,Yellow
,8,Bracers of Dignity,Bracers of Dignity,Epic,80.30,,Arcatraz,Harbinger Skyriss,1,https://tbc.wowhead.com/item=29252,,608,30,21,,,,19,12
,9,Vindicator's Scaled Bracers,Vindicator's Scaled Bracers,Epic,79.05,,Season 3,PvP,3,https://tbc.wowhead.com/item=33910,,772,28,,,,,,15,,,,,Yellow
,10,Furious Shackles,Furious Shackles,Epic,78.29,,Hyjal Summit,Rage Winterchill,3,https://tbc.wowhead.com/item=30861,,772,28,,,,,,,,,,,Yellow
,11,Vindicator's Ornamented Bracers,Vindicator's Ornamented Bracers,Epic,77.20,,Season 3,PvP,3,https://tbc.wowhead.com/item=33904,,772,29,,,,,,17,,,,,Yellow
,12,General's Lamellar Bracers,General's Lamellar Bracers,Epic,77.00,,,,1,https://tbc.wowhead.com/item=28643,,624,22,,,,,20,12,,,,,Yellow
,13,Marshal's Lamellar Bracers,Marshal's Lamellar Bracers,Epic,77.00,,,PvP,1,https://tbc.wowhead.com/item=28984,,624,22,,,,,20,12,,,,,Yellow
,14,Bracers of the Green Fortress,Bracers of the Green Fortress,Epic,76.95,,Blacksmithing,Crafted,1,https://tbc.wowhead.com/item=23538,,581,39,17,10
,15,Veteran's Plate Bracers,Veteran's Plate Bracers,Epic,75.50,,Season 2,PvP,2,https://tbc.wowhead.com/item=32818,,693,30,,,,,,,,,,,Yellow
,,Hands,,,,,,,,,,armor,stam,def,dodge,parry,block,sp,int,agi,hit,sphit,exp,socket
,1,Lightbringer Handguards,Lightbringer Handguards,Epic,174.25,,Hyjal Summit,Azgalor,3,https://tbc.wowhead.com/item=30985,,1141,44,30,22,30,,34,28,,,,,Red
,2,Royal Gauntlets of Silvermoon,Royal Gauntlets of Silvermoon,Epic,155.70,,Tempest Keep,Kael'thas Sunstrider,2,https://tbc.wowhead.com/item=29998,,1080,57,24,32,,,,,,,,,Yellow,Blue
,3,Gauntlets of Enforcement,Gauntlets of Enforcement,Epic,145.95,,Black Temple,Teron Gorefiend,3,https://tbc.wowhead.com/item=32280,,1103,70,32,,,,,,,,,21
,4,Crystalforge Handguards,Crystalforge Handguards,Epic,144.16,,Serpentshrine Cavern,Leotheras the Blind,2,https://tbc.wowhead.com/item=30124,,1042,40,27,,,22,29,21
,5,Iron Gauntlets of the Maiden,Iron Gauntlets of the Maiden,Epic,130.51,,Karazhan,Maiden of Virtue,1,https://tbc.wowhead.com/item=28518,,906,39,16,,,17,,,,,,,Red,Yellow
,6,Topaz-Studded Battlegrips,Topaz-Studded Battlegrips,Epic,125.30,,Hellfire Peninsula,Doom Lord Kazzak,1,https://tbc.wowhead.com/item=30741,,944,49,31,,,,,,,,,,Yellow,Blue
,7,Vengeful Gladiator's Lamellar Gauntlets,Vengeful Gladiator's Lamellar Gauntlets,Epic,124.15,,Season 3,PvP,3,https://tbc.wowhead.com/item=33696,,1141,44,,,,,35,30
,8,Justicar Handguards,Justicar Handguards,Epic,118.80,,Karazhan,The Curator,1,https://tbc.wowhead.com/item=29067,,944,34,23,,,,27,24
,9,Merciless Gladiator's Lamellar Gauntlets,Merciless Gladiator's Lamellar Gauntlets,Epic,114.35,,Season 2,PvP,2,https://tbc.wowhead.com/item=31993,,1065,40,,,,,32,27
,10,Grips of Silent Justice,Grips of Silent Justice,Epic,112.51,111.01,Black Temple,Shade of Akama,3,https://tbc.wowhead.com/item=32278,,1103,37,,,,,,,,15,,,Red,Red
,11,Lightbringer Gauntlets,Lightbringer Gauntlets,Epic,107.72,,Hyjal Summit,Azgalor,3,https://tbc.wowhead.com/item=30982,,1141,37,,,,,,25,,,,,Yellow
,12,Pillager's Gauntlets,Pillager's Gauntlets,Epic,105.96,104.16,Black Temple,Trash,3,https://tbc.wowhead.com/item=32608,,1103,45,,,,,,,,18
,13,Gauntlets of Martial Perfection,Gauntlets of Martial Perfection,Epic,105.61,,Gruul's Lair,Gruul the Dragonkiller,1,https://tbc.wowhead.com/item=28824,,982,34,,,,,,,,,,,Blue,Yellow
,14,Felsteel Gloves,Felsteel Gloves,Rare,103.05,,Blacksmithing,Crafted,1,https://tbc.wowhead.com/item=23517,,943,27,25,,,,,,,,,,Blue,Red
,15,Lightbringer Gloves,Lightbringer Gloves,Epic,102.25,,Hyjal Summit,Azgalor,3,https://tbc.wowhead.com/item=30983,,1141,35,,,,,,29,,,,,Blue
,,Waist,,,,,,,,,,armor,stam,def,dodge,parry,block,sp,int,agi,hit,sphit,exp,socket
,1,Girdle of Mighty Resolve,Girdle of Mighty Resolve,Epic,180.20,,Black Temple,Gurtogg Bloodboil,3,https://tbc.wowhead.com/item=32342,,993,56,26,,,25,30,,,,,,Yellow,Blue
,2,Girdle of Stability,Girdle of Stability,Epic,156.85,,Black Temple,Gurtogg Bloodboil,3,https://tbc.wowhead.com/item=32333,,993,56,19,18,,,,,,,,,Red,Yellow
,3,Belt of the Guardian,Belt of the Guardian,Epic,143.50,,Blacksmithing,Crafted,2,https://tbc.wowhead.com/item=30034,,904,48,19,,,,21,13,,,,,Red,Yellow
,4,Girdle of the Invulnerable,Girdle of the Invulnerable,Epic,134.80,,Serpentshrine Cavern,Leotheras the Blind,2,https://tbc.wowhead.com/item=30096,,904,37,22,19,29,,,,,,,,Red,Blue
,5,Vindicator's Lamellar Belt,Vindicator's Lamellar Belt,Epic,117.55,,Season 3,PvP,3,https://tbc.wowhead.com/item=33888,,1027,43,,,,,35,30
,6,Crimson Girdle of the Indomitable,Crimson Girdle of the Indomitable,Epic,117.38,,Karazhan,Moroes,1,https://tbc.wowhead.com/item=28566,,816,36,24,,,20,,,,,,,Red,Yellow
,7,Girdle of Valorous Deeds,Girdle of Valorous Deeds,Epic,108.28,,Black Morass,Aeonus,1,https://tbc.wowhead.com/item=29253,,782,37,24,,,16,20,22
,8,Girdle of Hope,Girdle of Hope,Epic,108.15,,Hyjal Summit,Azgalor,3,https://tbc.wowhead.com/item=30897,,993,38,,,,,,27,,,,,Yellow,Yellow
,9,Veteran's Lamellar Belt,Veteran's Lamellar Belt,Epic,108.15,,Season 2,PvP,2,https://tbc.wowhead.com/item=32801,,959,39,,,,,32,27
,10,Vindicator's Plate Belt,Vindicator's Plate Belt,Epic,101.54,,Season 3,PvP,3,https://tbc.wowhead.com/item=33811,,1027,49
,11,Girdle of the Immovable,Girdle of the Immovable,Rare,99.22,,Slave Pens,Quagmirran,1,https://tbc.wowhead.com/item=27672,,655,33,18,,,12,,,,,,,Red,Yellow
,12,Girdle of the Endless Pit,Girdle of the Endless Pit,Epic,97.82,,Magtheridon's Lair,Magtheridon,1,https://tbc.wowhead.com/item=28779,,884,30,,,,,,,,,,,Red,Blue
,13,General's Lamellar Belt,General's Lamellar Belt,Epic,96.00,,,,1,https://tbc.wowhead.com/item=28641,,870,34,,,,,28,23
,14,Marshal's Lamellar Belt,Marshal's Lamellar Belt,Epic,96.00,,,PvP,1,https://tbc.wowhead.com/item=28983,,870,34,,,,,28,23
,15,Sha'tari Vindicator's Waistguard,Sha'tari Vindicator's Waistguard,Rare,94.27,,,How to Break Into the Arcatraz,1,https://tbc.wowhead.com/item=31460,,655,33,20,,,24
,,Ring,,,,,,,,,,armor,stam,def,dodge,parry,block,sp,int,agi,hit,sphit,exp,socket
,1,Band of the Eternal Defender,Band of the Eternal Defender,Epic,70.55,,Tanaris,Defender's Covenant,3,https://tbc.wowhead.com/item=29297,,133,43,30
,2,Band of Eternity (revered),Band of Eternity (revered),Epic,63.90,,Tanaris,Defender's Oath,3,https://tbc.wowhead.com/item=29296,,,43,30
,3,Ring of Sundered Souls,Ring of Sundered Souls,Epic,62.70,,Serpentshrine Cavern,Morogrim Tidewalker,2,https://tbc.wowhead.com/item=30083,,,45,18,25
,4,Seventh Ring of the Tirisfalen,Seventh Ring of the Tirisfalen,Epic,62.42,,Tempest Keep,Trash,2,https://tbc.wowhead.com/item=30028,,,37,17,,,24
,5,Band of the Eternal Sage,Band of the Eternal Sage,Epic,62.00,,Tanaris,Sage's Covenant,3,https://tbc.wowhead.com/item=29305,,,28,,,,,49,25
,6,The Seal of Danzalar,The Seal of Danzalar,Epic,61.95,,Serpentshrine Cavern,The Lurker Below,2,https://tbc.wowhead.com/item=33054,,295,33,,,,,25
,7,Band of the Abyssal Lord,Band of the Abyssal Lord,Epic,60.60,58.50,Black Temple,Supremus,3,https://tbc.wowhead.com/item=32261,,,53,27,,,,,,,21
,8,Violet Signet of the Great Protector,Violet Signet of the Great Protector,Epic,60.50,,Deadwind Pass,Eminence Among the Violet Eye,1,https://tbc.wowhead.com/item=29279,,392,37,19
,9,Band of Eternity (honored),Band of Eternity (honored),Epic,59.20,,Tanaris,Defender's Vow,3,https://tbc.wowhead.com/item=29295,,,40,28
,10,Violet Signet,Violet Signet,Epic,58.15,,Deadwind Pass,Distinguished Service,1,https://tbc.wowhead.com/item=29278,,371,36,18
,11,A'dal's Signet of Defense,A'dal's Signet of Defense,Epic,56.95,,Magtheridon's Lair,The Fall of Magtheridon,1,https://tbc.wowhead.com/item=28792,,367,34,20
,12,Ring of Ancient Knowledge,Ring of Ancient Knowledge,Epic,56.30,,Black Temple,Trash,3,https://tbc.wowhead.com/item=32527,,,30,,,,,39,20
,13,Band of Eternity (friendly),Band of Eternity (friendly),Epic,54.70,,Tanaris,Defender's Pledge,2,https://tbc.wowhead.com/item=29294,,,37,25
,14,Ring of Endless Coils,Ring of Endless Coils,Epic,53.80,,Serpentshrine Cavern,Lady Vashj,2,https://tbc.wowhead.com/item=30109,,,31,,,,,37
,15,Violet Signet,Violet Signet,Epic,53.60,,Deadwind Pass,Down the Violet Path,1,https://tbc.wowhead.com/item=29277,,350,33,16
,,Legs,,,,,,,,,,armor,stam,def,dodge,parry,block,sp,int,agi,hit,sphit,exp,socket
,1,Lightbringer Legguards,Lightbringer Legguards,Epic,225.05,,Black Temple,Illidari Council,3,https://tbc.wowhead.com/item=30995,,1597,69,37,37,,,46,31,,,,,Yellow
,2,Praetorian's Legguards,Praetorian's Legguards,Epic,221.40,219.60,Black Temple,Shade of Akama,3,https://tbc.wowhead.com/item=32263,,1544,75,,35,43,,,,,18,,,Yellow,Yellow,Red
,3,Crystalforge Legguards,Crystalforge Legguards,Epic,204.00,,Serpentshrine Cavern,Fathom-Lord Karathress,2,https://tbc.wowhead.com/item=30126,,1459,54,35,,,25,41,27,,,,,Yellow
,4,Vengeful Gladiator's Lamellar Legguards,Vengeful Gladiator's Lamellar Legguards,Epic,178.65,,Season 3,PvP,3,https://tbc.wowhead.com/item=33698,,1597,70,,,,,47,29
,5,Wrynn Dynasty Greaves,Wrynn Dynasty Greaves,Epic,167.83,,Karazhan,The Curator,1,https://tbc.wowhead.com/item=28621,,1269,48,27,29,,,,,,,,,Red,Yellow,Yellow
,6,Justicar Legguards,Justicar Legguards,Epic,163.70,,Gruul's Lair,Gruul the Dragonkiller,1,https://tbc.wowhead.com/item=29069,,1322,46,31,,31,,36,31
,7,Merciless Gladiator's Lamellar Legguards,Merciless Gladiator's Lamellar Legguards,Epic,163.15,,Season 2,PvP,2,https://tbc.wowhead.com/item=31995,,1491,63,,,,,42,25
,8,Greaves of the Bloodwarder,Greaves of the Bloodwarder,Epic,149.93,,Tempest Keep,High Astromancer Solarian,2,https://tbc.wowhead.com/item=29950,,1406,46,,,,,,,,,,,Red,Yellow,Blue
,9,Vengeful Gladiator's Scaled Legguards,Vengeful Gladiator's Scaled Legguards,Epic,149.45,148.25,Season 3,PvP,3,https://tbc.wowhead.com/item=33752,,1597,66,,,,,,23,,12
,10,Timewarden's Leggings,Timewarden's Leggings,Rare,148.45,,Keepers of Time,Revered,1,https://tbc.wowhead.com/item=29184,,1019,57,18,11,,,,,,,,,Red,Yellow,Blue
,11,Legguards of Endless Rage,Legguards of Endless Rage,Epic,147.88,145.98,Hyjal Summit,Archimonde,3,https://tbc.wowhead.com/item=30903,,1650,61,,,,,,,,19
,12,Gladiator's Lamellar Legguards,Gladiator's Lamellar Legguards,Epic,146.95,,Season 1,PvP,1,https://tbc.wowhead.com/item=27705,,1353,57,,,,,37,21
,13,Felsteel Leggings,Felsteel Leggings,Rare,143.55,,Blacksmithing,Crafted,1,https://tbc.wowhead.com/item=23518,,1257,39,33,,,,,,,,,,Yellow,Red,Blue
,14,Lightbringer Greaves,Lightbringer Greaves,Epic,143.38,,Black Temple,Illidari Council,3,https://tbc.wowhead.com/item=30993,,1597,48,,,,,,22,,,,,Red
,15,Vengeful Gladiator's Ornamented Legplates,Vengeful Gladiator's Ornamented Legplates,Epic,139.55,,Season 3,PvP,3,https://tbc.wowhead.com/item=33725,,1597,62,,,,,,39
,,Feet,,,,,,,,,,armor,stam,def,dodge,parry,block,sp,int,agi,hit,sphit,exp,socket
,1,Tide-stomper's Greaves,Tide-stomper's Greaves,Epic,178.65,,Black Temple,High Warlord Naj'entus,3,https://tbc.wowhead.com/item=32245,,1213,56,19,29,,,30,,,,,,Red,Yellow
,2,Myrmidon's Treads,Myrmidon's Treads,Epic,161.95,160.25,Black Temple,Shade of Akama,3,https://tbc.wowhead.com/item=32268,,1213,56,30,26,,,,,,17,,,Yellow,Red
,3,Boots of the Resilient,Boots of the Resilient,Epic,148.50,,Tempest Keep,High Astromancer Solarian,2,https://tbc.wowhead.com/item=32267,,1105,51,25,,,25,,,,,,,Red,Yellow
,4,Boots of the Protector,Boots of the Protector,Epic,140.66,,Blacksmithing,Crafted,2,https://tbc.wowhead.com/item=30033,,1105,48,26,,,17,27,22
,5,Red Havoc Boots,Red Havoc Boots,Epic,136.90,,Blacksmithing,Crafted,2,https://tbc.wowhead.com/item=30031,,1105,49,32,,,25
,6,Vindicator's Lamellar Greaves,Vindicator's Lamellar Greaves,Epic,128.95,,Season 3,PvP,3,https://tbc.wowhead.com/item=33890,,1255,43,,,,,35,30
,7,Dreadboots of the Legion,Dreadboots of the Legion,Epic,125.46,123.66,Black Temple,Devourer of Souls,3,https://tbc.wowhead.com/item=32345,,1213,40,,,,,,,,18,,,Yellow,Yellow
,8,Veteran's Lamellar Greaves,Veteran's Lamellar Greaves,Epic,118.80,,Season 2,PvP,2,https://tbc.wowhead.com/item=32789,,1172,39,,,,,32,27
,9,Battlescar Boots,Battlescar Boots,Epic,116.78,,Karazhan,Chess Event,1,https://tbc.wowhead.com/item=28747,,997,28,23,,21,,,,,,,,Red,Blue
,10,Vindicator's Plate Greaves,Vindicator's Plate Greaves,Epic,112.94,,Season 3,PvP,3,https://tbc.wowhead.com/item=33812,,1255,49
,11,Boots of Elusion,Boots of Elusion,Epic,112.45,,Karazhan,Trash,1,https://tbc.wowhead.com/item=30641,,997,34,23,38
,12,Boots of the Righteous Path,Boots of the Righteous Path,Epic,109.75,,Shattered Halls,Warchief Kargath Bladefist,1,https://tbc.wowhead.com/item=29254,,955,34,23,,,,28,26
,13,General's Lamellar Greaves,General's Lamellar Greaves,Epic,105.65,,,,1,https://tbc.wowhead.com/item=28642,,1063,34,,,,,28,23
,14,Marshal's Lamellar Greaves,Marshal's Lamellar Greaves,Epic,105.65,,,PvP,1,https://tbc.wowhead.com/item=28985,,1063,34,,,,,28,23
,15,Vindicator's Scaled Greaves,Vindicator's Scaled Greaves,Epic,105.46,,Season 3,PvP,3,https://tbc.wowhead.com/item=33911,,1255,39,,,,,,26
,,Trinket,,,,,,,,,,armor,stam,def,dodge,parry,block,sp,int,agi,hit,sphit,exp,socket
,1,Tome of Fiery Redemption,Tome of Fiery Redemption,Epic,67.67,,Tempest Keep,Al'ar,2,https://tbc.wowhead.com/item=30447,,,,,,,,96.67
,2,Darkmoon Card: Crusade,Darkmoon Card: Crusade,Epic,63.20,,Darkmoon Faire,,2,https://tbc.wowhead.com/item=31856,,,,,,,,80
,3,Mark of the Champion (undead/demon),Mark of the Champion (undead/demon),Epic,59.50,,Naxxramas,The Fall of Kel'Thuzad,1,https://tbc.wowhead.com/item=23207,,,,,,,,85
,4,Eye of Magtheridon,Eye of Magtheridon,Epic,49.70,,Magtheridon's Lair,Magtheridon,1,https://tbc.wowhead.com/item=28789,,,,,,,,71
,5,Icon of the Silver Crescent,Icon of the Silver Crescent,Epic,48.30,,Badge of Justice,G'eras,1,https://tbc.wowhead.com/item=29370,,,,,,,,69
,6,Dark Iron Smoking Pipe,Dark Iron Smoking Pipe,Epic,48.18,,,,3,https://tbc.wowhead.com/item=38290,,,,,,,,68.83333333
,7,Darkmoon Card: Vengeance,Darkmoon Card: Vengeance,Epic,45.90,,Darkmoon Faire,,2,https://tbc.wowhead.com/item=31858,,,51
,8,Darkmoon Card: Madness,Darkmoon Card: Madness,Epic,45.90,,Darkmoon Faire,,2,https://tbc.wowhead.com/item=31859,,,51
,9,The Restrained Essence of Sapphiron,The Restrained Essence of Sapphiron,Epic,43.40,,Naxxramas,Sapphiron,0,https://tbc.wowhead.com/item=23046,,,,,,,,62
,10,Sextant of Unstable Currents,Sextant of Unstable Currents,Epic,41.30,,Serpentshrine Cavern,Fathom-Lord Karathress,2,https://tbc.wowhead.com/item=30626,,,,,,,,59
,11,Goblin Rocket Launcher,Goblin Rocket Launcher,Rare,40.50,,Engineering,Crafted,1,https://tbc.wowhead.com/item=23836,,,45
,12,Gnomish Poultryizer,Gnomish Poultryizer,Rare,40.50,,Engineering,Crafted,1,https://tbc.wowhead.com/item=23835,,,45
,13,Commander's Badge,Commander's Badge,Rare,40.50,,Shadowmoon Valley,"Hail, Commander!",1,https://tbc.wowhead.com/item=32864,,,45
,14,Brightbrew Charm,Brightbrew Charm,Epic,40.50,,,Brewfest,3,https://tbc.wowhead.com/item=37127,,,45
,15,Balebrew Charm,Balebrew Charm,Epic,40.50,,,Brewfest,3,https://tbc.wowhead.com/item=37128,,,45
,,One Hand,,,,,,,,,,type,dps,spd,stam,def,dodge,parry,block,sp,int,agi,hit,sphit,exp,socket
,1,Tempest of Chaos,Tempest of Chaos,Epic,288.02,288.02,Hyjal Summit,Archimonde,3,https://tbc.wowhead.com/item=30910,,Sword,40.8,1.8,30,,,,,259,22,,,17
,2,Vengeful Gladiator's Gavel,Vengeful Gladiator's Gavel,Epic,280.37,280.37,Season 3,PvP,3,https://tbc.wowhead.com/item=33687,,Mace,41.3,1.6,30,,,,,247,20,,,17
,3,Hammer of Judgement,Hammer of Judgement,Epic,275.76,275.76,Hyjal Summit,Trash,3,https://tbc.wowhead.com/item=34009,,Mace,41.4,1.8,33,,,,,236,22,,,22
,4,Merciless Gladiator's Gavel,Merciless Gladiator's Gavel,Epic,262.07,262.07,Season 2,PvP,2,https://tbc.wowhead.com/item=32963,,Mace,41.3,1.6,27,,,,,225,18,,,15
,5,Fang of the Leviathan,Fang of the Leviathan,Epic,259.42,,Serpentshrine Cavern,Leotheras the Blind,2,https://tbc.wowhead.com/item=30095,,Sword,40.8,1.8,28,,,,,221,20
,6,Bloodmaw Magus-Blade,Bloodmaw Magus-Blade,Epic,248.82,,Gruul's Lair,Gruul the Dragonkiller,1,https://tbc.wowhead.com/item=28802,,Sword,47.8,1.8,16,,,,,203,15
,7,Gladiator's Gavel,Gladiator's Gavel,Epic,244.77,,Season 1,PvP,1,https://tbc.wowhead.com/item=32450,,Mace,41.3,1.6,28,,,,,199,18
,8,The Unbreakable Will,The Unbreakable Will,Epic,244.07,,Hyjal Summit,Anetheron,3,https://tbc.wowhead.com/item=30874,,Sword,100.3,1.6,33,21
,9,The Brutalizer,The Brutalizer,Epic,233.27,,Black Temple,Supremus,3,https://tbc.wowhead.com/item=32254,,Axe,100.3,1.6,33,22,,,,,,,,,21
,10,Vengeful Gladiator's Cleaver,Vengeful Gladiator's Cleaver,Epic,228.88,228.08,Season 3,PvP,3,https://tbc.wowhead.com/item=33669,,Axe,103.1,2.6,30,,,,,,,,8
,11,Vengeful Gladiator's Pummeler,Vengeful Gladiator's Pummeler,Epic,228.88,228.08,Season 3,PvP,3,https://tbc.wowhead.com/item=33733,,Mace,103.1,2.6,30,,,,,,,,8
,12,Vengeful Gladiator's Slicer,Vengeful Gladiator's Slicer,Epic,228.88,228.08,Season 3,PvP,3,https://tbc.wowhead.com/item=33762,,Sword,103.1,2.6,30,,,,,,,,8
,13,Rising Tide,Rising Tide,Epic,224.82,222.72,Black Temple,High Warlord Naj'entus,3,https://tbc.wowhead.com/item=32236,,Axe,100.2,2.6,33,,,,,,,,21
,14,Mallet of the Tides,Mallet of the Tides,Epic,223.72,,Serpentshrine Cavern,The Lurker Below,2,https://tbc.wowhead.com/item=30058,,Mace,96.8,1.7,34,16,,,,,,,,,14
,15,Blazefury,Blazefury,Epic,217.95,216.15,Blacksmithing,Crafted,2,https://tbc.wowhead.com/item=28427,,Sword,97.5,1.6,28,,,,,,,19,18
,,Off Hand,,,,,,,,,,armor,stam,def,dodge,block,hit,socket
,1,Bulwark of Azzinoth,Bulwark of Azzinoth,Epic,434.60,,Black Temple,Illidan Stormrage,3,https://tbc.wowhead.com/item=32375,,6336,60,29,,174
,2,Antonidas's Aegis of Rapt Concentration,Antonidas's Aegis of Rapt Concentration,Epic,425.60,,Hyjal Summit,Archimonde,3,https://tbc.wowhead.com/item=30909,,6336,28,,,174
,3,Illidari Runeshield,Illidari Runeshield,Epic,411.50,,Black Temple,Trash,3,https://tbc.wowhead.com/item=34011,,5930,45,,,160
,4,Kaz'rogal's Hardened Heart,Kaz'rogal's Hardened Heart,Epic,407.30,405.20,Hyjal Summit,Kaz'rogal,3,https://tbc.wowhead.com/item=30889,,5930,43,28,,160,21,Yellow
,5,Bastion of Light,Bastion of Light,Epic,383.30,,Hyjal Summit,Anetheron,3,https://tbc.wowhead.com/item=30882,,5930,28,,,160,,Red
,6,Merciless Gladiator's Barrier,Merciless Gladiator's Barrier,Epic,381.25,,Season 2,PvP,2,https://tbc.wowhead.com/item=33313,,5727,27,,,152
,7,Merciless Gladiator's Shield Wall,Merciless Gladiator's Shield Wall,Epic,375.15,,Season 2,PvP,2,https://tbc.wowhead.com/item=32045,,5727,48,,,152
,8,Felstone Bulwark,Felstone Bulwark,Epic,371.80,,Black Temple,Supremus,3,https://tbc.wowhead.com/item=32255,,5930,28,,,160
,9,Aldori Legacy Defender,Aldori Legacy Defender,Epic,360.05,358.55,Gruul's Lair,Gruul the Dragonkiller,1,https://tbc.wowhead.com/item=28825,,5279,39,19,,137,15,Blue
,10,Merciless Gladiator's Redoubt,Merciless Gladiator's Redoubt,Epic,358.15,,Season 2,PvP,2,https://tbc.wowhead.com/item=33309,,5727,27,,,152
,11,Gladiator's Shield Wall,Gladiator's Shield Wall,Epic,340.55,,Season 1,PvP,1,https://tbc.wowhead.com/item=28358,,5197,45,,,134
,12,Shield of Impenetrable Darkness,Shield of Impenetrable Darkness,Epic,328.60,,Karazhan,Nightbane,1,https://tbc.wowhead.com/item=28606,,4872,33,22,,155
,13,Dragonheart Flameshield,Dragonheart Flameshield,Epic,315.50,,Karazhan,Nightbane,1,https://tbc.wowhead.com/item=28611,,4872,19,,,122
,14,Azure-Shield of Coldarra,Azure-Shield of Coldarra,Epic,314.50,,Badge of Justice,G'eras,1,https://tbc.wowhead.com/item=29266,,4668,31,22,,148
,15,Aegis of the Vindicator,Aegis of the Vindicator,Epic,307.15,,Magtheridon's Lair,Magtheridon,1,https://tbc.wowhead.com/item=29458,,5279,,,,137
