Tree Phase 3,,,Value Credit: Discord: emihir0#3963 // Druid Discord // https://discord.com/channels/253205420225724416/780185688855019561/857206150462308402
,,Item,,,EPV,Location,Phase,,,Stats
,,Head,,,,,,,,,heal,int,spi,crit,haste,mp5,socket
,1,Thunderheart Helmet,Thunderheart Helmet,Epic,190.00,Hyjal Summit,Archimonde,3,https://tbc.wowhead.com/item=31037,,117,42,28,,,8,Blue,Meta
,2,Cowl of Benevolence,Cowl of Benevolence,Epic,186.70,Black Temple,Teron Gorefiend,3,https://tbc.wowhead.com/item=32329,,118,27,42,,,,Meta,Blue
,3,Nordrassil Headguard,Nordrassil Headguard,Epic,172.70,Serpentshrine Cavern,Lady Vashj,2,https://tbc.wowhead.com/item=30219,,103,28,31,,,8,Yellow,Meta
,4,Wonderheal XT40 Shades,Wonderheal XT40 Shades,Epic,172.00,Engineering,Crafted,2,https://tbc.wowhead.com/item=32479,,106,38,22,,,,Meta,Blue
,5,Guise of the Tidal Lurker,Guise of the Tidal Lurker,Epic,169.00,Black Temple,High Warlord Naj'entus,3,https://tbc.wowhead.com/item=32240,,103,35,,,,15,Meta,Red
,6,Powerheal 4000 Lens,Powerheal 4000 Lens,Epic,168.80,Engineering,Crafted,2,https://tbc.wowhead.com/item=32495,,101,38,28,,,,Meta,Blue
,7,Whitemend Hood,Whitemend Hood,Epic,155.00,Tailoring,Crafted,1,https://tbc.wowhead.com/item=24264,,79,15,,,,11,Blue,Yellow,Red
,8,Vengeful Gladiator's Kodohide Helm,Vengeful Gladiator's Kodohide Helm,Epic,153.70,Season 3,PvP,3,https://tbc.wowhead.com/item=33691,,90,39,,,,8,Meta,Yellow
,9,Merciless Gladiator's Kodohide Helm,Merciless Gladiator's Kodohide Helm,Epic,143.00,Season 2,PvP,2,https://tbc.wowhead.com/item=31988,,81,35,,,,7,Meta,Yellow
,10,Crown of Malorne,Crown of Malorne,Epic,136.60,Karazhan,Prince Malchezaar,1,https://tbc.wowhead.com/item=29086,,68,27,25,,,10,Red,Meta
,11,Gladiator's Kodohide Helm,Gladiator's Kodohide Helm,Epic,135.90,Season 1,PvP,1,https://tbc.wowhead.com/item=31376,,75,33,,,,6,Meta,Yellow
,12,Crown of the Sun,Crown of the Sun,Epic,134.10,Tempest Keep,Kael'thas Sunstrider,2,https://tbc.wowhead.com/item=29990,,108,38,49
,13,Cowl of Naaru Blessings,Cowl of Naaru Blessings,Epic,129.60,Badge of Justice,G'eras,1,https://tbc.wowhead.com/item=32090,,66,29,23,,,,Blue,Meta
,14,Hallowed Crown,Hallowed Crown,Rare,120.00,Archatraz,Harbinger Skyriss,1,https://tbc.wowhead.com/item=28413,,57,24,26,,,,Blue,Meta
,15,Cowl of Nature's Breath,Cowl of Nature's Breath,Epic,114.80,Gruul's Lair,Gruul the Dragonkiller,1,https://tbc.wowhead.com/item=28803,,92,42,34
,,Neck,,,,,,,,,heal,int,spi,crit,haste,mp5,socket
,1,Lord Sanguinar's Claim,Lord Sanguinar's Claim,Epic,88.20,Tempest Keep,Kael'thas and the Verdant Sphere,2,https://tbc.wowhead.com/item=30018,,79,19,,,,7
,2,Nadina's Pendant of Purity,Nadina's Pendant of Purity,Epic,87.20,Black Temple,Mother Shahraz,3,https://tbc.wowhead.com/item=32370,,79,14,,,,8
,3,Archaic Charm of Presence,Archaic Charm of Presence,Epic,81.90,Shadowmoon Valley,Doomwalker,1,https://tbc.wowhead.com/item=30726,,75,23
,4,Vindicator's Pendant of Salvation,Vindicator's Pendant of Salvation,Epic,80.80,Season 3,PvP,3,https://tbc.wowhead.com/item=33922,,51,16,,,,6,Yellow
,5,Vindicator's Pendant of Reprieve,Vindicator's Pendant of Reprieve,Epic,77.80,Season 3,PvP,3,https://tbc.wowhead.com/item=35317,,51,16,,,23,,Yellow
,6,Veteran's Pendant of Salvation,Veteran's Pendant of Salvation,Epic,72.40,Season 2,PvP,2,https://tbc.wowhead.com/item=33068,,44,13,,,,5,Yellow
,7,Emberspur Talisman,Emberspur Talisman,Epic,71.50,Karazhan,Nightbane,1,https://tbc.wowhead.com/item=28609,,66,,,,,11
,8,Gezzarak's Fang,Gezzarak's Fang,Rare,63.50,Terokkar Forest,Gezzarak the Huntress,1,https://tbc.wowhead.com/item=32531,,57,15,,,,4
,9,Karja's Medallion,Karja's Medallion,Rare,62.50,Netherstorm,Shutting Down Manaforge Ara,1,https://tbc.wowhead.com/item=30377,,55,15,10
,10,Teeth of Gruul,Teeth of Gruul,Epic,62.00,Gruul's Lair,Gruul the Dragonkiller,1,https://tbc.wowhead.com/item=28822,,46,21,19,,,8
,11,Natasha's Guardian Cord,Natasha's Guardian Cord,Rare,61.00,,The Hound-Master,1,https://tbc.wowhead.com/item=31691,,55,10,,,,6
,12,Amulet of the Fallen God,Amulet of the Fallen God,Epic,60.00,Classic,,0,https://tbc.wowhead.com/item=21712,,57,,,,,6
,13,Necklace of Necropsy,Necklace of Necropsy,Epic,59.30,Naxxramas,Heigan the Unclean,1,https://tbc.wowhead.com/item=23036,,53,11,10
,14,Shining Chain of the Afterworld,Shining Chain of the Afterworld,Epic,58.00,Karazhan,Netherspite,1,https://tbc.wowhead.com/item=28731,,46,21,19
,15,Necklace of Resplendent Hope,Necklace of Resplendent Hope,Rare,57.50,Old Hillsbrad Foothills,Epoch Hunter,1,https://tbc.wowhead.com/item=28233,,53,,,,,9
,,Shoulders,,,,,,,,,heal,int,spi,crit,haste,mp5,socket
,1,Thunderheart Spaulders,Thunderheart Spaulders,Epic,148.50,Black Temple,Mother Shahraz,3,https://tbc.wowhead.com/item=31047,,86,31,19,,,7,Blue,Blue
,2,Nordrassil Life-Mantle,Nordrassil Life-Mantle,Epic,136.90,Tempest Keep,Void Reaver,2,https://tbc.wowhead.com/item=30221,,77,27,16,,,6,Blue,Blue
,3,Shoulderguards of Malorne,Shoulderguards of Malorne,Epic,127.10,Gruul's Lair,High King Maulgar,1,https://tbc.wowhead.com/item=29089,,68,23,19,,,5,Blue,Blue
,4,Runetotem's Mantle,Runetotem's Mantle,Epic,117.20,Serpentshrine Cavern,Lady Vashj,2,https://tbc.wowhead.com/item=30111,,101,22,32
,5,Vengeful Gladiator's Kodohide Spaulders,Vengeful Gladiator's Kodohide Spaulders,Epic,110.70,Season 3,PvP,3,https://tbc.wowhead.com/item=33693,,57,24,,,,5,Red,Yellow
,6,Primal Mooncloth Shoulders,Primal Mooncloth Shoulders,Epic,104.80,Tailoring,Crafted,1,https://tbc.wowhead.com/item=21874,,92,16,15,,,7
,7,Veil of Turning Leaves,Veil of Turning Leaves,Epic,104.10,Black Temple,High Nethermancer Zerevor,3,https://tbc.wowhead.com/item=32518,,84,29,38
,8,Merciless Gladiator's Kodohide Spaulders,Merciless Gladiator's Kodohide Spaulders,Epic,103.30,Season 2,PvP,2,https://tbc.wowhead.com/item=31990,,51,21,,,,4,Red,Yellow
,9,Amice of Brilliant Light,Amice of Brilliant Light,Epic,103.20,Black Temple,Shade of Akama,3,https://tbc.wowhead.com/item=32273,,84,27,37
,10,Gladiator's Kodohide Spaulders,Gladiator's Kodohide Spaulders,Epic,98.30,Season 1,PvP,1,https://tbc.wowhead.com/item=31378,,46,21,,,,4,Red,Yellow
,11,Swiftheal Mantle,Swiftheal Mantle,Epic,97.20,Tailoring,Crafted,3,https://tbc.wowhead.com/item=32585,,84,16,28,,27
,12,Hallowed Pauldrons,Hallowed Pauldrons,Rare,97.10,Shadow Labyrinth,Grandmaster Vorpil,1,https://tbc.wowhead.com/item=27775,,42,17,20,,,,Red,Blue
,13,Shoulderpads of Renewed Life,Shoulderpads of Renewed Life,Epic,89.70,Leatherworking,Crafted,3,https://tbc.wowhead.com/item=32583,,81,29,,,38
,14,Pauldrons of Sufferance,Pauldrons of Sufferance,Rare,88.60,Old Hillsbrad Foothills,Epoch Hunter,1,https://tbc.wowhead.com/item=27433,,35,13,19,,,,Blue,Yellow
,15,Moonglade Shoulders,Moonglade Shoulders,Rare,84.10,Steamvault,Warlord Kalithresh,1,https://tbc.wowhead.com/item=27737,,29,19,18,,,,Red,Red
,,Back,,,,,,,,,heal,int,spi,crit,haste,mp5,socket
,1,Shroud of Forgiveness,Shroud of Forgiveness,Epic,90.70,Black Temple,Gurtogg Bloodboil,3,https://tbc.wowhead.com/item=32337,,79,19,20
,2,Sunshower Light Cloak,Sunshower Light Cloak,Epic,90.20,Tempest Keep,Kael'thas Sunstrider,2,https://tbc.wowhead.com/item=29989,,77,24,20
,3,Shroud of the Final Stand,Shroud of the Final Stand,Epic,76.10,Black Temple,Trash,3,https://tbc.wowhead.com/item=34012,,64,22,,,,11
,4,Shroud of the Highborne,Shroud of the Highborne,Epic,74.90,Black Temple,Illidan Stormrage,3,https://tbc.wowhead.com/item=32524,,68,23,,,32
,5,Lifegiving Cloak,Lifegiving Cloak,Epic,70.40,,World Drop,1,https://tbc.wowhead.com/item=31329,,64,13,,,,5
,6,Stainless Cloak of the Pure Hearted,Stainless Cloak of the Pure Hearted,Epic,63.40,Karazhan,Prince Malchezaar,1,https://tbc.wowhead.com/item=28765,,53,23,,,,7
,7,White Remedy Cape,White Remedy Cape,Rare,62.50,Tailoring,Crafted,1,https://tbc.wowhead.com/item=24254,,59,,,,,7
,8,Apexis Cloak,Apexis Cloak,Rare,61.50,Ogri'la,Revered,3,https://tbc.wowhead.com/item=32653,,57,15
,9,Light-Touched Stole of Altruism,Light-Touched Stole of Altruism,Epic,61.30,Auchenai Crypts,Exarch Maladaar,1,https://tbc.wowhead.com/item=29354,,55,21
,10,Red Riding Hood's Cloak,Red Riding Hood's Cloak,Epic,58.10,Karazhan,The Big Bad Wolf,1,https://tbc.wowhead.com/item=28582,,48,22,,,,7
,11,Cloak of Suturing,Cloak of Suturing,Epic,57.70,Naxxramas,Patchwerk,1,https://tbc.wowhead.com/item=22960,,48,12,12,,,5
,12,Cloak of the Everliving,Cloak of the Everliving,Rare,57.50,Hellfire Ramparts,Watchkeeper Gargolmar,1,https://tbc.wowhead.com/item=27448,,53,,,,,9
,13,Bishop's Cloak,Bishop's Cloak,Epic,55.10,Badge of Justice,G'eras,1,https://tbc.wowhead.com/item=29375,,46,17,,,,8
,14,Shroud of Winter's Chill,Shroud of Winter's Chill,Epic,55.10,Slave Pens,Ahune,3,https://tbc.wowhead.com/item=35494,,46,17,,,,8
,15,Avian Cloak of Feathers,Avian Cloak of Feathers,Rare,53.50,Sethekk Halls,Talon King Ikiss,1,https://tbc.wowhead.com/item=27946,,42,18,12,,,5
,,Chest,,,,,,,,,heal,int,spi,crit,haste,mp5,socket
,1,Thunderheart Tunic,Thunderheart Tunic,Epic,207.10,Black Temple,Illidan Stormrage,3,https://tbc.wowhead.com/item=31041,,117,34,33,,,8,Yellow,Blue,Blue
,2,Nordrassil Chestguard,Nordrassil Chestguard,Epic,188.20,Tempest Keep,Kael'thas Sunstrider,2,https://tbc.wowhead.com/item=30216,,103,33,31,,,,Blue,Blue,Blue
,3,Primal Mooncloth Robe,Primal Mooncloth Robe,Epic,182.00,Tailoring,Crafted,1,https://tbc.wowhead.com/item=21875,,121,20,20,,,10,Yellow,Blue
,4,Chestguard of Malorne,Chestguard of Malorne,Epic,170.20,Magtheridon's Lair,Magtheridon,1,https://tbc.wowhead.com/item=29087,,88,29,25,,,,Yellow,Blue,Blue
,5,Vengeful Gladiator's Kodohide Tunic,Vengeful Gladiator's Kodohide Tunic,Epic,169.00,Season 3,PvP,3,https://tbc.wowhead.com/item=33694,,88,35,,,,9,Red,Red,Yellow
,6,Merciless Gladiator's Kodohide Tunic,Merciless Gladiator's Kodohide Tunic,Epic,157.80,Season 2,PvP,2,https://tbc.wowhead.com/item=31991,,79,31,,,,7,Red,Red,Yellow
,7,Windhawk Hauberk,Windhawk Hauberk,Epic,157.40,Leatherworking,Crafted,1,https://tbc.wowhead.com/item=29522,,74,29,29,,,,Blue,Yellow,Blue
,8,Gladiator's Kodohide Tunic,Gladiator's Kodohide Tunic,Epic,153.00,Season 1,PvP,1,https://tbc.wowhead.com/item=31379,,75,30,,,,6,Red,Red,Yellow
,9,Don Rodrigo's Poncho,Don Rodrigo's Poncho,Epic,142.90,Hyjal Summit,Azgalor,3,https://tbc.wowhead.com/item=30899,,118,31,52
,10,Hallowed Garments,Hallowed Garments,Rare,138.60,Shadow Labyrinth,Murmur,1,https://tbc.wowhead.com/item=28230,,57,26,26,,,,Red,Yellow,Blue
,11,Garments of Temperance,Garments of Temperance,Epic,138.20,Black Temple,Gurtogg Bloodboil,3,https://tbc.wowhead.com/item=32340,,118,34,,,,20
,12,Moonglade Robe,Moonglade Robe,Rare,130.30,Mechanar,Pathaleon the Calculator,1,https://tbc.wowhead.com/item=28202,,55,17,14,,,,Red,Yellow,Blue
,13,Gnarled Chestpiece of the Ancients,Gnarled Chestpiece of the Ancients,Epic,129.80,Serpentshrine Cavern,Morogrim Tidewalker,2,https://tbc.wowhead.com/item=30075,,110,32,34
,14,Raiments of Divine Authority,Raiments of Divine Authority,Rare,123.70,Blood Furnace,Keli'dan the Breaker,1,https://tbc.wowhead.com/item=24397,,46,21,18,,,,Red,Yellow,Blue
,15,High Warlord's Kodohide Tunic,High Warlord's Kodohide Tunic,Rare,115.60,,PvP,1,https://tbc.wowhead.com/item=31588,,42,17,,,,5,Red,Red,Yellow
,,Wrist,,,,,,,,,heal,int,spi,crit,haste,mp5,socket
,1,Rejuvenating Bracers,Rejuvenating Bracers,Epic,100.40,Hyjal Summit,Rage Winterchill,3,https://tbc.wowhead.com/item=30868,,64,20,28,,,,Blue
,2,Bracers of Martyrdom,Bracers of Martyrdom,Epic,100.40,Hyjal Summit,Rage Winterchill,3,https://tbc.wowhead.com/item=30871,,64,20,28,,,,Blue
,3,Ravager's Cuffs of Healing,Ravager's Cuffs of Healing,Epic,90.00,Karazhan,Rokad the Ravager,1,https://tbc.wowhead.com/item=30684/ravagers-cuffs,,90
,4,Grove-Bands of Remulos,Grove-Bands of Remulos,Epic,78.50,Serpentshrine Cavern,The Lurker Below,2,https://tbc.wowhead.com/item=30062,,68,14,21
,5,Wristbands of Divine Influence,Wristbands of Divine Influence,Epic,76.70,Black Temple,Shade of Akama,3,https://tbc.wowhead.com/item=32513,,62,21,28
,6,Windhawk Bracers,Windhawk Bracers,Epic,76.20,Leatherworking,Crafted,1,https://tbc.wowhead.com/item=29523,,47,17,7,,,,Yellow
,7,Veteran's Mooncloth Cuffs,Veteran's Mooncloth Cuffs,Epic,72.80,Season 2,PvP,2,https://tbc.wowhead.com/item=32980,,46,16,,,,,Yellow
,8,Vindicator's Kodohide Bracers,Vindicator's Kodohide Bracers,Epic,72.10,Season 3,PvP,3,https://tbc.wowhead.com/item=33887,,40,22,,,,7,Red
,9,Bracers of Renewed Life,Bracers of Renewed Life,Epic,70.00,Leatherworking,Crafted,3,https://tbc.wowhead.com/item=32582,,64,20,,,28
,10,Marshal's Mooncloth Cuffs,Marshal's Mooncloth Cuffs,Epic,68.20,,PvP,1,https://www.wowhead.com/tbc/item=32977/marshals-mooncloth-cuffs,,42,14,,,,,Yellow
,11,Bindings of the Timewalker,Bindings of the Timewalker,Epic,67.60,The Keepers of Time,Exalted,1,https://tbc.wowhead.com/item=29183,,64,12
,12,Wraps of Purification,Wraps of Purification,Epic,64.00,Serpentshrine Cavern,Hydross the Unstable,2,https://tbc.wowhead.com/item=32516,,53,25,,,,7
,13,Veteran's Kodohide Bracers,Veteran's Kodohide Bracers,Epic,61.40,Season 2,PvP,2,https://tbc.wowhead.com/item=32812,,31,18,,,,6,Red
,14,Ravager's Cuffs of the Prophet,Ravager's Cuffs of the Prophet,Epic,60.20,Karazhan,Rokad the Ravager,1,https://tbc.wowhead.com/item=30684/ravagers-cuffs,,47,22,22
,15,Bracelets of Royal Redemption,Bracelets of Royal Redemption,Epic,58.70,Classic,,0,https://tbc.wowhead.com/item=21604,,53,10,9
,,Hands,,,,,,,,,heal,int,spi,crit,haste,mp5,socket
,1,Gloves of Unfailing Faith,Gloves of Unfailing Faith,Epic,134.40,Black Temple,Devourer of Souls,3,https://tbc.wowhead.com/item=32353,,75,33,,,,11,Red,Blue
,2,Botanist's Gloves of Growth,Botanist's Gloves of Growth,Epic,134.30,Black Temple,Teron Gorefiend,3,https://tbc.wowhead.com/item=32328,,84,21,,,37,,Yellow,Blue
,3,Thunderheart Gloves,Thunderheart Gloves,Epic,128.90,Hyjal Summit,Azgalor,3,https://tbc.wowhead.com/item=31032,,86,31,27,,,7,Blue
,4,Mitts of the Treemender,Mitts of the Treemender,Epic,118.80,Karazhan,Maiden of Virtue,1,https://tbc.wowhead.com/item=28521,,64,22,14,,,,Blue,Yellow
,5,Gloves of Saintly Blessings,Gloves of Saintly Blessings,Epic,99.00,Karazhan,Attumen the Huntsman,1,https://tbc.wowhead.com/item=28508,,40,25,25,,,,Red,Blue
,6,Nordrassil Gloves,Nordrassil Gloves,Epic,96.80,Serpentshrine Cavern,Leotheras the Blind,2,https://tbc.wowhead.com/item=30217,,77,27,24,,,9
,7,Vengeful Gladiator's Kodohide Gloves,Vengeful Gladiator's Kodohide Gloves,Epic,93.20,Season 3,PvP,3,https://tbc.wowhead.com/item=33690,,79,34,,,,8
,8,Bark-Gloves of Ancient Wisdom,Bark-Gloves of Ancient Wisdom,Epic,90.40,Tempest Keep,Trash,2,https://tbc.wowhead.com/item=30029,,73,25,33
,9,Gloves of the Living Touch,Gloves of the Living Touch,Epic,89.00,Leatherworking,Crafted,1,https://tbc.wowhead.com/item=29506,,77,18,22
,10,Merciless Gladiator's Kodohide Gloves,Merciless Gladiator's Kodohide Gloves,Epic,85.80,Season 2,PvP,2,https://tbc.wowhead.com/item=31987,,73,31,,,,7
,11,Bloody Surgeon's Mitts,Bloody Surgeon's Mitts,Rare,84.60,Blood Furnace,Broggok,1,https://tbc.wowhead.com/item=24393,,31,20,12,,,,Red,Blue
,12,Handguards of Malorne,Handguards of Malorne,Epic,80.20,Karazhan,The Curator,1,https://tbc.wowhead.com/item=29090,,62,25,24,,,7
,13,Gladiator's Kodohide Gloves,Gladiator's Kodohide Gloves,Epic,73.10,Season 1,PvP,1,https://tbc.wowhead.com/item=31375,,62,27,,,,6
,14,Cryo-mitts,Cryo-mitts,Rare,68.40,,Someone Else's Hard Work Pays Off,1,https://tbc.wowhead.com/item=29327,,57,22,16
,15,Gloves of Preservation,Gloves of Preservation,Rare,68.00,,Fel Embers,1,https://tbc.wowhead.com/item=25791,,53,25,25
,,Waist,,,,,,,,,heal,int,spi,crit,haste,mp5,socket
,1,Primal Mooncloth Belt,Primal Mooncloth Belt,Epic,135.90,Tailoring,Crafted,1,https://tbc.wowhead.com/item=21873,,81,12,11,,,8,Yellow,Blue
,2,Belt of Divine Guidance,Belt of Divine Guidance,Epic,133.80,Black Temple,High Nethermancer Zerevor,3,https://tbc.wowhead.com/item=32519,,73,24,32,,,,Yellow,Blue
,3,Belt of the Long Road,Belt of the Long Road,Epic,132.30,Tailoring,Crafted,2,https://tbc.wowhead.com/item=30036,,73,18,33,,,,Blue,Yellow
,4,Girdle of Zaetar,Girdle of Zaetar,Epic,131.10,Tempest Keep,Void Reaver,2,https://tbc.wowhead.com/item=29984,,73,23,24,,,,Blue,Blue
,5,Lurker's Cord of Healing,Lurker's Cord of Healing,Epic,121.00,Karazhan,Hyakiss the Lurker,1,https://tbc.wowhead.com/item=30675/lurkers-cord,,121
,6,Windhawk Belt,Windhawk Belt,Epic,120.70,Leatherworking,Crafted,1,https://tbc.wowhead.com/item=29524,,65,19,20,,,,Blue,Yellow
,7,Angelista's Sash,Angelista's Sash,Epic,93.00,Hyjal Summit,Kaz'rogal,3,https://tbc.wowhead.com/item=30895,,84,30,,,37
,8,Belt of Primal Majesty,Belt of Primal Majesty,Epic,92.70,Black Temple,Gurtogg Bloodboil,3,https://tbc.wowhead.com/item=32339,,84,29,,,37
,9,Vindicator's Kodohide Belt,Vindicator's Kodohide Belt,Epic,88.50,Season 3,PvP,3,https://tbc.wowhead.com/item=33885,,75,30,,,,9
,10,Lurker's Cord of the Prophet,Lurker's Cord of the Prophet,Epic,81.40,Karazhan,Hyakiss the Lurker,1,https://tbc.wowhead.com/item=30675/lurkers-cord,,64,29,29
,11,Cord of Nature's Sustenance,Cord of Nature's Sustenance,Epic,80.80,Karazhan,Terestian Illhoof,1,https://tbc.wowhead.com/item=28655,,64,30,16,,,6
,12,Veteran's Kodohide Belt,Veteran's Kodohide Belt,Epic,80.10,Season 2,PvP,2,https://tbc.wowhead.com/item=32800,,68,27,,,,8
,13,Veteran's Mooncloth Belt,Veteran's Mooncloth Belt,Epic,77.00,Season 2,PvP,2,https://tbc.wowhead.com/item=32979,,68,30
,14,Cincture of Will,Cincture of Will,Epic,74.90,Karazhan,Terestian Illhoof,1,https://tbc.wowhead.com/item=28652,,59,28,25
,15,Cord of Sanctification,Cord of Sanctification,Epic,72.70,Old Hillsbrad Foothills,Epoch Hunter,1,https://tbc.wowhead.com/item=29250,,62,24,,,,7
,,Ring,,,,,,,,,heal,int,spi,crit,haste,mp5,socket
,1,Band of the Eternal Restorer,Band of the Eternal Restorer,Epic,105.50,Tanaris,Restorer's Covenant,3,https://tbc.wowhead.com/item=29309,,93,25,,,,10
,2,Coral Band of the Revived,Coral Band of the Revived,Epic,87.30,Serpentshrine Cavern,Lady Vashj,2,https://tbc.wowhead.com/item=30110,,75,14,27
,3,Blessed Band of Karabor,Blessed Band of Karabor,Epic,82.00,Black Temple,Trash,3,https://tbc.wowhead.com/item=32528,,73,20,,,30,6
,4,Band of Eternity (revered),Band of Eternity (revered),Epic,76.50,Tanaris,Restorer's Oath,3,https://tbc.wowhead.com/item=29308,,64,25,,,,10
,5,Ring of Flowing Light,Ring of Flowing Light,Epic,75.00,Hellfire Peninsula,Doom Lord Kazzak,1,https://tbc.wowhead.com/item=30736,,75
,6,Jade Ring of the Everliving,Jade Ring of the Everliving,Epic,74.00,Karazhan,Prince Malchezaar,1,https://tbc.wowhead.com/item=28763,,68,,,,,12
,7,Ring of Calming Waves,Ring of Calming Waves,Epic,72.10,Black Temple,High Warlord Naj'entus,3,https://tbc.wowhead.com/item=32238,,64,27
,8,Band of Eternity (honored),Band of Eternity (honored),Epic,70.40,Tanaris,Restorer's Vow,3,https://tbc.wowhead.com/item=29306,,59,23,,,,9
,9,Gift of the Talonpriests,Gift of the Talonpriests,Rare,69.60,Terokkar Forest,Terokk,1,https://tbc.wowhead.com/item=32535,,66,12
,10,Spiritualist's Mark of the Sha'tar,Spiritualist's Mark of the Sha'tar,Rare,67.60,Shadowmoon Valley,Battle of the Crimson Watch,1,https://tbc.wowhead.com/item=31383,,64,,12
,11,Phoenix-Ring of Rebirth,Phoenix-Ring of Rebirth,Epic,67.20,Tempest Keep,Al'ar,2,https://tbc.wowhead.com/item=29920,,55,24,,,,10
,12,Violet Signet of the Grand Restorer,Violet Signet of the Grand Restorer,Epic,67.00,Deadwind Pass,Eminence Among the Violet Eye,1,https://tbc.wowhead.com/item=29290,,55,23,17
,13,Naaru Lightwarden's Band,Naaru Lightwarden's Band,Epic,66.50,Magtheridon's Lair,The Fall of Magtheridon,1,https://tbc.wowhead.com/item=28790,,55,25,,,,8
,14,Ring of Fabled Hope,Ring of Fabled Hope,Rare,65.90,Underbog,The Black Stalker,1,https://tbc.wowhead.com/item=27780,,59,12,11
,15,Band of Eternity (friendly),Band of Eternity (friendly),Epic,65.60,Tanaris,Restorer's Pledge,2,https://tbc.wowhead.com/item=29307,,55,22,,,,8
,,Legs,,,,,,,,,heal,int,spi,crit,haste,mp5,socket
,1,Leggings of Eternity,Leggings of Eternity,Epic,206.40,Hyjal Summit,Archimonde,3,https://tbc.wowhead.com/item=30912,,121,38,,,,16,Blue,Blue,Blue
,2,Kilt of Immortal Nature,Kilt of Immortal Nature,Epic,201.60,Black Temple,Shade of Akama,3,https://tbc.wowhead.com/item=32271,,118,42,,,,10,Blue,Yellow,Blue
,3,Gilded Trousers of Benediction,Gilded Trousers of Benediction,Epic,194.80,Shadowmoon Valley,Doomwalker,1,https://tbc.wowhead.com/item=30727,,118,16,,,,12,Yellow,Blue,Blue
,4,Thunderheart Legguards,Thunderheart Legguards,Epic,167.30,Black Temple,Illidari Council,3,https://tbc.wowhead.com/item=31045,,117,40,36,,,11,Blue
,5,Earthsoul Leggings,Earthsoul Leggings,Epic,163.20,Karazhan,The Big Bad Wolf,1,https://tbc.wowhead.com/item=28591,,81,30,24,,,,Yellow,Blue,Blue
,6,Pantaloons of Repentance,Pantaloons of Repentance,Epic,152.00,Karazhan,Netherspite,1,https://tbc.wowhead.com/item=28742,,68,34,26,,,,Red,Blue,Blue
,7,Pontifex Kilt,Pontifex Kilt,Epic,148.80,Steamvault,Warlord Kalithresh,1,https://tbc.wowhead.com/item=30543,,66,29,27,,,,Red,Yellow,Blue
,8,Nordrassil Life-Kilt,Nordrassil Life-Kilt,Epic,147.40,Serpentshrine Cavern,Fathom-Lord Karathress,2,https://tbc.wowhead.com/item=30220,,101,36,27,,,11,Blue
,9,Whitemend Pants,Whitemend Pants,Epic,139.80,Tailoring,Crafted,1,https://tbc.wowhead.com/item=24261,,62,21,,,,11,Blue,Yellow,Red
,10,Pontiff's Pantaloons of Prophecy,Pontiff's Pantaloons of Prophecy,Rare,136.30,Old Hillsbrad Foothills,Captain Skarloc,1,https://tbc.wowhead.com/item=28218,,55,27,24,,,,Red,Blue,Blue
,11,Kamaei's Cerulean Skirt,Kamaei's Cerulean Skirt,Epic,131.80,,World Drop,1,https://tbc.wowhead.com/item=31343,,118,25,21
,12,Star-Soul Breeches,Star-Soul Breeches,Epic,124.70,Tempest Keep,High Astromancer Solarian,2,https://tbc.wowhead.com/item=29977,,101,27,52
,13,Vengeful Gladiator's Kodohide Legguards,Vengeful Gladiator's Kodohide Legguards,Epic,121.20,Season 3,PvP,3,https://tbc.wowhead.com/item=33692,,101,44,,,,14
,14,Lifegiver Britches,Lifegiver Britches,Rare,121.10,Hellfire Ramparts,Vazruden and Nazan,1,https://tbc.wowhead.com/item=24083,,44,25,12,,,,Red,Blue,Blue
,15,Kilt of the Night Strider,Kilt of the Night Strider,Rare,112.20,Blood Furnace,Broggok,1,https://tbc.wowhead.com/item=24391,,33,26,8,,,6,Red,Red,Blue
,,Feet,,,,,,,,,heal,int,spi,crit,haste,mp5,socket
,1,Gold-Leaf Wildboots,Gold-Leaf Wildboots,Epic,141.10,Hellfire Peninsula,Doom Lord Kazzak,1,https://tbc.wowhead.com/item=30737,,86,19,18,,,,Yellow,Blue
,2,Boots of the Divine Light,Boots of the Divine Light,Epic,131.40,Hyjal Summit,Trash,3,https://tbc.wowhead.com/item=32609,,73,24,24,,,,Yellow,Blue
,3,Orca-Hide Boots,Orca-Hide Boots,Epic,130.80,Serpentshrine Cavern,Leotheras the Blind,2,https://tbc.wowhead.com/item=30092,,73,27,19,,,,Blue,Blue
,4,Soul-Strider Boots,Soul-Strider Boots,Epic,123.60,Serpentshrine Cavern,Fathom-Lord Karathress,2,https://tbc.wowhead.com/item=30100,,64,19,33,,,,Red,Blue
,5,Glider's Foot-Wraps of Healing,Glider's Foot-Wraps of Healing,Epic,121.00,Karazhan,Shadikith the Glider,1,https://tbc.wowhead.com/item=30680/gliders-foot-wraps,,121
,6,Forestlord Striders,Forestlord Striders,Epic,111.90,Karazhan,Chess Event,1,https://tbc.wowhead.com/item=28752,,55,27,16,,,,Blue,Blue
,7,Archbishop's Slippers,Archbishop's Slippers,Epic,104.10,Hyjal Summit,Anetheron,3,https://tbc.wowhead.com/item=30885,,84,30,37
,8,Enchanted Leather Sandals,Enchanted Leather Sandals,Epic,103.80,Hyjal Summit,Anetheron,3,https://tbc.wowhead.com/item=30886,,84,29,37
,9,Boots of the Long Road,Boots of the Long Road,Epic,91.90,Tailoring,Crafted,2,https://tbc.wowhead.com/item=30035,,73,26,22,,,9
,10,Slippers of Serenity,Slippers of Serenity,Rare,90.10,Auchenai Crypts,Exarch Maladaar,1,https://tbc.wowhead.com/item=27411,,35,22,15,,,,Red,Blue
,11,Vindicator's Kodohide Boots,Vindicator's Kodohide Boots,Epic,88.50,Season 3,PvP,3,https://tbc.wowhead.com/item=33886,,75,30,,,,9
,12,Veteran's Kodohide Boots,Veteran's Kodohide Boots,Epic,81.80,Season 2,PvP,2,https://tbc.wowhead.com/item=32788,,70,26,,,,8
,13,Glider's Foot-Wraps of the Prophet,Glider's Foot-Wraps of the Prophet,Epic,81.40,Karazhan,Shadikith the Glider,1,https://tbc.wowhead.com/item=30680/gliders-foot-wraps,,64,29,29
,14,Veteran's Mooncloth Slippers,Veteran's Mooncloth Slippers,Epic,77.00,Season 2,PvP,2,https://tbc.wowhead.com/item=32981,,68,30
,15,Boots of the Pious,Boots of the Pious,Epic,76.70,Mechanar,Pathaleon the Calculator,1,https://tbc.wowhead.com/item=29251,,62,26,23
,,Trinket,,,,,,,,,heal,int,spi,crit,haste,mp5,socket
,1,Essence of the Martyr,Essence of the Martyr,Epic,133.50,Badge of Justice,G'eras,1,https://tbc.wowhead.com/item=29376,,133.5
,2,Direbrew Hops,Direbrew Hops,Epic,133.50,,,3,https://tbc.wowhead.com/item=38288,,133.5
,3,Memento of Tyrande,Memento of Tyrande,Epic,126.25,Black Temple,Illidan Stormrage,3,https://tbc.wowhead.com/item=32496,,118,,,,,16.5
,4,Eye of the Dead,Eye of the Dead,Epic,90.00,Naxxramas,Sapphiron,0,https://tbc.wowhead.com/item=23047,,90
,5,Oshu'gun Relic,Oshu'gun Relic,Uncommon,88.50,Nagrand,Gava'xi,1,https://tbc.wowhead.com/item=25634/oshugun-relic,,88.5
,6,Lower City Prayerbook,Lower City Prayerbook,Rare,75.50,Lower City,Revered,1,https://tbc.wowhead.com/item=30841,,70,,,,,11
,7,Ribbon of Sacrifice,Ribbon of Sacrifice,Epic,73.00,Karazhan,The Big Bad Wolf,1,https://tbc.wowhead.com/item=28590,,73
,8,Rejuvenating Gem,Rejuvenating Gem,Epic,70.50,Blackwing Lair,,0,https://tbc.wowhead.com/item=19395/rejuvenating-gem,,66,,,,,9
,9,Scarab of the Infinite Cycle,Scarab of the Infinite Cycle,Rare,70.00,Black Morass,Aeonus,1,https://tbc.wowhead.com/item=28190,,70,,,,30
,10,Eye of Gruul,Eye of Gruul,Epic,69.00,Gruul's Lair,Gruul the Dragonkiller,1,https://tbc.wowhead.com/item=28823,,44,,,,,50
,11,Auslese's Light Channeler,Auslese's Light Channeler,Rare,59.00,Blood Furnace,Broggok,1,https://tbc.wowhead.com/item=24390,,59
,12,Warp-Scarab Brooch,Warp-Scarab Brooch,Rare,53.50,Mana-Tombs,Nexus-Prince Shaffar,1,https://tbc.wowhead.com/item=27828,,47,,,,,13
,13,Scryer's Bloodgem,Scryer's Bloodgem,Rare,47.00,The Scryers,Revered,1,https://tbc.wowhead.com/item=29132,,47
,14,Xi'ri's Gift,Xi'ri's Gift,Rare,47.00,The Sha'tar,Revered,1,https://tbc.wowhead.com/item=29179,,47
,15,Heavenly Inspiration,Heavenly Inspiration,Uncommon,44.67,,Success!,0,https://tbc.wowhead.com/item=30293,,39.67,,,,,10
,,One Hand,,,,,,,,,heal,int,spi,crit,haste,mp5,socket
,1,Crystal Spire of Karabor,Crystal Spire of Karabor,Epic,493.50,Black Temple,Illidan Stormrage,3,https://tbc.wowhead.com/item=32500,,486,15,,,,6
,2,Vengeful Gladiator's Salvation,Vengeful Gladiator's Salvation,Epic,470.90,Season 3,PvP,3,https://tbc.wowhead.com/item=33743,,464,23
,3,Lightfathom Scepter,Lightfathom Scepter,Epic,454.50,Serpentshrine Cavern,Lady Vashj,2,https://tbc.wowhead.com/item=30108,,443,20,,,,11
,4,Hammer of Atonement,Hammer of Atonement,Epic,449.30,Hyjal Summit,Kaz'rogal,3,https://tbc.wowhead.com/item=30918,,443,21
,5,Merciless Gladiator's Salvation,Merciless Gladiator's Salvation,Epic,429.30,Season 2,PvP,2,https://tbc.wowhead.com/item=32964,,423,21
,6,Light's Justice,Light's Justice,Epic,394.30,Karazhan,Prince Malchezaar,1,https://tbc.wowhead.com/item=28771,,382,21,20
,7,Gladiator's Salvation,Gladiator's Salvation,Epic,380.40,Season 1,PvP,1,https://tbc.wowhead.com/item=32451,,375,18
,8,Shard of the Virtuous,Shard of the Virtuous,Epic,357.00,Karazhan,Maiden of Virtue,1,https://tbc.wowhead.com/item=28522,,348,20,,,,6
,9,Hand of Eternity,Hand of Eternity,Epic,326.50,Blacksmithing,Crafted,1,https://tbc.wowhead.com/item=23556,,317,20,,,,7
,10,Shockwave Truncheon,Shockwave Truncheon,Epic,320.00,Shadow Labyrinth,Murmur,1,https://tbc.wowhead.com/item=29353,,317,,,,,6
,11,The Ancient Scepter of Sue-Min,The Ancient Scepter of Sue-Min,Epic,307.50,,World Drop,1,https://tbc.wowhead.com/item=31342,,299,15,,,,8
,12,Gavel of Pure Light,Gavel of Pure Light,Epic,306.60,The Sha'tar,Exalted,1,https://tbc.wowhead.com/item=29175,,299,12,,,,8
,13,Hammer of the Twisting Nether,Hammer of the Twisting Nether,Epic,245.30,Naxxramas,Kel'Thuzad,1,https://tbc.wowhead.com/item=23056,,238,11,,,,8
,14,Hammer of the Penitent,Hammer of the Penitent,Rare,238.70,Mechanar,Mechano-Lord Capacitus,1,https://tbc.wowhead.com/item=28257,,227,16,13,,,6
,15,Dathrohan's Ceremonial Hammer,Dathrohan's Ceremonial Hammer,Rare,236.60,Old Hillsbrad Foothills,Captain Skarloc,1,https://tbc.wowhead.com/item=28216,,227,14,18
,,Off Hand,,,,,,,,,heal,int,spi,crit,haste,mp5,socket
,1,Scepter of Purification,Scepter of Purification,Epic,89.60,Hyjal Summit,Archimonde,3,https://tbc.wowhead.com/item=30911,,77,17,25
,2,Tears of Heaven,Tears of Heaven,Epic,78.00,Badge of Justice,G'eras,1,https://tbc.wowhead.com/item=29274,,75,,,,,6
,3,Touch of Inspiration,Touch of Inspiration,Epic,76.30,Black Temple,Devourer of Souls,3,https://tbc.wowhead.com/item=32350,,64,21,,,,12
,4,Windcaller's Orb,Windcaller's Orb,Epic,72.40,Cenarion Expedition,Exalted,1,https://tbc.wowhead.com/item=29170,,64,16,12
,5,Talisman of the Sun King,Talisman of the Sun King,Epic,69.20,Tempest Keep,Al'ar,2,https://tbc.wowhead.com/item=29923,,59,24,,,,6
,6,Merciless Gladiator's Reprieve,Merciless Gladiator's Reprieve,Epic,67.70,Season 2,PvP,2,https://tbc.wowhead.com/item=32961,,62,19
,7,Sapphiron's Right Eye,Sapphiron's Right Eye,Epic,67.00,Naxxramas,Sapphiron,1,https://tbc.wowhead.com/item=23048,,62,10,,,,4
,8,Faol's Signet of Cleansing,Faol's Signet of Cleansing,Rare,62.50,Hellfire Ramparts,Omor the Unscarred,1,https://tbc.wowhead.com/item=27477,,59,,,,,7
,9,Aran's Soothing Sapphire,Aran's Soothing Sapphire,Epic,61.60,Karazhan,Shade of Aran,1,https://tbc.wowhead.com/item=28728,,51,22,,,,8
,10,Noth's Frigid Heart,Noth's Frigid Heart,Epic,60.50,Naxxramas,Noth the Plaguebringer,1,https://tbc.wowhead.com/item=23029,,53,12,13
,11,Lordaeron Medical Guide,Lordaeron Medical Guide,Rare,53.80,Old Hillsbrad Foothills,Lieutenant Drake,1,https://tbc.wowhead.com/item=28213,,46,10,16
,12,Signet of Unshakable Faith,Signet of Unshakable Faith,Epic,49.90,Karazhan,Moroes,1,https://tbc.wowhead.com/item=28525,,37,21,22
,13,Swamplight Lantern,Swamplight Lantern,Rare,49.60,Slave Pens,Quagmirran,1,https://tbc.wowhead.com/item=27714,,40,22,,,,6
,14,Netherwing Spiritualist's Charm,Netherwing Spiritualist's Charm,Rare,45.00,,Ally of the Netherwing,1,https://tbc.wowhead.com/item=31493,,33,15,15,,,6
,15,Lamp of Peaceful Repose,Lamp of Peaceful Repose,Rare,43.40,Arcatraz,Dalliah the Doomsayer,1,https://tbc.wowhead.com/item=28387,,35,18,,,,6
,,Two Hand,,,,,,,,,heal,int,spi,crit,haste,mp5,socket
,1,Apostle of Argus,Apostle of Argus,Epic,515.20,Hyjal Summit,Archimonde,3,https://tbc.wowhead.com/item=30908,,486,59,,,,23
,2,Staff of Immaculate Recovery,Staff of Immaculate Recovery,Epic,475.80,Black Temple,Gurtogg Bloodboil,3,https://tbc.wowhead.com/item=32344,,443,51,35,,,14
,3,Exodar Life-Staff,Exodar Life-Staff,Epic,449.20,World Boss,Doom Lord Kazzak,1,https://tbc.wowhead.com/item=30732,,364,34,,,,18,Blue,Blue,Yellow
,4,Ethereum Life-Staff,Ethereum Life-Staff,Epic,446.80,Tempest Keep,High Astromancer Solarian,2,https://tbc.wowhead.com/item=29981,,415,44,62
,5,Crystalheart Pulse-Staff,Crystalheart Pulse-Staff,Epic,405.00,Magtheridon's Lair,Magtheridon,1,https://tbc.wowhead.com/item=28782,,382,50,,,,16
,6,Nightstaff of the Everliving,Nightstaff of the Everliving,Epic,374.70,Karazhan,Nightbane,1,https://tbc.wowhead.com/item=28604,,348,34,55
,7,"Atiesh, Greatstaff of the Guardian","Atiesh, Greatstaff of the Guardian",Legendary,322.00,Classic,,0,https://tbc.wowhead.com/item=22632,,300,28,27,,,11
,8,Serpentcrest Life-Staff,Serpentcrest Life-Staff,Rare,248.90,The Steamvault,Mekgineer Steamrigger,1,https://tbc.wowhead.com/item=27791,,227,27,46
,9,Seer's Cane,Seer's Cane,Rare,246.80,Quartermaster Enuril,,1,https://tbc.wowhead.com/item=29133,,228,46,,,,10
,10,Epoch-Mender,Epoch-Mender,Rare,243.50,Black Morass,Temporus,1,https://tbc.wowhead.com/item=28033,,227,35,,,,12
,11,Staff of Divine Infusion,Staff of Divine Infusion,Rare,215.90,,,1,https://tbc.wowhead.com/item=31289,,194,23,50
,12,Staff of the Ashtongue Deathsworn,Staff of the Ashtongue Deathsworn,Rare,215.00,,,1,https://tbc.wowhead.com/item=31417,,194,45,25
,13,Ameer's Judgement,Ameer's Judgement,Rare,214.10,,Nexus-King Salhadaar,1,https://tbc.wowhead.com/item=30012,,194,40,27
,14,Staff of the Redeemer,Staff of the Redeemer,Rare,212.50,,,1,https://tbc.wowhead.com/item=31038,,194,45,,,,10
,15,Severin's Cane,Severin's Cane,Rare,206.00,,Terokk's Downfall,1,https://tbc.wowhead.com/item=32830,,194,40
