tier,zone,npc_id,boss,item_id,item_name,slot,armor_type,quality,db_phase,url
T4,Gruul's Lair,19044,Gruul the Dragonkiller,28825,Aldori Legacy Defender,Weapon,,Epic,1,https://www.wowhead.com/tbc/item=28825
T4,Gruul's Lair,19044,Gruul the Dragonkiller,28794,Axe of the Gronn Lords,Weapon,,Epic,1,https://www.wowhead.com/tbc/item=28794
T4,Gruul's Lair,19044,Gruul the Dragonkiller,28802,Bloodmaw Magus-Blade,Weapon,,Epic,1,https://www.wowhead.com/tbc/item=28802
T4,Gruul's Lair,19044,Gruul the Dragonkiller,28804,Collar of Cho'gall,Head,Cloth,Epic,1,https://www.wowhead.com/tbc/item=28804
T4,Gruul's Lair,19044,Gruul the Dragonkiller,28803,Cowl of Nature's Breath,Head,Leather,Epic,1,https://www.wowhead.com/tbc/item=28803
T4,Gruul's Lair,19044,Gruul the Dragonkiller,28830,Dragonspine Trophy,Trinket,,Epic,1,https://www.wowhead.com/tbc/item=28830
T4,Gruul's Lair,19044,Gruul the Dragonkiller,28823,Eye of Gruul,Trinket,,Epic,1,https://www.wowhead.com/tbc/item=28823
T4,Gruul's Lair,19044,Gruul the Dragonkiller,28824,Gauntlets of Martial Perfection,Hands,Plate,Epic,1,https://www.wowhead.com/tbc/item=28824
T4,Gruul's Lair,19044,Gruul the Dragonkiller,28827,Gauntlets of the Dragonslayer,Hands,Mail,Epic,1,https://www.wowhead.com/tbc/item=28827
T4,Gruul's Lair,19044,Gruul the Dragonkiller,28828,Gronn-Stitched Girdle,Waist,Leather,Epic,1,https://www.wowhead.com/tbc/item=28828
T4,Gruul's Lair,19044,Gruul the Dragonkiller,28826,Shuriken of Negation,Ranged,,Epic,1,https://www.wowhead.com/tbc/item=28826
T4,Gruul's Lair,19044,Gruul the Dragonkiller,28822,Teeth of Gruul,Neck,,Epic,1,https://www.wowhead.com/tbc/item=28822
T4,Gruul's Lair,19044,Gruul the Dragonkiller,28810,Windshear Boots,Feet,Mail,Epic,1,https://www.wowhead.com/tbc/item=28810
T4,Gruul's Lair,18831,High King Maulgar,28799,Belt of Divine Inspiration,Waist,Cloth,Epic,1,https://www.wowhead.com/tbc/item=28799
T4,Gruul's Lair,18831,High King Maulgar,28795,Bladespire Warbands,Wrist,Plate,Epic,1,https://www.wowhead.com/tbc/item=28795
T4,Gruul's Lair,18831,High King Maulgar,28797,Brute Cloak of the Ogre-Magi,Back,Cloth,Epic,1,https://www.wowhead.com/tbc/item=28797
T4,Gruul's Lair,18831,High King Maulgar,28800,Hammer of the Naaru,Weapon,,Epic,1,https://www.wowhead.com/tbc/item=28800
T4,Gruul's Lair,18831,High King Maulgar,28796,Malefic Mask of the Shadows,Head,Leather,Epic,1,https://www.wowhead.com/tbc/item=28796
T4,Gruul's Lair,18831,High King Maulgar,28801,Maulgar's Warhelm,Head,Mail,Epic,1,https://www.wowhead.com/tbc/item=28801
T4,Karazhan,16152,Attumen the Huntsman,28453,Bracers of the White Stag,Wrist,Leather,Epic,1,https://www.wowhead.com/tbc/item=28453
T4,Karazhan,16152,Attumen the Huntsman,28505,Gauntlets of Renewed Hope,Hands,Plate,Epic,1,https://www.wowhead.com/tbc/item=28505
T4,Karazhan,16152,Attumen the Huntsman,28506,Gloves of Dexterous Manipulation,Hands,Leather,Epic,1,https://www.wowhead.com/tbc/item=28506
T4,Karazhan,16152,Attumen the Huntsman,28508,Gloves of Saintly Blessings,Hands,Cloth,Epic,1,https://www.wowhead.com/tbc/item=28508
T4,Karazhan,16152,Attumen the Huntsman,28507,Handwraps of Flowing Thought,Hands,Cloth,Epic,1,https://www.wowhead.com/tbc/item=28507
T4,Karazhan,16152,Attumen the Huntsman,28477,Harbinger Bands,Wrist,Cloth,Epic,1,https://www.wowhead.com/tbc/item=28477
T4,Karazhan,16152,Attumen the Huntsman,28510,Spectral Band of Innervation,Finger,,Epic,1,https://www.wowhead.com/tbc/item=28510
T4,Karazhan,16152,Attumen the Huntsman,28454,Stalker's War Bands,Wrist,Mail,Epic,1,https://www.wowhead.com/tbc/item=28454
T4,Karazhan,16152,Attumen the Huntsman,28504,Steelhawk Crossbow,Ranged,,Epic,1,https://www.wowhead.com/tbc/item=28504
T4,Karazhan,16152,Attumen the Huntsman,28502,Vambraces of Courage,Wrist,Plate,Epic,1,https://www.wowhead.com/tbc/item=28502
T4,Karazhan,16152,Attumen the Huntsman,28503,Whirlwind Bracers,Wrist,Mail,Epic,1,https://www.wowhead.com/tbc/item=28503
T4,Karazhan,16152,Attumen the Huntsman,28509,Worgen Claw Necklace,Neck,,Epic,1,https://www.wowhead.com/tbc/item=28509
T4,Karazhan,16179,Hyakiss the Lurker,30677,Lurker's Belt,Waist,Mail,Epic,1,https://www.wowhead.com/tbc/item=30677
T4,Karazhan,16179,Hyakiss the Lurker,30675,Lurker's Cord,Waist,Cloth,Epic,1,https://www.wowhead.com/tbc/item=30675
T4,Karazhan,16179,Hyakiss the Lurker,30678,Lurker's Girdle,Waist,Plate,Epic,1,https://www.wowhead.com/tbc/item=30678
T4,Karazhan,16179,Hyakiss the Lurker,30676,Lurker's Grasp,Waist,Leather,Epic,1,https://www.wowhead.com/tbc/item=30676
T4,Karazhan,16457,Maiden of Virtue,28511,Bands of Indwelling,Wrist,Cloth,Epic,1,https://www.wowhead.com/tbc/item=28511
T4,Karazhan,16457,Maiden of Virtue,28515,Bands of Nefarious Deeds,Wrist,Cloth,Epic,1,https://www.wowhead.com/tbc/item=28515
T4,Karazhan,16457,Maiden of Virtue,28516,Barbed Choker of Discipline,Neck,,Epic,1,https://www.wowhead.com/tbc/item=28516
T4,Karazhan,16457,Maiden of Virtue,28517,Boots of Foretelling,Feet,Cloth,Epic,1,https://www.wowhead.com/tbc/item=28517
T4,Karazhan,16457,Maiden of Virtue,28512,Bracers of Justice,Wrist,Plate,Epic,1,https://www.wowhead.com/tbc/item=28512
T4,Karazhan,16457,Maiden of Virtue,28514,Bracers of Maliciousness,Wrist,Leather,Epic,1,https://www.wowhead.com/tbc/item=28514
T4,Karazhan,16457,Maiden of Virtue,28520,Gloves of Centering,Hands,Mail,Epic,1,https://www.wowhead.com/tbc/item=28520
T4,Karazhan,16457,Maiden of Virtue,28519,Gloves of Quickening,Hands,Mail,Epic,1,https://www.wowhead.com/tbc/item=28519
T4,Karazhan,16457,Maiden of Virtue,28518,Iron Gauntlets of the Maiden,Hands,Plate,Epic,1,https://www.wowhead.com/tbc/item=28518
T4,Karazhan,16457,Maiden of Virtue,28521,Mitts of the Treemender,Hands,Leather,Epic,1,https://www.wowhead.com/tbc/item=28521
T4,Karazhan,16457,Maiden of Virtue,28522,Shard of the Virtuous,Weapon,,Epic,1,https://www.wowhead.com/tbc/item=28522
T4,Karazhan,16457,Maiden of Virtue,28523,Totem of Healing Rains,Ranged,,Epic,1,https://www.wowhead.com/tbc/item=28523
T4,Karazhan,15687,Moroes,28567,Belt of Gale Force,Waist,Mail,Epic,1,https://www.wowhead.com/tbc/item=28567
T4,Karazhan,15687,Moroes,28569,Boots of Valiance,Feet,Plate,Epic,1,https://www.wowhead.com/tbc/item=28569
T4,Karazhan,15687,Moroes,28530,Brooch of Unquenchable Fury,Neck,,Epic,1,https://www.wowhead.com/tbc/item=28530
T4,Karazhan,15687,Moroes,28566,Crimson Girdle of the Indomitable,Waist,Plate,Epic,1,https://www.wowhead.com/tbc/item=28566
T4,Karazhan,15687,Moroes,28545,Edgewalker Longboots,Feet,Leather,Epic,1,https://www.wowhead.com/tbc/item=28545
T4,Karazhan,15687,Moroes,28524,Emerald Ripper,Weapon,,Epic,1,https://www.wowhead.com/tbc/item=28524
T4,Karazhan,15687,Moroes,28568,Idol of the Avian Heart,Ranged,,Epic,1,https://www.wowhead.com/tbc/item=28568
T4,Karazhan,15687,Moroes,28528,Moroes' Lucky Pocket Watch,Trinket,,Epic,1,https://www.wowhead.com/tbc/item=28528
T4,Karazhan,15687,Moroes,28565,Nethershard Girdle,Waist,Cloth,Epic,1,https://www.wowhead.com/tbc/item=28565
T4,Karazhan,15687,Moroes,28529,Royal Cloak of Arathi Kings,Back,Cloth,Epic,1,https://www.wowhead.com/tbc/item=28529
T4,Karazhan,15687,Moroes,28570,Shadow-Cloak of Dalaran,Back,Cloth,Epic,1,https://www.wowhead.com/tbc/item=28570
T4,Karazhan,15687,Moroes,28525,Signet of Unshakable Faith,Weapon,,Epic,1,https://www.wowhead.com/tbc/item=28525
T4,Karazhan,15689,Netherspite,28732,Cowl of Defiance,Head,Leather,Epic,1,https://www.wowhead.com/tbc/item=28732
T4,Karazhan,15689,Netherspite,28735,Earthblood Chestguard,Chest,Mail,Epic,1,https://www.wowhead.com/tbc/item=28735
T4,Karazhan,15689,Netherspite,28733,Girdle of Truth,Waist,Plate,Epic,1,https://www.wowhead.com/tbc/item=28733
T4,Karazhan,15689,Netherspite,28734,Jewel of Infinite Possibilities,Weapon,,Epic,1,https://www.wowhead.com/tbc/item=28734
T4,Karazhan,15689,Netherspite,28743,Mantle of Abrahmis,Shoulder,Plate,Epic,1,https://www.wowhead.com/tbc/item=28743
T4,Karazhan,15689,Netherspite,28730,Mithril Band of the Unscarred,Finger,,Epic,1,https://www.wowhead.com/tbc/item=28730
T4,Karazhan,15689,Netherspite,28742,Pantaloons of Repentance,Legs,Cloth,Epic,1,https://www.wowhead.com/tbc/item=28742
T4,Karazhan,15689,Netherspite,28740,Rip-Flayer Leggings,Legs,Mail,Epic,1,https://www.wowhead.com/tbc/item=28740
T4,Karazhan,15689,Netherspite,28731,Shining Chain of the Afterworld,Neck,,Epic,1,https://www.wowhead.com/tbc/item=28731
T4,Karazhan,15689,Netherspite,28741,Skulker's Greaves,Legs,Leather,Epic,1,https://www.wowhead.com/tbc/item=28741
T4,Karazhan,15689,Netherspite,28729,Spiteblade,Weapon,,Epic,1,https://www.wowhead.com/tbc/item=28729
T4,Karazhan,15689,Netherspite,28744,Uni-Mind Headdress,Head,Cloth,Epic,1,https://www.wowhead.com/tbc/item=28744
T4,Karazhan,17225,Nightbane,28601,Chestguard of the Conniver,Chest,Leather,Epic,1,https://www.wowhead.com/tbc/item=28601
T4,Karazhan,17225,Nightbane,28611,Dragonheart Flameshield,Weapon,,Epic,1,https://www.wowhead.com/tbc/item=28611
T4,Karazhan,17225,Nightbane,28609,Emberspur Talisman,Neck,,Epic,1,https://www.wowhead.com/tbc/item=28609
T4,Karazhan,17225,Nightbane,28610,Ferocious Swift-Kickers,Feet,Mail,Epic,1,https://www.wowhead.com/tbc/item=28610
T4,Karazhan,17225,Nightbane,28608,Ironstriders of Urgency,Feet,Plate,Epic,1,https://www.wowhead.com/tbc/item=28608
T4,Karazhan,17225,Nightbane,28604,Nightstaff of the Everliving,Weapon,,Epic,1,https://www.wowhead.com/tbc/item=28604
T4,Karazhan,17225,Nightbane,28597,Panzar'Thar Breastplate,Chest,Plate,Epic,1,https://www.wowhead.com/tbc/item=28597
T4,Karazhan,17225,Nightbane,28602,Robe of the Elder Scribes,Chest,Cloth,Epic,1,https://www.wowhead.com/tbc/item=28602
T4,Karazhan,17225,Nightbane,28599,Scaled Breastplate of Carnage,Chest,Mail,Epic,1,https://www.wowhead.com/tbc/item=28599
T4,Karazhan,17225,Nightbane,28606,Shield of Impenetrable Darkness,Weapon,,Epic,1,https://www.wowhead.com/tbc/item=28606
T4,Karazhan,17225,Nightbane,28600,Stonebough Jerkin,Chest,Leather,Epic,1,https://www.wowhead.com/tbc/item=28600
T4,Karazhan,17225,Nightbane,28603,Talisman of Nightbane,Weapon,,Epic,1,https://www.wowhead.com/tbc/item=28603
T4,Karazhan,15690,Prince Malchezaar,28762,Adornment of Stolen Souls,Neck,,Epic,1,https://www.wowhead.com/tbc/item=28762
T4,Karazhan,15690,Prince Malchezaar,28764,Farstrider Wildercloak,Back,Cloth,Epic,1,https://www.wowhead.com/tbc/item=28764
T4,Karazhan,15690,Prince Malchezaar,28773,Gorehowl,Weapon,,Epic,1,https://www.wowhead.com/tbc/item=28773
T4,Karazhan,15690,Prince Malchezaar,28763,Jade Ring of the Everliving,Finger,,Epic,1,https://www.wowhead.com/tbc/item=28763
T4,Karazhan,15690,Prince Malchezaar,28771,Light's Justice,Weapon,,Epic,1,https://www.wowhead.com/tbc/item=28771
T4,Karazhan,15690,Prince Malchezaar,28768,Malchazeen,Weapon,,Epic,1,https://www.wowhead.com/tbc/item=28768
T4,Karazhan,15690,Prince Malchezaar,28770,Nathrezim Mindblade,Weapon,,Epic,1,https://www.wowhead.com/tbc/item=28770
T4,Karazhan,15690,Prince Malchezaar,28757,Ring of a Thousand Marks,Finger,,Epic,1,https://www.wowhead.com/tbc/item=28757
T4,Karazhan,15690,Prince Malchezaar,28766,Ruby Drape of the Mysticant,Back,Cloth,Epic,1,https://www.wowhead.com/tbc/item=28766
T4,Karazhan,15690,Prince Malchezaar,28765,Stainless Cloak of the Pure Hearted,Back,Cloth,Epic,1,https://www.wowhead.com/tbc/item=28765
T4,Karazhan,15690,Prince Malchezaar,28772,Sunfury Bow of the Phoenix,Ranged,,Epic,1,https://www.wowhead.com/tbc/item=28772
T4,Karazhan,15690,Prince Malchezaar,28767,The Decapitator,Weapon,,Epic,1,https://www.wowhead.com/tbc/item=28767
T4,Karazhan,16181,Rokad the Ravager,30686,Ravager's Bands,Wrist,Mail,Epic,1,https://www.wowhead.com/tbc/item=30686
T4,Karazhan,16181,Rokad the Ravager,30687,Ravager's Bracers,Wrist,Plate,Epic,1,https://www.wowhead.com/tbc/item=30687
T4,Karazhan,16181,Rokad the Ravager,30684,Ravager's Cuffs,Wrist,Cloth,Epic,1,https://www.wowhead.com/tbc/item=30684
T4,Karazhan,16181,Rokad the Ravager,30685,Ravager's Wrist-Wraps,Wrist,Leather,Epic,1,https://www.wowhead.com/tbc/item=30685
T4,Karazhan,17533,Romulo,28589,Beastmaw Pauldrons,Shoulder,Mail,Epic,1,https://www.wowhead.com/tbc/item=28589
T4,Karazhan,17533,Romulo,28572,Blade of the Unrequited,Weapon,,Epic,1,https://www.wowhead.com/tbc/item=28572
T4,Karazhan,17533,Romulo,28573,Despair,Weapon,,Epic,1,https://www.wowhead.com/tbc/item=28573
T4,Karazhan,17533,Romulo,28591,Earthsoul Leggings,Legs,Leather,Epic,1,https://www.wowhead.com/tbc/item=28591
T4,Karazhan,17533,Romulo,28593,Eternium Greathelm,Head,Plate,Epic,1,https://www.wowhead.com/tbc/item=28593
T4,Karazhan,17533,Romulo,28592,Libram of Souls Redeemed,Ranged,,Epic,1,https://www.wowhead.com/tbc/item=28592
T4,Karazhan,17533,Romulo,28578,Masquerade Gown,Chest,Cloth,Epic,1,https://www.wowhead.com/tbc/item=28578
T4,Karazhan,17533,Romulo,28590,Ribbon of Sacrifice,Trinket,,Epic,1,https://www.wowhead.com/tbc/item=28590
T4,Karazhan,17533,Romulo,28579,Romulo's Poison Vial,Trinket,,Epic,1,https://www.wowhead.com/tbc/item=28579
T4,Karazhan,17533,Romulo,28594,Trial-Fire Trousers,Legs,Cloth,Epic,1,https://www.wowhead.com/tbc/item=28594
T4,Karazhan,16524,Shade of Aran,28728,Aran's Soothing Sapphire,Weapon,,Epic,1,https://www.wowhead.com/tbc/item=28728
T4,Karazhan,16524,Shade of Aran,28663,Boots of the Incorrupt,Feet,Cloth,Epic,1,https://www.wowhead.com/tbc/item=28663
T4,Karazhan,16524,Shade of Aran,28670,Boots of the Infernal Coven,Feet,Cloth,Epic,1,https://www.wowhead.com/tbc/item=28670
T4,Karazhan,16524,Shade of Aran,28672,Drape of the Dark Reavers,Back,Cloth,Epic,1,https://www.wowhead.com/tbc/item=28672
T4,Karazhan,16524,Shade of Aran,28726,Mantle of the Mind Flayer,Shoulder,Cloth,Epic,1,https://www.wowhead.com/tbc/item=28726
T4,Karazhan,16524,Shade of Aran,28666,Pauldrons of the Justice-Seeker,Shoulder,Plate,Epic,1,https://www.wowhead.com/tbc/item=28666
T4,Karazhan,16524,Shade of Aran,28727,Pendant of the Violet Eye,Trinket,,Epic,1,https://www.wowhead.com/tbc/item=28727
T4,Karazhan,16524,Shade of Aran,28669,Rapscallion Boots,Feet,Leather,Epic,1,https://www.wowhead.com/tbc/item=28669
T4,Karazhan,16524,Shade of Aran,28674,Saberclaw Talisman,Neck,,Epic,1,https://www.wowhead.com/tbc/item=28674
T4,Karazhan,16524,Shade of Aran,28675,Shermanar Great-Ring,Finger,,Epic,1,https://www.wowhead.com/tbc/item=28675
T4,Karazhan,16524,Shade of Aran,28671,Steelspine Faceguard,Head,Mail,Epic,1,https://www.wowhead.com/tbc/item=28671
T4,Karazhan,16524,Shade of Aran,28673,Tirisfal Wand of Ascendancy,Ranged,,Epic,1,https://www.wowhead.com/tbc/item=28673
T4,Karazhan,16180,Shadikith the Glider,30681,Glider's Boots,Feet,Leather,Epic,1,https://www.wowhead.com/tbc/item=30681
T4,Karazhan,16180,Shadikith the Glider,30680,Glider's Foot-Wraps,Feet,Cloth,Epic,1,https://www.wowhead.com/tbc/item=30680
T4,Karazhan,16180,Shadikith the Glider,30683,Glider's Greaves,Feet,Plate,Epic,1,https://www.wowhead.com/tbc/item=30683
T4,Karazhan,16180,Shadikith the Glider,30682,Glider's Sabatons,Feet,Mail,Epic,1,https://www.wowhead.com/tbc/item=30682
T4,Karazhan,15688,Terestian Illhoof,28662,Breastplate of the Lightbinder,Chest,Plate,Epic,1,https://www.wowhead.com/tbc/item=28662
T4,Karazhan,15688,Terestian Illhoof,28652,Cincture of Will,Waist,Cloth,Epic,1,https://www.wowhead.com/tbc/item=28652
T4,Karazhan,15688,Terestian Illhoof,28655,Cord of Nature's Sustenance,Waist,Leather,Epic,1,https://www.wowhead.com/tbc/item=28655
T4,Karazhan,15688,Terestian Illhoof,28657,Fool's Bane,Weapon,,Epic,1,https://www.wowhead.com/tbc/item=28657
T4,Karazhan,15688,Terestian Illhoof,28660,Gilded Thorium Cloak,Back,Cloth,Epic,1,https://www.wowhead.com/tbc/item=28660
T4,Karazhan,15688,Terestian Illhoof,28656,Girdle of the Prowler,Waist,Mail,Epic,1,https://www.wowhead.com/tbc/item=28656
T4,Karazhan,15688,Terestian Illhoof,28654,Malefic Girdle,Waist,Cloth,Epic,1,https://www.wowhead.com/tbc/item=28654
T4,Karazhan,15688,Terestian Illhoof,28661,Mender's Heart-Ring,Finger,,Epic,1,https://www.wowhead.com/tbc/item=28661
T4,Karazhan,15688,Terestian Illhoof,28653,Shadowvine Cloak of Infusion,Back,Cloth,Epic,1,https://www.wowhead.com/tbc/item=28653
T4,Karazhan,15688,Terestian Illhoof,28658,Terestian's Stranglestaff,Weapon,,Epic,1,https://www.wowhead.com/tbc/item=28658
T4,Karazhan,15688,Terestian Illhoof,28785,The Lightning Capacitor,Trinket,,Epic,1,https://www.wowhead.com/tbc/item=28785
T4,Karazhan,15688,Terestian Illhoof,28659,Xavian Stiletto,Ranged,,Epic,1,https://www.wowhead.com/tbc/item=28659
T4,Karazhan,17521,The Big Bad Wolf,28589,Beastmaw Pauldrons,Shoulder,Mail,Epic,1,https://www.wowhead.com/tbc/item=28589
T4,Karazhan,17521,The Big Bad Wolf,28583,Big Bad Wolf's Head,Head,Mail,Epic,1,https://www.wowhead.com/tbc/item=28583
T4,Karazhan,17521,The Big Bad Wolf,28584,Big Bad Wolf's Paw,Weapon,,Epic,1,https://www.wowhead.com/tbc/item=28584
T4,Karazhan,17521,The Big Bad Wolf,28591,Earthsoul Leggings,Legs,Leather,Epic,1,https://www.wowhead.com/tbc/item=28591
T4,Karazhan,17521,The Big Bad Wolf,28593,Eternium Greathelm,Head,Plate,Epic,1,https://www.wowhead.com/tbc/item=28593
T4,Karazhan,17521,The Big Bad Wolf,28592,Libram of Souls Redeemed,Ranged,,Epic,1,https://www.wowhead.com/tbc/item=28592
T4,Karazhan,17521,The Big Bad Wolf,28582,Red Riding Hood's Cloak,Back,Cloth,Epic,1,https://www.wowhead.com/tbc/item=28582
T4,Karazhan,17521,The Big Bad Wolf,28590,Ribbon of Sacrifice,Trinket,,Epic,1,https://www.wowhead.com/tbc/item=28590
T4,Karazhan,17521,The Big Bad Wolf,28594,Trial-Fire Trousers,Legs,Cloth,Epic,1,https://www.wowhead.com/tbc/item=28594
T4,Karazhan,17521,The Big Bad Wolf,28581,Wolfslayer Sniper Rifle,Ranged,,Epic,1,https://www.wowhead.com/tbc/item=28581
T4,Karazhan,18168,The Crone,28589,Beastmaw Pauldrons,Shoulder,Mail,Epic,1,https://www.wowhead.com/tbc/item=28589
T4,Karazhan,18168,The Crone,28588,Blue Diamond Witchwand,Ranged,,Epic,1,https://www.wowhead.com/tbc/item=28588
T4,Karazhan,18168,The Crone,28591,Earthsoul Leggings,Legs,Leather,Epic,1,https://www.wowhead.com/tbc/item=28591
T4,Karazhan,18168,The Crone,28593,Eternium Greathelm,Head,Plate,Epic,1,https://www.wowhead.com/tbc/item=28593
T4,Karazhan,18168,The Crone,28587,Legacy,Weapon,,Epic,1,https://www.wowhead.com/tbc/item=28587
T4,Karazhan,18168,The Crone,28592,Libram of Souls Redeemed,Ranged,,Epic,1,https://www.wowhead.com/tbc/item=28592
T4,Karazhan,18168,The Crone,28590,Ribbon of Sacrifice,Trinket,,Epic,1,https://www.wowhead.com/tbc/item=28590
T4,Karazhan,18168,The Crone,28585,Ruby Slippers,Feet,Cloth,Epic,1,https://www.wowhead.com/tbc/item=28585
T4,Karazhan,18168,The Crone,28594,Trial-Fire Trousers,Legs,Cloth,Epic,1,https://www.wowhead.com/tbc/item=28594
T4,Karazhan,18168,The Crone,28586,Wicked Witch's Hat,Head,Cloth,Epic,1,https://www.wowhead.com/tbc/item=28586
T4,Karazhan,15691,The Curator,28631,Dragon-Quake Shoulderguards,Shoulder,Mail,Epic,1,https://www.wowhead.com/tbc/item=28631
T4,Karazhan,15691,The Curator,28647,Forest Wind Shoulderpads,Shoulder,Leather,Epic,1,https://www.wowhead.com/tbc/item=28647
T4,Karazhan,15691,The Curator,28649,Garona's Signet Ring,Finger,,Epic,1,https://www.wowhead.com/tbc/item=28649
T4,Karazhan,15691,The Curator,28612,Pauldrons of the Solace-Giver,Shoulder,Cloth,Epic,1,https://www.wowhead.com/tbc/item=28612
T4,Karazhan,15691,The Curator,28633,Staff of Infinite Mysteries,Weapon,,Epic,1,https://www.wowhead.com/tbc/item=28633
T4,Karazhan,15691,The Curator,28621,Wrynn Dynasty Greaves,Legs,Plate,Epic,1,https://www.wowhead.com/tbc/item=28621
T4,Karazhan,,Trash / zone drop,28747,Battlescar Boots,Feet,Plate,Epic,1,https://www.wowhead.com/tbc/item=28747
T4,Karazhan,,Trash / zone drop,30643,Belt of the Tracker,Waist,Mail,Epic,1,https://www.wowhead.com/tbc/item=30643
T4,Karazhan,,Trash / zone drop,28755,Bladed Shoulderpads of the Merciless,Shoulder,Leather,Epic,1,https://www.wowhead.com/tbc/item=28755
T4,Karazhan,,Trash / zone drop,30641,Boots of Elusion,Feet,Plate,Epic,1,https://www.wowhead.com/tbc/item=30641
T4,Karazhan,,Trash / zone drop,30642,Drape of the Righteous,Back,Cloth,Epic,1,https://www.wowhead.com/tbc/item=30642
T4,Karazhan,,Trash / zone drop,28746,Fiend Slayer Boots,Feet,Mail,Epic,1,https://www.wowhead.com/tbc/item=28746
T4,Karazhan,,Trash / zone drop,28752,Forestlord Striders,Feet,Leather,Epic,1,https://www.wowhead.com/tbc/item=28752
T4,Karazhan,,Trash / zone drop,28750,Girdle of Treachery,Waist,Leather,Epic,1,https://www.wowhead.com/tbc/item=28750
T4,Karazhan,,Trash / zone drop,30668,Grasp of the Dead,Hands,Cloth,Epic,1,https://www.wowhead.com/tbc/item=30668
T4,Karazhan,,Trash / zone drop,30644,Grips of Deftness,Hands,Leather,Epic,1,https://www.wowhead.com/tbc/item=30644
T4,Karazhan,,Trash / zone drop,28756,Headdress of the High Potentate,Head,Cloth,Epic,1,https://www.wowhead.com/tbc/item=28756
T4,Karazhan,,Trash / zone drop,28751,Heart-Flame Leggings,Legs,Mail,Epic,1,https://www.wowhead.com/tbc/item=28751
T4,Karazhan,,Trash / zone drop,30673,Inferno Waist Cord,Waist,Cloth,Epic,1,https://www.wowhead.com/tbc/item=30673
T4,Karazhan,,Trash / zone drop,28749,King's Defender,Weapon,,Epic,1,https://www.wowhead.com/tbc/item=28749
T4,Karazhan,,Trash / zone drop,28748,Legplates of the Innocent,Legs,Plate,Epic,1,https://www.wowhead.com/tbc/item=28748
T4,Karazhan,,Trash / zone drop,28745,Mithril Chain of Heroism,Neck,,Epic,1,https://www.wowhead.com/tbc/item=28745
T4,Karazhan,,Trash / zone drop,28753,Ring of Recurrence,Finger,,Epic,1,https://www.wowhead.com/tbc/item=28753
T4,Karazhan,,Trash / zone drop,30667,Ring of Unrelenting Storms,Finger,,Epic,1,https://www.wowhead.com/tbc/item=30667
T4,Karazhan,,Trash / zone drop,30666,Ritssyn's Lost Pendant,Neck,,Epic,1,https://www.wowhead.com/tbc/item=30666
T4,Karazhan,,Trash / zone drop,28754,Triptych Shield of the Ancients,Weapon,,Epic,1,https://www.wowhead.com/tbc/item=28754
T4,Karazhan,,Trash / zone drop,30674,Zierhut's Lost Treads,Feet,Leather,Epic,1,https://www.wowhead.com/tbc/item=30674
T4,Magtheridon's Lair,17257,Magtheridon,29458,Aegis of the Vindicator,Weapon,,Epic,1,https://www.wowhead.com/tbc/item=29458
T4,Magtheridon's Lair,17257,Magtheridon,28777,Cloak of the Pit Stalker,Back,Cloth,Epic,1,https://www.wowhead.com/tbc/item=28777
T4,Magtheridon's Lair,17257,Magtheridon,28782,Crystalheart Pulse-Staff,Weapon,,Epic,1,https://www.wowhead.com/tbc/item=28782
T4,Magtheridon's Lair,17257,Magtheridon,28783,Eredar Wand of Obliteration,Ranged,,Epic,1,https://www.wowhead.com/tbc/item=28783
T4,Magtheridon's Lair,17257,Magtheridon,28789,Eye of Magtheridon,Trinket,,Epic,1,https://www.wowhead.com/tbc/item=28789
T4,Magtheridon's Lair,17257,Magtheridon,28779,Girdle of the Endless Pit,Waist,Plate,Epic,1,https://www.wowhead.com/tbc/item=28779
T4,Magtheridon's Lair,17257,Magtheridon,28774,Glaive of the Pit,Weapon,,Epic,1,https://www.wowhead.com/tbc/item=28774
T4,Magtheridon's Lair,17257,Magtheridon,28781,Karaborian Talisman,Weapon,,Epic,1,https://www.wowhead.com/tbc/item=28781
T4,Magtheridon's Lair,17257,Magtheridon,28776,Liar's Tongue Gloves,Hands,Leather,Epic,1,https://www.wowhead.com/tbc/item=28776
T4,Magtheridon's Lair,17257,Magtheridon,28780,Soul-Eater's Handwraps,Hands,Cloth,Epic,1,https://www.wowhead.com/tbc/item=28780
T4,Magtheridon's Lair,17257,Magtheridon,28778,Terror Pit Girdle,Waist,Mail,Epic,1,https://www.wowhead.com/tbc/item=28778
T4,Magtheridon's Lair,17257,Magtheridon,28775,Thundering Greathelm,Head,Plate,Epic,1,https://www.wowhead.com/tbc/item=28775
T5,Serpentshrine Cavern,21214,Fathom-Lord Karathress,30101,Bloodsea Brigand's Vest,Chest,Leather,Epic,2,https://www.wowhead.com/tbc/item=30101
T5,Serpentshrine Cavern,21214,Fathom-Lord Karathress,30663,Fathom-Brooch of the Tidewalker,Trinket,,Epic,2,https://www.wowhead.com/tbc/item=30663
T5,Serpentshrine Cavern,21214,Fathom-Lord Karathress,30099,Frayed Tether of the Drowned,Neck,,Epic,2,https://www.wowhead.com/tbc/item=30099
T5,Serpentshrine Cavern,21214,Fathom-Lord Karathress,30626,Sextant of Unstable Currents,Trinket,,Epic,2,https://www.wowhead.com/tbc/item=30626
T5,Serpentshrine Cavern,21214,Fathom-Lord Karathress,30100,Soul-Strider Boots,Feet,Cloth,Epic,2,https://www.wowhead.com/tbc/item=30100
T5,Serpentshrine Cavern,21214,Fathom-Lord Karathress,30090,World Breaker,Weapon,,Epic,2,https://www.wowhead.com/tbc/item=30090
T5,Serpentshrine Cavern,21216,Hydross the Unstable,33055,Band of Vile Aggression,Finger,,Epic,2,https://www.wowhead.com/tbc/item=33055
T5,Serpentshrine Cavern,21216,Hydross the Unstable,30047,Blackfathom Warbands,Wrist,Mail,Epic,2,https://www.wowhead.com/tbc/item=30047
T5,Serpentshrine Cavern,21216,Hydross the Unstable,30050,Boots of the Shifting Nightmare,Feet,Cloth,Epic,2,https://www.wowhead.com/tbc/item=30050
T5,Serpentshrine Cavern,21216,Hydross the Unstable,30048,Brighthelm of Justice,Head,Plate,Epic,2,https://www.wowhead.com/tbc/item=30048
T5,Serpentshrine Cavern,21216,Hydross the Unstable,30049,Fathomstone,Weapon,,Epic,2,https://www.wowhead.com/tbc/item=30049
T5,Serpentshrine Cavern,21216,Hydross the Unstable,30051,Idol of the Crescent Goddess,Ranged,,Epic,2,https://www.wowhead.com/tbc/item=30051
T5,Serpentshrine Cavern,21216,Hydross the Unstable,30664,Living Root of the Wildheart,Trinket,,Epic,2,https://www.wowhead.com/tbc/item=30664
T5,Serpentshrine Cavern,21216,Hydross the Unstable,30053,Pauldrons of the Wardancer,Shoulder,Plate,Epic,2,https://www.wowhead.com/tbc/item=30053
T5,Serpentshrine Cavern,21216,Hydross the Unstable,30054,Ranger-General's Chestguard,Chest,Mail,Epic,2,https://www.wowhead.com/tbc/item=30054
T5,Serpentshrine Cavern,21216,Hydross the Unstable,30052,Ring of Lethality,Finger,,Epic,2,https://www.wowhead.com/tbc/item=30052
T5,Serpentshrine Cavern,21216,Hydross the Unstable,30056,Robe of Hateful Echoes,Chest,Cloth,Epic,2,https://www.wowhead.com/tbc/item=30056
T5,Serpentshrine Cavern,21216,Hydross the Unstable,30629,Scarab of Displacement,Trinket,,Epic,2,https://www.wowhead.com/tbc/item=30629
T5,Serpentshrine Cavern,21216,Hydross the Unstable,30055,Shoulderpads of the Stranger,Shoulder,Leather,Epic,2,https://www.wowhead.com/tbc/item=30055
T5,Serpentshrine Cavern,21216,Hydross the Unstable,32516,Wraps of Purification,Wrist,Cloth,Epic,2,https://www.wowhead.com/tbc/item=32516
T5,Serpentshrine Cavern,21212,Lady Vashj,30106,Belt of One-Hundred Deaths,Waist,Leather,Epic,2,https://www.wowhead.com/tbc/item=30106
T5,Serpentshrine Cavern,21212,Lady Vashj,30104,Cobra-Lash Boots,Feet,Mail,Epic,2,https://www.wowhead.com/tbc/item=30104
T5,Serpentshrine Cavern,21212,Lady Vashj,30110,Coral Band of the Revived,Finger,,Epic,2,https://www.wowhead.com/tbc/item=30110
T5,Serpentshrine Cavern,21212,Lady Vashj,30103,Fang of Vashj,Weapon,,Epic,2,https://www.wowhead.com/tbc/item=30103
T5,Serpentshrine Cavern,21212,Lady Vashj,30112,Glorious Gauntlets of Crestfall,Hands,Plate,Epic,2,https://www.wowhead.com/tbc/item=30112
T5,Serpentshrine Cavern,21212,Lady Vashj,30102,Krakken-Heart Breastplate,Chest,Plate,Epic,2,https://www.wowhead.com/tbc/item=30102
T5,Serpentshrine Cavern,21212,Lady Vashj,30108,Lightfathom Scepter,Weapon,,Epic,2,https://www.wowhead.com/tbc/item=30108
T5,Serpentshrine Cavern,21212,Lady Vashj,30621,Prism of Inner Calm,Trinket,,Epic,2,https://www.wowhead.com/tbc/item=30621
T5,Serpentshrine Cavern,21212,Lady Vashj,30109,Ring of Endless Coils,Finger,,Epic,2,https://www.wowhead.com/tbc/item=30109
T5,Serpentshrine Cavern,21212,Lady Vashj,30111,Runetotem's Mantle,Shoulder,Leather,Epic,2,https://www.wowhead.com/tbc/item=30111
T5,Serpentshrine Cavern,21212,Lady Vashj,30105,Serpent Spine Longbow,Ranged,,Epic,2,https://www.wowhead.com/tbc/item=30105
T5,Serpentshrine Cavern,21212,Lady Vashj,30107,Vestments of the Sea-Witch,Chest,Cloth,Epic,2,https://www.wowhead.com/tbc/item=30107
T5,Serpentshrine Cavern,21215,Leotheras the Blind,30097,Coral-Barbed Shoulderpads,Shoulder,Mail,Epic,2,https://www.wowhead.com/tbc/item=30097
T5,Serpentshrine Cavern,21215,Leotheras the Blind,30095,Fang of the Leviathan,Weapon,,Epic,2,https://www.wowhead.com/tbc/item=30095
T5,Serpentshrine Cavern,21215,Leotheras the Blind,30096,Girdle of the Invulnerable,Waist,Plate,Epic,2,https://www.wowhead.com/tbc/item=30096
T5,Serpentshrine Cavern,21215,Leotheras the Blind,30092,Orca-Hide Boots,Feet,Leather,Epic,2,https://www.wowhead.com/tbc/item=30092
T5,Serpentshrine Cavern,21215,Leotheras the Blind,30091,True-Aim Stalker Bands,Wrist,Mail,Epic,2,https://www.wowhead.com/tbc/item=30091
T5,Serpentshrine Cavern,21215,Leotheras the Blind,30627,Tsunami Talisman,Trinket,,Epic,2,https://www.wowhead.com/tbc/item=30627
T5,Serpentshrine Cavern,21213,Morogrim Tidewalker,33058,Band of the Vigilant,Finger,,Epic,2,https://www.wowhead.com/tbc/item=33058
T5,Serpentshrine Cavern,21213,Morogrim Tidewalker,30068,Girdle of the Tidal Call,Waist,Mail,Epic,2,https://www.wowhead.com/tbc/item=30068
T5,Serpentshrine Cavern,21213,Morogrim Tidewalker,30075,Gnarled Chestpiece of the Ancients,Chest,Leather,Epic,2,https://www.wowhead.com/tbc/item=30075
T5,Serpentshrine Cavern,21213,Morogrim Tidewalker,30079,Illidari Shoulderpads,Shoulder,Cloth,Epic,2,https://www.wowhead.com/tbc/item=30079
T5,Serpentshrine Cavern,21213,Morogrim Tidewalker,30080,Luminescent Rod of the Naaru,Ranged,,Epic,2,https://www.wowhead.com/tbc/item=30080
T5,Serpentshrine Cavern,21213,Morogrim Tidewalker,30085,Mantle of the Tireless Tracker,Shoulder,Mail,Epic,2,https://www.wowhead.com/tbc/item=30085
T5,Serpentshrine Cavern,21213,Morogrim Tidewalker,30084,Pauldrons of the Argent Sentinel,Shoulder,Plate,Epic,2,https://www.wowhead.com/tbc/item=30084
T5,Serpentshrine Cavern,21213,Morogrim Tidewalker,30008,Pendant of the Lost Ages,Neck,,Epic,2,https://www.wowhead.com/tbc/item=30008
T5,Serpentshrine Cavern,21213,Morogrim Tidewalker,30098,Razor-Scale Battlecloak,Back,Cloth,Epic,2,https://www.wowhead.com/tbc/item=30098
T5,Serpentshrine Cavern,21213,Morogrim Tidewalker,30083,Ring of Sundered Souls,Finger,,Epic,2,https://www.wowhead.com/tbc/item=30083
T5,Serpentshrine Cavern,21213,Morogrim Tidewalker,30720,Serpent-Coil Braid,Trinket,,Epic,2,https://www.wowhead.com/tbc/item=30720
T5,Serpentshrine Cavern,21213,Morogrim Tidewalker,30082,Talon of Azshara,Weapon,,Epic,2,https://www.wowhead.com/tbc/item=30082
T5,Serpentshrine Cavern,21213,Morogrim Tidewalker,30081,Warboots of Obliteration,Feet,Plate,Epic,2,https://www.wowhead.com/tbc/item=30081
T5,Serpentshrine Cavern,21217,The Lurker Below,30061,Ancestral Ring of Conquest,Finger,,Epic,2,https://www.wowhead.com/tbc/item=30061
T5,Serpentshrine Cavern,21217,The Lurker Below,30060,Boots of Effortless Striking,Feet,Leather,Epic,2,https://www.wowhead.com/tbc/item=30060
T5,Serpentshrine Cavern,21217,The Lurker Below,30057,Bracers of Eradication,Wrist,Plate,Epic,2,https://www.wowhead.com/tbc/item=30057
T5,Serpentshrine Cavern,21217,The Lurker Below,30059,Choker of Animalistic Fury,Neck,,Epic,2,https://www.wowhead.com/tbc/item=30059
T5,Serpentshrine Cavern,21217,The Lurker Below,30064,Cord of Screaming Terrors,Waist,Cloth,Epic,2,https://www.wowhead.com/tbc/item=30064
T5,Serpentshrine Cavern,21217,The Lurker Below,30665,Earring of Soulful Meditation,Trinket,,Epic,2,https://www.wowhead.com/tbc/item=30665
T5,Serpentshrine Cavern,21217,The Lurker Below,30065,Glowing Breastplate of Truth,Chest,Plate,Epic,2,https://www.wowhead.com/tbc/item=30065
T5,Serpentshrine Cavern,21217,The Lurker Below,30062,Grove-Bands of Remulos,Wrist,Leather,Epic,2,https://www.wowhead.com/tbc/item=30062
T5,Serpentshrine Cavern,21217,The Lurker Below,30063,Libram of Absolute Truth,Ranged,,Epic,2,https://www.wowhead.com/tbc/item=30063
T5,Serpentshrine Cavern,21217,The Lurker Below,30058,Mallet of the Tides,Weapon,,Epic,2,https://www.wowhead.com/tbc/item=30058
T5,Serpentshrine Cavern,21217,The Lurker Below,30066,Tempest-Strider Boots,Feet,Mail,Epic,2,https://www.wowhead.com/tbc/item=30066
T5,Serpentshrine Cavern,21217,The Lurker Below,33054,The Seal of Danzalar,Finger,,Epic,2,https://www.wowhead.com/tbc/item=33054
T5,Serpentshrine Cavern,21217,The Lurker Below,30067,Velvet Boots of the Guardian,Feet,Cloth,Epic,2,https://www.wowhead.com/tbc/item=30067
T5,Serpentshrine Cavern,,Trash / zone drop,30027,Boots of Courage Unending,Feet,Plate,Epic,2,https://www.wowhead.com/tbc/item=30027
T5,Serpentshrine Cavern,,Trash / zone drop,30022,Pendant of the Perilous,Neck,,Epic,2,https://www.wowhead.com/tbc/item=30022
T5,Serpentshrine Cavern,,Trash / zone drop,30025,Serpentshrine Shuriken,Ranged,,Epic,2,https://www.wowhead.com/tbc/item=30025
T5,Serpentshrine Cavern,,Trash / zone drop,30620,Spyglass of the Hidden Fleet,Trinket,,Epic,2,https://www.wowhead.com/tbc/item=30620
T5,Serpentshrine Cavern,,Trash / zone drop,30023,Totem of the Maelstrom,Ranged,,Epic,2,https://www.wowhead.com/tbc/item=30023
T5,Serpentshrine Cavern,,Trash / zone drop,30021,Wildfury Greatstaff,Weapon,,Epic,2,https://www.wowhead.com/tbc/item=30021
T5,Tempest Keep,19514,Al'ar,29949,Arcanite Steam-Pistol,Ranged,,Epic,2,https://www.wowhead.com/tbc/item=29949
T5,Tempest Keep,19514,Al'ar,29922,Band of Al'ar,Finger,,Epic,2,https://www.wowhead.com/tbc/item=29922
T5,Tempest Keep,19514,Al'ar,29948,Claw of the Phoenix,Weapon,,Epic,2,https://www.wowhead.com/tbc/item=29948
T5,Tempest Keep,19514,Al'ar,29921,Fire Crest Breastplate,Chest,Mail,Epic,2,https://www.wowhead.com/tbc/item=29921
T5,Tempest Keep,19514,Al'ar,29947,Gloves of the Searing Grip,Hands,Leather,Epic,2,https://www.wowhead.com/tbc/item=29947
T5,Tempest Keep,19514,Al'ar,29918,Mindstorm Wristbands,Wrist,Cloth,Epic,2,https://www.wowhead.com/tbc/item=29918
T5,Tempest Keep,19514,Al'ar,29924,Netherbane,Weapon,,Epic,2,https://www.wowhead.com/tbc/item=29924
T5,Tempest Keep,19514,Al'ar,29920,Phoenix-Ring of Rebirth,Finger,,Epic,2,https://www.wowhead.com/tbc/item=29920
T5,Tempest Keep,19514,Al'ar,29925,Phoenix-Wing Cloak,Back,Cloth,Epic,2,https://www.wowhead.com/tbc/item=29925
T5,Tempest Keep,19514,Al'ar,29923,Talisman of the Sun King,Weapon,,Epic,2,https://www.wowhead.com/tbc/item=29923
T5,Tempest Keep,19514,Al'ar,30448,Talon of Al'ar,Trinket,,Epic,2,https://www.wowhead.com/tbc/item=30448
T5,Tempest Keep,19514,Al'ar,32944,Talon of the Phoenix,Weapon,,Epic,2,https://www.wowhead.com/tbc/item=32944
T5,Tempest Keep,19514,Al'ar,30447,Tome of Fiery Redemption,Trinket,,Epic,2,https://www.wowhead.com/tbc/item=30447
T5,Tempest Keep,18805,High Astromancer Solarian,32267,Boots of the Resilient,Feet,Plate,Epic,2,https://www.wowhead.com/tbc/item=32267
T5,Tempest Keep,18805,High Astromancer Solarian,29981,Ethereum Life-Staff,Weapon,,Epic,2,https://www.wowhead.com/tbc/item=29981
T5,Tempest Keep,18805,High Astromancer Solarian,29965,Girdle of the Righteous Path,Waist,Plate,Epic,2,https://www.wowhead.com/tbc/item=29965
T5,Tempest Keep,18805,High Astromancer Solarian,29950,Greaves of the Bloodwarder,Legs,Plate,Epic,2,https://www.wowhead.com/tbc/item=29950
T5,Tempest Keep,18805,High Astromancer Solarian,29962,Heartrazor,Weapon,,Epic,2,https://www.wowhead.com/tbc/item=29962
T5,Tempest Keep,18805,High Astromancer Solarian,30446,Solarian's Sapphire,Trinket,,Epic,2,https://www.wowhead.com/tbc/item=30446
T5,Tempest Keep,18805,High Astromancer Solarian,29977,Star-Soul Breeches,Legs,Cloth,Epic,2,https://www.wowhead.com/tbc/item=29977
T5,Tempest Keep,18805,High Astromancer Solarian,29951,Star-Strider Boots,Feet,Mail,Epic,2,https://www.wowhead.com/tbc/item=29951
T5,Tempest Keep,18805,High Astromancer Solarian,29972,Trousers of the Astromancer,Legs,Cloth,Epic,2,https://www.wowhead.com/tbc/item=29972
T5,Tempest Keep,18805,High Astromancer Solarian,29966,Vambraces of Ending,Wrist,Leather,Epic,2,https://www.wowhead.com/tbc/item=29966
T5,Tempest Keep,18805,High Astromancer Solarian,30449,Void Star Talisman,Trinket,,Epic,2,https://www.wowhead.com/tbc/item=30449
T5,Tempest Keep,18805,High Astromancer Solarian,29982,Wand of the Forgotten Star,Ranged,,Epic,2,https://www.wowhead.com/tbc/item=29982
T5,Tempest Keep,18805,High Astromancer Solarian,29976,Worldstorm Gauntlets,Hands,Mail,Epic,2,https://www.wowhead.com/tbc/item=29976
T5,Tempest Keep,19622,Kael'thas Sunstrider,29997,Band of the Ranger-General,Finger,,Epic,2,https://www.wowhead.com/tbc/item=29997
T5,Tempest Keep,19622,Kael'thas Sunstrider,29990,Crown of the Sun,Head,Cloth,Epic,2,https://www.wowhead.com/tbc/item=29990
T5,Tempest Keep,19622,Kael'thas Sunstrider,29987,Gauntlets of the Sun King,Hands,Cloth,Epic,2,https://www.wowhead.com/tbc/item=29987
T5,Tempest Keep,19622,Kael'thas Sunstrider,29995,Leggings of Murderous Intent,Legs,Leather,Epic,2,https://www.wowhead.com/tbc/item=29995
T5,Tempest Keep,19622,Kael'thas Sunstrider,29996,Rod of the Sun King,Weapon,,Epic,2,https://www.wowhead.com/tbc/item=29996
T5,Tempest Keep,19622,Kael'thas Sunstrider,29992,Royal Cloak of the Sunstriders,Back,Cloth,Epic,2,https://www.wowhead.com/tbc/item=29992
T5,Tempest Keep,19622,Kael'thas Sunstrider,29998,Royal Gauntlets of Silvermoon,Hands,Plate,Epic,2,https://www.wowhead.com/tbc/item=29998
T5,Tempest Keep,19622,Kael'thas Sunstrider,29991,Sunhawk Leggings,Legs,Mail,Epic,2,https://www.wowhead.com/tbc/item=29991
T5,Tempest Keep,19622,Kael'thas Sunstrider,29989,Sunshower Light Cloak,Back,Cloth,Epic,2,https://www.wowhead.com/tbc/item=29989
T5,Tempest Keep,19622,Kael'thas Sunstrider,29994,Thalassian Wildercloak,Back,Cloth,Epic,2,https://www.wowhead.com/tbc/item=29994
T5,Tempest Keep,19622,Kael'thas Sunstrider,29988,The Nexus Key,Weapon,,Epic,2,https://www.wowhead.com/tbc/item=29988
T5,Tempest Keep,19622,Kael'thas Sunstrider,29993,Twinblade of the Phoenix,Weapon,,Epic,2,https://www.wowhead.com/tbc/item=29993
T5,Tempest Keep,,Trash / zone drop,30026,Bands of the Celestial Archer,Wrist,Mail,Epic,2,https://www.wowhead.com/tbc/item=30026
T5,Tempest Keep,,Trash / zone drop,30029,Bark-Gloves of Ancient Wisdom,Hands,Leather,Epic,2,https://www.wowhead.com/tbc/item=30029
T5,Tempest Keep,,Trash / zone drop,30317,Cosmic Infuser,Weapon,,Legendary,2,https://www.wowhead.com/tbc/item=30317
T5,Tempest Keep,,Trash / zone drop,30316,Devastation,Weapon,,Legendary,2,https://www.wowhead.com/tbc/item=30316
T5,Tempest Keep,,Trash / zone drop,30020,Fire-Cord of the Magus,Waist,Cloth,Epic,2,https://www.wowhead.com/tbc/item=30020
T5,Tempest Keep,,Trash / zone drop,30030,Girdle of Fallen Stars,Waist,Mail,Epic,2,https://www.wowhead.com/tbc/item=30030
T5,Tempest Keep,,Trash / zone drop,30312,Infinity Blade,Weapon,,Legendary,2,https://www.wowhead.com/tbc/item=30312
T5,Tempest Keep,,Trash / zone drop,30024,Mantle of the Elven Kings,Shoulder,Cloth,Epic,2,https://www.wowhead.com/tbc/item=30024
T5,Tempest Keep,,Trash / zone drop,30318,Netherstrand Longbow,Ranged,,Legendary,2,https://www.wowhead.com/tbc/item=30318
T5,Tempest Keep,,Trash / zone drop,30314,Phaseshift Bulwark,Weapon,,Legendary,2,https://www.wowhead.com/tbc/item=30314
T5,Tempest Keep,,Trash / zone drop,30028,Seventh Ring of the Tirisfalen,Finger,,Epic,2,https://www.wowhead.com/tbc/item=30028
T5,Tempest Keep,,Trash / zone drop,30313,Staff of Disintegration,Weapon,,Legendary,2,https://www.wowhead.com/tbc/item=30313
T5,Tempest Keep,,Trash / zone drop,30311,Warp Slicer,Weapon,,Legendary,2,https://www.wowhead.com/tbc/item=30311
T5,Tempest Keep,19516,Void Reaver,29986,Cowl of the Grand Engineer,Head,Cloth,Epic,2,https://www.wowhead.com/tbc/item=29986
T5,Tempest Keep,19516,Void Reaver,30619,Fel Reaver's Piston,Trinket,,Epic,2,https://www.wowhead.com/tbc/item=30619
T5,Tempest Keep,19516,Void Reaver,29983,Fel-Steel Warhelm,Head,Plate,Epic,2,https://www.wowhead.com/tbc/item=29983
T5,Tempest Keep,19516,Void Reaver,29984,Girdle of Zaetar,Waist,Leather,Epic,2,https://www.wowhead.com/tbc/item=29984
T5,Tempest Keep,19516,Void Reaver,29985,Void Reaver Greaves,Legs,Mail,Epic,2,https://www.wowhead.com/tbc/item=29985
T5,Tempest Keep,19516,Void Reaver,30450,Warp-Spring Coil,Trinket,,Epic,2,https://www.wowhead.com/tbc/item=30450
T5,Tempest Keep,19516,Void Reaver,32515,Wristguards of Determination,Wrist,Plate,Epic,2,https://www.wowhead.com/tbc/item=32515
T6,Black Temple,22948,Gurtogg Bloodboil,32339,Belt of Primal Majesty,Waist,Leather,Epic,3,https://www.wowhead.com/tbc/item=32339
T6,Black Temple,22948,Gurtogg Bloodboil,32338,Blood-cursed Shoulderpads,Shoulder,Cloth,Epic,3,https://www.wowhead.com/tbc/item=32338
T6,Black Temple,22948,Gurtogg Bloodboil,32340,Garments of Temperance,Chest,Cloth,Epic,3,https://www.wowhead.com/tbc/item=32340
T6,Black Temple,22948,Gurtogg Bloodboil,32342,Girdle of Mighty Resolve,Waist,Plate,Epic,3,https://www.wowhead.com/tbc/item=32342
T6,Black Temple,22948,Gurtogg Bloodboil,32333,Girdle of Stability,Waist,Plate,Epic,3,https://www.wowhead.com/tbc/item=32333
T6,Black Temple,22948,Gurtogg Bloodboil,32341,Leggings of Divine Retribution,Legs,Plate,Epic,3,https://www.wowhead.com/tbc/item=32341
T6,Black Temple,22948,Gurtogg Bloodboil,32269,Messenger of Fate,Weapon,,Epic,3,https://www.wowhead.com/tbc/item=32269
T6,Black Temple,22948,Gurtogg Bloodboil,32501,Shadowmoon Insignia,Trinket,,Epic,3,https://www.wowhead.com/tbc/item=32501
T6,Black Temple,22948,Gurtogg Bloodboil,32337,Shroud of Forgiveness,Back,Cloth,Epic,3,https://www.wowhead.com/tbc/item=32337
T6,Black Temple,22948,Gurtogg Bloodboil,32344,Staff of Immaculate Recovery,Weapon,,Epic,3,https://www.wowhead.com/tbc/item=32344
T6,Black Temple,22948,Gurtogg Bloodboil,32335,Unstoppable Aggressor's Ring,Finger,,Epic,3,https://www.wowhead.com/tbc/item=32335
T6,Black Temple,22948,Gurtogg Bloodboil,32334,Vest of Mounting Assault,Chest,Mail,Epic,3,https://www.wowhead.com/tbc/item=32334
T6,Black Temple,22948,Gurtogg Bloodboil,32343,Wand of Prismatic Focus,Ranged,,Epic,3,https://www.wowhead.com/tbc/item=32343
T6,Black Temple,22887,High Warlord Naj'entus,32242,Boots of Oceanic Fury,Feet,Mail,Epic,3,https://www.wowhead.com/tbc/item=32242
T6,Black Temple,22887,High Warlord Naj'entus,32232,Eternium Shell Bracers,Wrist,Plate,Epic,3,https://www.wowhead.com/tbc/item=32232
T6,Black Temple,22887,High Warlord Naj'entus,32234,Fists of Mukoa,Hands,Mail,Epic,3,https://www.wowhead.com/tbc/item=32234
T6,Black Temple,22887,High Warlord Naj'entus,32240,Guise of the Tidal Lurker,Head,Leather,Epic,3,https://www.wowhead.com/tbc/item=32240
T6,Black Temple,22887,High Warlord Naj'entus,32248,Halberd of Desolation,Weapon,,Epic,3,https://www.wowhead.com/tbc/item=32248
T6,Black Temple,22887,High Warlord Naj'entus,32241,Helm of Soothing Currents,Head,Mail,Epic,3,https://www.wowhead.com/tbc/item=32241
T6,Black Temple,22887,High Warlord Naj'entus,32377,Mantle of Darkness,Shoulder,Leather,Epic,3,https://www.wowhead.com/tbc/item=32377
T6,Black Temple,22887,High Warlord Naj'entus,32243,Pearl Inlaid Boots,Feet,Plate,Epic,3,https://www.wowhead.com/tbc/item=32243
T6,Black Temple,22887,High Warlord Naj'entus,32238,Ring of Calming Waves,Finger,,Epic,3,https://www.wowhead.com/tbc/item=32238
T6,Black Temple,22887,High Warlord Naj'entus,32247,Ring of Captured Storms,Finger,,Epic,3,https://www.wowhead.com/tbc/item=32247
T6,Black Temple,22887,High Warlord Naj'entus,32236,Rising Tide,Weapon,,Epic,3,https://www.wowhead.com/tbc/item=32236
T6,Black Temple,22887,High Warlord Naj'entus,32239,Slippers of the Seacaller,Feet,Cloth,Epic,3,https://www.wowhead.com/tbc/item=32239
T6,Black Temple,22887,High Warlord Naj'entus,32237,The Maelstrom's Fury,Weapon,,Epic,3,https://www.wowhead.com/tbc/item=32237
T6,Black Temple,22887,High Warlord Naj'entus,32245,Tide-stomper's Greaves,Feet,Plate,Epic,3,https://www.wowhead.com/tbc/item=32245
T6,Black Temple,22917,Illidan Stormrage,32336,Black Bow of the Betrayer,Ranged,,Epic,3,https://www.wowhead.com/tbc/item=32336
T6,Black Temple,22917,Illidan Stormrage,32375,Bulwark of Azzinoth,Weapon,,Epic,3,https://www.wowhead.com/tbc/item=32375
T6,Black Temple,22917,Illidan Stormrage,32525,Cowl of the Illidari High Lord,Head,Cloth,Epic,3,https://www.wowhead.com/tbc/item=32525
T6,Black Temple,22917,Illidan Stormrage,32500,Crystal Spire of Karabor,Weapon,,Epic,3,https://www.wowhead.com/tbc/item=32500
T6,Black Temple,22917,Illidan Stormrage,32235,Cursed Vision of Sargeras,Head,Leather,Epic,3,https://www.wowhead.com/tbc/item=32235
T6,Black Temple,22917,Illidan Stormrage,32521,Faceplate of the Impenetrable,Head,Plate,Epic,3,https://www.wowhead.com/tbc/item=32521
T6,Black Temple,22917,Illidan Stormrage,32496,Memento of Tyrande,Trinket,,Epic,3,https://www.wowhead.com/tbc/item=32496
T6,Black Temple,22917,Illidan Stormrage,32471,Shard of Azzinoth,Weapon,,Epic,3,https://www.wowhead.com/tbc/item=32471
T6,Black Temple,22917,Illidan Stormrage,32524,Shroud of the Highborne,Back,Cloth,Epic,3,https://www.wowhead.com/tbc/item=32524
T6,Black Temple,22917,Illidan Stormrage,32497,Stormrage Signet Ring,Finger,,Epic,3,https://www.wowhead.com/tbc/item=32497
T6,Black Temple,22917,Illidan Stormrage,32483,The Skull of Gul'dan,Trinket,,Epic,3,https://www.wowhead.com/tbc/item=32483
T6,Black Temple,22917,Illidan Stormrage,32837,Warglaive of Azzinoth,Weapon,,Legendary,3,https://www.wowhead.com/tbc/item=32837
T6,Black Temple,22917,Illidan Stormrage,32838,Warglaive of Azzinoth,Weapon,,Legendary,3,https://www.wowhead.com/tbc/item=32838
T6,Black Temple,22917,Illidan Stormrage,32374,"Zhar'doom, Greatstaff of the Devourer",Weapon,,Epic,3,https://www.wowhead.com/tbc/item=32374
T6,Black Temple,22947,Mother Shahraz,32369,Blade of Savagery,Weapon,,Epic,3,https://www.wowhead.com/tbc/item=32369
T6,Black Temple,22947,Mother Shahraz,32365,Heartshatter Breastplate,Chest,Plate,Epic,3,https://www.wowhead.com/tbc/item=32365
T6,Black Temple,22947,Mother Shahraz,32367,Leggings of Devastation,Legs,Cloth,Epic,3,https://www.wowhead.com/tbc/item=32367
T6,Black Temple,22947,Mother Shahraz,32370,Nadina's Pendant of Purity,Neck,,Epic,3,https://www.wowhead.com/tbc/item=32370
T6,Black Temple,22947,Mother Shahraz,32366,Shadowmaster's Boots,Feet,Leather,Epic,3,https://www.wowhead.com/tbc/item=32366
T6,Black Temple,22947,Mother Shahraz,32368,Tome of the Lightbringer,Ranged,,Epic,3,https://www.wowhead.com/tbc/item=32368
T6,Black Temple,22856,Reliquary of Souls,32346,Boneweave Girdle,Waist,Mail,Epic,3,https://www.wowhead.com/tbc/item=32346
T6,Black Temple,22856,Reliquary of Souls,32354,Crown of Empowered Fate,Head,Plate,Epic,3,https://www.wowhead.com/tbc/item=32354
T6,Black Temple,22856,Reliquary of Souls,32345,Dreadboots of the Legion,Feet,Plate,Epic,3,https://www.wowhead.com/tbc/item=32345
T6,Black Temple,22856,Reliquary of Souls,32351,Elunite Empowered Bracers,Wrist,Leather,Epic,3,https://www.wowhead.com/tbc/item=32351
T6,Black Temple,22856,Reliquary of Souls,32353,Gloves of Unfailing Faith,Hands,Cloth,Epic,3,https://www.wowhead.com/tbc/item=32353
T6,Black Temple,22856,Reliquary of Souls,32347,Grips of Damnation,Hands,Leather,Epic,3,https://www.wowhead.com/tbc/item=32347
T6,Black Temple,22856,Reliquary of Souls,32363,Naaru-Blessed Life Rod,Ranged,,Epic,3,https://www.wowhead.com/tbc/item=32363
T6,Black Temple,22856,Reliquary of Souls,32352,Naturewarden's Treads,Feet,Leather,Epic,3,https://www.wowhead.com/tbc/item=32352
T6,Black Temple,22856,Reliquary of Souls,32362,Pendant of Titans,Neck,,Epic,3,https://www.wowhead.com/tbc/item=32362
T6,Black Temple,22856,Reliquary of Souls,32517,The Wavemender's Mantle,Shoulder,Mail,Epic,3,https://www.wowhead.com/tbc/item=32517
T6,Black Temple,22856,Reliquary of Souls,32332,Torch of the Damned,Weapon,,Epic,3,https://www.wowhead.com/tbc/item=32332
T6,Black Temple,22856,Reliquary of Souls,32350,Touch of Inspiration,Weapon,,Epic,3,https://www.wowhead.com/tbc/item=32350
T6,Black Temple,22856,Reliquary of Souls,32349,Translucent Spellthread Necklace,Neck,,Epic,3,https://www.wowhead.com/tbc/item=32349
T6,Black Temple,22841,Shade of Akama,32273,Amice of Brilliant Light,Shoulder,Cloth,Epic,3,https://www.wowhead.com/tbc/item=32273
T6,Black Temple,22841,Shade of Akama,32361,Blind-Seers Icon,Weapon,,Epic,3,https://www.wowhead.com/tbc/item=32361
T6,Black Temple,22841,Shade of Akama,32276,Flashfire Girdle,Waist,Mail,Epic,3,https://www.wowhead.com/tbc/item=32276
T6,Black Temple,22841,Shade of Akama,32270,Focused Mana Bindings,Wrist,Cloth,Epic,3,https://www.wowhead.com/tbc/item=32270
T6,Black Temple,22841,Shade of Akama,32278,Grips of Silent Justice,Hands,Plate,Epic,3,https://www.wowhead.com/tbc/item=32278
T6,Black Temple,22841,Shade of Akama,32271,Kilt of Immortal Nature,Legs,Leather,Epic,3,https://www.wowhead.com/tbc/item=32271
T6,Black Temple,22841,Shade of Akama,32268,Myrmidon's Treads,Feet,Plate,Epic,3,https://www.wowhead.com/tbc/item=32268
T6,Black Temple,22841,Shade of Akama,32263,Praetorian's Legguards,Legs,Plate,Epic,3,https://www.wowhead.com/tbc/item=32263
T6,Black Temple,22841,Shade of Akama,32266,Ring of Deceitful Intent,Finger,,Epic,3,https://www.wowhead.com/tbc/item=32266
T6,Black Temple,22841,Shade of Akama,32265,Shadow-walker's Cord,Waist,Leather,Epic,3,https://www.wowhead.com/tbc/item=32265
T6,Black Temple,22841,Shade of Akama,32264,Shoulders of the Hidden Predator,Shoulder,Mail,Epic,3,https://www.wowhead.com/tbc/item=32264
T6,Black Temple,22841,Shade of Akama,32275,Spiritwalker Gauntlets,Hands,Mail,Epic,3,https://www.wowhead.com/tbc/item=32275
T6,Black Temple,22841,Shade of Akama,32279,The Seeker's Wristguards,Wrist,Plate,Epic,3,https://www.wowhead.com/tbc/item=32279
T6,Black Temple,22841,Shade of Akama,32513,Wristbands of Divine Influence,Wrist,Cloth,Epic,3,https://www.wowhead.com/tbc/item=32513
T6,Black Temple,22898,Supremus,32261,Band of the Abyssal Lord,Finger,,Epic,3,https://www.wowhead.com/tbc/item=32261
T6,Black Temple,22898,Supremus,32259,Bands of the Coming Storm,Wrist,Mail,Epic,3,https://www.wowhead.com/tbc/item=32259
T6,Black Temple,22898,Supremus,32260,Choker of Endless Nightmares,Neck,,Epic,3,https://www.wowhead.com/tbc/item=32260
T6,Black Temple,22898,Supremus,32255,Felstone Bulwark,Weapon,,Epic,3,https://www.wowhead.com/tbc/item=32255
T6,Black Temple,22898,Supremus,32257,Idol of the White Stag,Ranged,,Epic,3,https://www.wowhead.com/tbc/item=32257
T6,Black Temple,22898,Supremus,32253,Legionkiller,Ranged,,Epic,3,https://www.wowhead.com/tbc/item=32253
T6,Black Temple,22898,Supremus,32258,Naturalist's Preserving Cinch,Waist,Mail,Epic,3,https://www.wowhead.com/tbc/item=32258
T6,Black Temple,22898,Supremus,32252,Nether Shadow Tunic,Chest,Leather,Epic,3,https://www.wowhead.com/tbc/item=32252
T6,Black Temple,22898,Supremus,32250,Pauldrons of Abyssal Fury,Shoulder,Plate,Epic,3,https://www.wowhead.com/tbc/item=32250
T6,Black Temple,22898,Supremus,32262,Syphon of the Nathrezim,Weapon,,Epic,3,https://www.wowhead.com/tbc/item=32262
T6,Black Temple,22898,Supremus,32254,The Brutalizer,Weapon,,Epic,3,https://www.wowhead.com/tbc/item=32254
T6,Black Temple,22898,Supremus,32256,Waistwrap of Infinity,Waist,Cloth,Epic,3,https://www.wowhead.com/tbc/item=32256
T6,Black Temple,22898,Supremus,32251,Wraps of Precise Flight,Wrist,Mail,Epic,3,https://www.wowhead.com/tbc/item=32251
T6,Black Temple,22871,Teron Gorefiend,32328,Botanist's Gloves of Growth,Hands,Leather,Epic,3,https://www.wowhead.com/tbc/item=32328
T6,Black Temple,22871,Teron Gorefiend,32329,Cowl of Benevolence,Head,Cloth,Epic,3,https://www.wowhead.com/tbc/item=32329
T6,Black Temple,22871,Teron Gorefiend,32280,Gauntlets of Enforcement,Hands,Plate,Epic,3,https://www.wowhead.com/tbc/item=32280
T6,Black Temple,22871,Teron Gorefiend,32512,Girdle of Lordaeron's Fallen,Waist,Plate,Epic,3,https://www.wowhead.com/tbc/item=32512
T6,Black Temple,22871,Teron Gorefiend,32324,Insidious Bands,Wrist,Leather,Epic,3,https://www.wowhead.com/tbc/item=32324
T6,Black Temple,22871,Teron Gorefiend,32325,Rifle of the Stoic Guardian,Ranged,,Epic,3,https://www.wowhead.com/tbc/item=32325
T6,Black Temple,22871,Teron Gorefiend,32327,Robe of the Shadow Council,Chest,Cloth,Epic,3,https://www.wowhead.com/tbc/item=32327
T6,Black Temple,22871,Teron Gorefiend,32323,Shadowmoon Destroyer's Drape,Back,Cloth,Epic,3,https://www.wowhead.com/tbc/item=32323
T6,Black Temple,22871,Teron Gorefiend,32510,Softstep Boots of Tracking,Feet,Mail,Epic,3,https://www.wowhead.com/tbc/item=32510
T6,Black Temple,22871,Teron Gorefiend,32348,Soul Cleaver,Weapon,,Epic,3,https://www.wowhead.com/tbc/item=32348
T6,Black Temple,22871,Teron Gorefiend,32330,Totem of Ancestral Guidance,Ranged,,Epic,3,https://www.wowhead.com/tbc/item=32330
T6,Black Temple,22871,Teron Gorefiend,32326,Twisted Blades of Zarak,Ranged,,Epic,3,https://www.wowhead.com/tbc/item=32326
T6,Black Temple,23426,The Illidari Council,32519,Belt of Divine Guidance,Waist,Cloth,Epic,3,https://www.wowhead.com/tbc/item=32519
T6,Black Temple,23426,The Illidari Council,32331,Cloak of the Illidari Council,Back,Cloth,Epic,3,https://www.wowhead.com/tbc/item=32331
T6,Black Temple,23426,The Illidari Council,32376,Forest Prowler's Helm,Head,Mail,Epic,3,https://www.wowhead.com/tbc/item=32376
T6,Black Temple,23426,The Illidari Council,32373,Helm of the Illidari Shatterer,Head,Plate,Epic,3,https://www.wowhead.com/tbc/item=32373
T6,Black Temple,23426,The Illidari Council,32505,Madness of the Betrayer,Trinket,,Epic,3,https://www.wowhead.com/tbc/item=32505
T6,Black Temple,23426,The Illidari Council,32518,Veil of Turning Leaves,Shoulder,Leather,Epic,3,https://www.wowhead.com/tbc/item=32518
T6,Black Temple,,Trash / zone drop,32526,Band of Devastation,Finger,,Epic,3,https://www.wowhead.com/tbc/item=32526
T6,Black Temple,,Trash / zone drop,32528,Blessed Band of Karabor,Finger,,Epic,3,https://www.wowhead.com/tbc/item=32528
T6,Black Temple,,Trash / zone drop,32609,Boots of the Divine Light,Feet,Cloth,Epic,3,https://www.wowhead.com/tbc/item=32609
T6,Black Temple,,Trash / zone drop,32592,Chestguard of Relentless Storms,Chest,Mail,Epic,3,https://www.wowhead.com/tbc/item=32592
T6,Black Temple,,Trash / zone drop,32591,Choker of Serrated Blades,Neck,,Epic,3,https://www.wowhead.com/tbc/item=32591
T6,Black Temple,,Trash / zone drop,32606,Girdle of the Lightbearer,Waist,Plate,Epic,3,https://www.wowhead.com/tbc/item=32606
T6,Black Temple,,Trash / zone drop,34009,Hammer of Judgement,Weapon,,Epic,3,https://www.wowhead.com/tbc/item=34009
T6,Black Temple,,Trash / zone drop,32589,Hellfire-Encased Pendant,Neck,,Epic,3,https://www.wowhead.com/tbc/item=32589
T6,Black Temple,,Trash / zone drop,34011,Illidari Runeshield,Weapon,,Epic,3,https://www.wowhead.com/tbc/item=34011
T6,Black Temple,,Trash / zone drop,32590,Nethervoid Cloak,Back,Cloth,Epic,3,https://www.wowhead.com/tbc/item=32590
T6,Black Temple,,Trash / zone drop,32608,Pillager's Gauntlets,Hands,Plate,Epic,3,https://www.wowhead.com/tbc/item=32608
T6,Black Temple,,Trash / zone drop,32527,Ring of Ancient Knowledge,Finger,,Epic,3,https://www.wowhead.com/tbc/item=32527
T6,Black Temple,,Trash / zone drop,34012,Shroud of the Final Stand,Back,Cloth,Epic,3,https://www.wowhead.com/tbc/item=34012
T6,Black Temple,,Trash / zone drop,32943,Swiftsteel Bludgeon,Weapon,,Epic,3,https://www.wowhead.com/tbc/item=32943
T6,Black Temple,,Trash / zone drop,32593,Treads of the Den Mother,Feet,Leather,Epic,3,https://www.wowhead.com/tbc/item=32593
T6,Mount Hyjal,17808,Anetheron,30888,Anetheron's Noose,Waist,Cloth,Epic,3,https://www.wowhead.com/tbc/item=30888
T6,Mount Hyjal,17808,Anetheron,30885,Archbishop's Slippers,Feet,Cloth,Epic,3,https://www.wowhead.com/tbc/item=30885
T6,Mount Hyjal,17808,Anetheron,30882,Bastion of Light,Weapon,,Epic,3,https://www.wowhead.com/tbc/item=30882
T6,Mount Hyjal,17808,Anetheron,30881,Blade of Infamy,Weapon,,Epic,3,https://www.wowhead.com/tbc/item=30881
T6,Mount Hyjal,17808,Anetheron,30879,Don Alejandro's Money Belt,Waist,Leather,Epic,3,https://www.wowhead.com/tbc/item=30879
T6,Mount Hyjal,17808,Anetheron,30886,Enchanted Leather Sandals,Feet,Leather,Epic,3,https://www.wowhead.com/tbc/item=30886
T6,Mount Hyjal,17808,Anetheron,30878,Glimmering Steel Mantle,Shoulder,Plate,Epic,3,https://www.wowhead.com/tbc/item=30878
T6,Mount Hyjal,17808,Anetheron,30887,Golden Links of Restoration,Chest,Mail,Epic,3,https://www.wowhead.com/tbc/item=30887
T6,Mount Hyjal,17808,Anetheron,30884,Hatefury Mantle,Shoulder,Cloth,Epic,3,https://www.wowhead.com/tbc/item=30884
T6,Mount Hyjal,17808,Anetheron,30883,Pillar of Ferocity,Weapon,,Epic,3,https://www.wowhead.com/tbc/item=30883
T6,Mount Hyjal,17808,Anetheron,30880,Quickstrider Moccasins,Feet,Mail,Epic,3,https://www.wowhead.com/tbc/item=30880
T6,Mount Hyjal,17808,Anetheron,30874,The Unbreakable Will,Weapon,,Epic,3,https://www.wowhead.com/tbc/item=30874
T6,Mount Hyjal,17968,Archimonde,30909,Antonidas's Aegis of Rapt Concentration,Weapon,,Epic,3,https://www.wowhead.com/tbc/item=30909
T6,Mount Hyjal,17968,Archimonde,30908,Apostle of Argus,Weapon,,Epic,3,https://www.wowhead.com/tbc/item=30908
T6,Mount Hyjal,17968,Archimonde,30906,Bristleblitz Striker,Ranged,,Epic,3,https://www.wowhead.com/tbc/item=30906
T6,Mount Hyjal,17968,Archimonde,30902,Cataclysm's Edge,Weapon,,Epic,3,https://www.wowhead.com/tbc/item=30902
T6,Mount Hyjal,17968,Archimonde,30912,Leggings of Eternity,Legs,Cloth,Epic,3,https://www.wowhead.com/tbc/item=30912
T6,Mount Hyjal,17968,Archimonde,30903,Legguards of Endless Rage,Legs,Plate,Epic,3,https://www.wowhead.com/tbc/item=30903
T6,Mount Hyjal,17968,Archimonde,30907,Mail of Fevered Pursuit,Chest,Mail,Epic,3,https://www.wowhead.com/tbc/item=30907
T6,Mount Hyjal,17968,Archimonde,30905,Midnight Chestguard,Chest,Leather,Epic,3,https://www.wowhead.com/tbc/item=30905
T6,Mount Hyjal,17968,Archimonde,30913,Robes of Rhonin,Chest,Cloth,Epic,3,https://www.wowhead.com/tbc/item=30913
T6,Mount Hyjal,17968,Archimonde,30904,Savior's Grasp,Chest,Plate,Epic,3,https://www.wowhead.com/tbc/item=30904
T6,Mount Hyjal,17968,Archimonde,30911,Scepter of Purification,Weapon,,Epic,3,https://www.wowhead.com/tbc/item=30911
T6,Mount Hyjal,17968,Archimonde,30910,Tempest of Chaos,Weapon,,Epic,3,https://www.wowhead.com/tbc/item=30910
T6,Mount Hyjal,17842,Azgalor,30901,Boundless Agony,Weapon,,Epic,3,https://www.wowhead.com/tbc/item=30901
T6,Mount Hyjal,17842,Azgalor,30900,Bow-stitched Leggings,Legs,Mail,Epic,3,https://www.wowhead.com/tbc/item=30900
T6,Mount Hyjal,17842,Azgalor,30899,Don Rodrigo's Poncho,Chest,Leather,Epic,3,https://www.wowhead.com/tbc/item=30899
T6,Mount Hyjal,17842,Azgalor,30897,Girdle of Hope,Waist,Plate,Epic,3,https://www.wowhead.com/tbc/item=30897
T6,Mount Hyjal,17842,Azgalor,30896,Glory of the Defender,Chest,Plate,Epic,3,https://www.wowhead.com/tbc/item=30896
T6,Mount Hyjal,17842,Azgalor,30898,Shady Dealer's Pantaloons,Legs,Leather,Epic,3,https://www.wowhead.com/tbc/item=30898
T6,Mount Hyjal,17888,Kaz'rogal,30895,Angelista's Sash,Waist,Cloth,Epic,3,https://www.wowhead.com/tbc/item=30895
T6,Mount Hyjal,17888,Kaz'rogal,30892,Beast-tamer's Shoulders,Shoulder,Mail,Epic,3,https://www.wowhead.com/tbc/item=30892
T6,Mount Hyjal,17888,Kaz'rogal,30915,Belt of Seething Fury,Waist,Plate,Epic,3,https://www.wowhead.com/tbc/item=30915
T6,Mount Hyjal,17888,Kaz'rogal,30914,Belt of the Crescent Moon,Waist,Leather,Epic,3,https://www.wowhead.com/tbc/item=30914
T6,Mount Hyjal,17888,Kaz'rogal,30891,Black Featherlight Boots,Feet,Leather,Epic,3,https://www.wowhead.com/tbc/item=30891
T6,Mount Hyjal,17888,Kaz'rogal,30894,Blue Suede Shoes,Feet,Cloth,Epic,3,https://www.wowhead.com/tbc/item=30894
T6,Mount Hyjal,17888,Kaz'rogal,30918,Hammer of Atonement,Weapon,,Epic,3,https://www.wowhead.com/tbc/item=30918
T6,Mount Hyjal,17888,Kaz'rogal,30889,Kaz'rogal's Hardened Heart,Weapon,,Epic,3,https://www.wowhead.com/tbc/item=30889
T6,Mount Hyjal,17888,Kaz'rogal,30916,Leggings of Channeled Elements,Legs,Cloth,Epic,3,https://www.wowhead.com/tbc/item=30916
T6,Mount Hyjal,17888,Kaz'rogal,30917,Razorfury Mantle,Shoulder,Leather,Epic,3,https://www.wowhead.com/tbc/item=30917
T6,Mount Hyjal,17888,Kaz'rogal,30893,Sun-touched Chain Leggings,Legs,Mail,Epic,3,https://www.wowhead.com/tbc/item=30893
T6,Mount Hyjal,17888,Kaz'rogal,30919,Valestalker Girdle,Waist,Mail,Epic,3,https://www.wowhead.com/tbc/item=30919
T6,Mount Hyjal,17767,Rage Winterchill,30862,Blessed Adamantite Bracers,Wrist,Plate,Epic,3,https://www.wowhead.com/tbc/item=30862
T6,Mount Hyjal,17767,Rage Winterchill,30866,Blood-stained Pauldrons,Shoulder,Plate,Epic,3,https://www.wowhead.com/tbc/item=30866
T6,Mount Hyjal,17767,Rage Winterchill,30871,Bracers of Martyrdom,Wrist,Cloth,Epic,3,https://www.wowhead.com/tbc/item=30871
T6,Mount Hyjal,17767,Rage Winterchill,30864,Bracers of the Pathfinder,Wrist,Mail,Epic,3,https://www.wowhead.com/tbc/item=30864
T6,Mount Hyjal,17767,Rage Winterchill,30872,Chronicle of Dark Secrets,Weapon,,Epic,3,https://www.wowhead.com/tbc/item=30872
T6,Mount Hyjal,17767,Rage Winterchill,30870,Cuffs of Devastation,Wrist,Cloth,Epic,3,https://www.wowhead.com/tbc/item=30870
T6,Mount Hyjal,17767,Rage Winterchill,30863,Deadly Cuffs,Wrist,Leather,Epic,3,https://www.wowhead.com/tbc/item=30863
T6,Mount Hyjal,17767,Rage Winterchill,30861,Furious Shackles,Wrist,Plate,Epic,3,https://www.wowhead.com/tbc/item=30861
T6,Mount Hyjal,17767,Rage Winterchill,30869,Howling Wind Bracers,Wrist,Mail,Epic,3,https://www.wowhead.com/tbc/item=30869
T6,Mount Hyjal,17767,Rage Winterchill,30868,Rejuvenating Bracers,Wrist,Leather,Epic,3,https://www.wowhead.com/tbc/item=30868
T6,Mount Hyjal,17767,Rage Winterchill,30873,Stillwater Boots,Feet,Mail,Epic,3,https://www.wowhead.com/tbc/item=30873
T6,Mount Hyjal,17767,Rage Winterchill,30865,Tracker's Blade,Weapon,,Epic,3,https://www.wowhead.com/tbc/item=30865
T6,Mount Hyjal,,Trash / zone drop,32609,Boots of the Divine Light,Feet,Cloth,Epic,3,https://www.wowhead.com/tbc/item=32609
T6,Mount Hyjal,,Trash / zone drop,32592,Chestguard of Relentless Storms,Chest,Mail,Epic,3,https://www.wowhead.com/tbc/item=32592
T6,Mount Hyjal,,Trash / zone drop,32591,Choker of Serrated Blades,Neck,,Epic,3,https://www.wowhead.com/tbc/item=32591
T6,Mount Hyjal,,Trash / zone drop,32946,Claw of Molten Fury,Weapon,,Epic,3,https://www.wowhead.com/tbc/item=32946
T6,Mount Hyjal,,Trash / zone drop,32945,Fist of Molten Fury,Weapon,,Epic,3,https://www.wowhead.com/tbc/item=32945
T6,Mount Hyjal,,Trash / zone drop,34009,Hammer of Judgement,Weapon,,Epic,3,https://www.wowhead.com/tbc/item=34009
T6,Mount Hyjal,,Trash / zone drop,32589,Hellfire-Encased Pendant,Neck,,Epic,3,https://www.wowhead.com/tbc/item=32589
T6,Mount Hyjal,,Trash / zone drop,32590,Nethervoid Cloak,Back,Cloth,Epic,3,https://www.wowhead.com/tbc/item=32590
T6,Mount Hyjal,,Trash / zone drop,34010,Pepe's Shroud of Pacification,Back,Cloth,Epic,3,https://www.wowhead.com/tbc/item=34010
